SALE TYPE,SOLD DATE,PROPERTY TYPE,ADDRESS,CITY,STATE OR PROVINCE,ZIP OR POSTAL CODE,PRICE,BEDS,BATHS,LOCATION,SQUARE FEET,LOT SIZE,YEAR BUILT,DAYS ON MARKET,$/SQUARE FEET,HOA/MONTH,STATUS,NEXT OPEN HOUSE START TIME,NEXT OPEN HOUSE END TIME,URL (SEE https://www.redfin.com/buy-a-home/comparative-market-analysis FOR INFO ON PRICING),SOURCE,MLS#,FAVORITE,INTERESTED,LATITUDE,LONGITUDE
PAST SALE,October-24-2023,Townhouse,1510 Sheffield Rd,Baltimore,MD,21218,279000,4,2.5,Ward 27,1840,,1942,,152,1,Sold,,,https://www.redfin.com/MD/Baltimore/1510-Sheffield-Rd-21218/home/11146253,BRIGHT MLS,MDBA2099432,N,Y,39.3421705,-76.5917047
PAST SALE,,Townhouse,303 W Madison St,Baltimore,MD,21201,369000,,3,,2496,1159,1900,,148,,,,,https://www.redfin.com/MD/Baltimore/303-W-Madison-St-21201/home/25796674,,,N,Y,39.298238,-76.6204446
PAST SALE,October-16-2023,Townhouse,1023 S Bouldin St,Baltimore,MD,21224,385000,2,2.5,Ward 26,1754,,1920,,219,,Sold,,,https://www.redfin.com/MD/Baltimore/1023-S-Bouldin-St-21224/home/11070438,BRIGHT MLS,MDBA2098530,N,Y,39.2808517,-76.5701336
PAST SALE,September-25-2023,Townhouse,1829 N Wolfe St,Baltimore,MD,21213,235000,4,3.5,Ward 8,,1800,1913,,,,Sold,,,https://www.redfin.com/MD/Baltimore/1829-N-Wolfe-St-21213/home/10781711,BRIGHT MLS,MDBA2095682,N,Y,39.3117157,-76.5914801
PAST SALE,October-16-2023,Townhouse,2814 Pelham Ave,Baltimore,MD,21213,132000,2,1.5,Ward 27,1543,1742,1927,,86,,Sold,,,https://www.redfin.com/MD/Baltimore/2814-Pelham-Ave-21213/home/180311452,BRIGHT MLS,MDBA2097690,N,Y,39.3255665,-76.5717434
PAST SALE,September-26-2023,Townhouse,1204 W Cross St W,Baltimore,MD,21230,142900,2,1,Ward 21,912,,1900,,157,,Sold,,,https://www.redfin.com/MD/Baltimore/1204-W-Cross-St-21230/home/11001471,BRIGHT MLS,MDBA2094638,N,Y,39.2821801,-76.6312461
PAST SALE,September-27-2023,Townhouse,3669 Ash St,Baltimore,MD,21211,363000,3,2.5,Ward 13,1853,3013,1880,,196,,Sold,,,https://www.redfin.com/MD/Baltimore/3669-Ash-St-21211/home/10860145,BRIGHT MLS,MDBA2094030,N,Y,39.3313963,-76.6403726
PAST SALE,October-13-2023,Single Family Residential,304 Willow Ave,Baltimore,MD,21206,327218,3,3,WILLOWDALE,2150,4897,1940,,152,,Sold,,,https://www.redfin.com/MD/Baltimore/304-Willow-Ave-21206/home/9401610,BRIGHT MLS,MDBC2077278,N,Y,39.3548007,-76.5223359
PAST SALE,October-23-2023,Townhouse,2769 Baker St,Baltimore,MD,21216,127000,2,1.5,Ward 16,1274,,1940,,100,,Sold,,,https://www.redfin.com/MD/Baltimore/2769-Baker-St-21216/home/10945850,BRIGHT MLS,MDBA2098404,N,Y,39.3058519,-76.6634619
PAST SALE,,Townhouse,915 Chestnut Hill Ave,Baltimore,MD,21218,260000,,2,,1760,1700,1939,,148,,,,,https://www.redfin.com/MD/Baltimore/915-Chestnut-Hill-Ave-21218/home/10824297,,,N,Y,39.3338275,-76.6037006
PAST SALE,October-13-2023,Townhouse,214 Denison St,Baltimore,MD,21229,195000,3,1.5,Ward 20,1568,,1951,,124,,Sold,,,https://www.redfin.com/MD/Baltimore/214-Denison-St-21229/home/10988982,BRIGHT MLS,MDBA2093702,N,Y,39.2903371,-76.6751767
PAST SALE,September-29-2023,Single Family Residential,2822 Christopher Ave,Baltimore,MD,21214,350000,5,3.5,Ward 27,2123,6124,1924,,165,,Sold,,,https://www.redfin.com/MD/Baltimore/2822-Christopher-Ave-21214/home/11143378,BRIGHT MLS,MDBA2091370,N,Y,39.3601118,-76.5594572
PAST SALE,October-11-2023,Townhouse,700 N Augusta Ave,Baltimore,MD,21229,250000,4,2,Ward 16,1400,,1939,,179,,Sold,,,https://www.redfin.com/MD/Baltimore/700-N-Augusta-Ave-21229/home/10929426,BRIGHT MLS,MDBA2092532,N,Y,39.2956228,-76.6853275
PAST SALE,October-6-2023,Townhouse,1519 Barclay St,Baltimore,MD,21202,320000,3,3,Ward 12,1922,868,1920,,166,,Sold,,,https://www.redfin.com/MD/Baltimore/1519-Barclay-St-21202/home/10844366,BRIGHT MLS,MDBA2090600,N,Y,39.3073081,-76.610495
PAST SALE,October-20-2023,Townhouse,1200 S Bouldin St,Baltimore,MD,21224,545000,3,3.5,Ward 26,2146,1156,2001,,254,150,Sold,,,https://www.redfin.com/MD/Baltimore/1200-S-Bouldin-St-21224/home/11222140,BRIGHT MLS,MDBA2068918,N,Y,39.278979,-76.5704612
PAST SALE,,Townhouse,2322 Bright Leaf Way,Baltimore,MD,21209,400000,,3.5,,2312,6316,1986,,173,,,,,https://www.redfin.com/MD/Baltimore/2322-Bright-Leaf-Way-21209/home/11164234,,,N,Y,39.3696562,-76.6702584
PAST SALE,September-27-2023,Townhouse,159 W Lanvale St W #3,Baltimore,MD,21217,251750,2,1.5,Ward 11,1333,,1876,,189,330,Sold,,,https://www.redfin.com/MD/Baltimore/159-W-Lanvale-St-21217/unit-3/home/10832649,BRIGHT MLS,MDBA2100948,N,Y,39.3060435,-76.6227763
PAST SALE,October-16-2023,Townhouse,3213 Piedmont Ave,Baltimore,MD,21216,269900,3,2.5,Ward 15,1760,,1920,,153,,Sold,,,https://www.redfin.com/MD/Baltimore/3213-Piedmont-Ave-21216/home/10911444,BRIGHT MLS,MDBA2102844,N,Y,39.3161627,-76.672406
PAST SALE,,Single Family Residential,3300 Liberty Heights Ave,Baltimore,MD,21215,175000,,2,,3776,12750,1925,,46,,,,,https://www.redfin.com/MD/Baltimore/3300-Liberty-Heights-Ave-21215/home/10904605,,,N,Y,39.3245471,-76.6716137
PAST SALE,,Townhouse,1605 Inverness Ave,Baltimore,MD,21230,85000,,1,,1060,1521,1952,,80,,,,,https://www.redfin.com/MD/Baltimore/1605-Inverness-Ave-21230/home/11034446,,,N,Y,39.2634781,-76.6613521
PAST SALE,September-29-2023,Single Family Residential,2806 Oakley Ave,Baltimore,MD,21215,160000,3,1,Ward 27,1482,6246,1925,,108,,Sold,,,https://www.redfin.com/MD/Baltimore/2806-Oakley-Ave-21215/home/11169286,BRIGHT MLS,MDBA2097900,N,Y,39.3491054,-76.6663804
PAST SALE,,Townhouse,809 Stoll St,Baltimore,MD,21225,140000,,2,,1116,1800,1942,,125,,,,,https://www.redfin.com/MD/Baltimore/809-Stoll-St-21225/home/11887104,,,N,Y,39.2307672,-76.6008082
PAST SALE,,Townhouse,1427 E Federal St,Baltimore,MD,21213,202000,,,,,923,1920,,,,,,,https://www.redfin.com/MD/Baltimore/1427-E-Federal-St-21213/home/10811601,,,N,Y,39.3082135,-76.59891
PAST SALE,,Single Family Residential,4307 Cook Ave,Baltimore,MD,21206,201000,3,1.5,,1298,9148,1918,,155,,,,,https://www.redfin.com/MD/Baltimore/4307-Cook-Ave-21206/home/11887257,,,N,Y,39.3357748,-76.5511487
PAST SALE,,Townhouse,242 S Washington St,Baltimore,MD,21231,399000,,3.5,,1600,1000,1900,,249,,,,,https://www.redfin.com/MD/Baltimore/242-S-Washington-St-21231/home/10748949,,,N,Y,39.2880963,-76.5891081
PAST SALE,,Townhouse,3443 Elmley Ave,Baltimore,MD,21213,95000,,1,,1102,1221,1925,,86,,,,,https://www.redfin.com/MD/Baltimore/3443-Elmley-Ave-21213/home/10801187,,,N,Y,39.316909,-76.5745508
PAST SALE,,Townhouse,9 N Monastery Ave,Baltimore,MD,21229,95000,,1,,1020,1669,1930,,93,,,,,https://www.redfin.com/MD/Baltimore/9-N-Monastery-Ave-21229/home/10990226,,,N,Y,39.2866617,-76.6777216
PAST SALE,,Townhouse,213 N Rose St,Baltimore,MD,21224,115000,,2,,1200,780,1910,,96,,,,,https://www.redfin.com/MD/Baltimore/213-N-Rose-St-21224/home/10754965,,,N,Y,39.2950014,-76.5812079
PAST SALE,,Single Family Residential,3901 Bancroft Rd,Baltimore,MD,21215,244000,,1.5,,2050,5171,1956,,119,,,,,https://www.redfin.com/MD/Baltimore/3901-Bancroft-Rd-21215/home/11181752,,,N,Y,39.3576729,-76.7007537
PAST SALE,,Townhouse,2402 Presbury St,Baltimore,MD,21216,65000,,,,,1440,1920,,,,,,,https://www.redfin.com/MD/Baltimore/2402-Presbury-St-21216/home/10890002,,,N,Y,39.307746,-76.6563209
PAST SALE,October-13-2023,Single Family Residential,412 Old Orchard Rd,Baltimore,MD,21229,350000,6,3.5,Ward 28,3084,22429,1922,,113,,Sold,,,https://www.redfin.com/MD/Baltimore/412-Old-Orchard-Rd-21229/home/11220052,BRIGHT MLS,MDBA2102788,N,Y,39.2887183,-76.7007086
PAST SALE,,Townhouse,4017 Biddison Ln,Baltimore,MD,21206,105000,,2,,1140,1501,1942,,92,,,,,https://www.redfin.com/MD/Baltimore/4017-Biddison-Ln-21206/home/11129101,,,N,Y,39.3376053,-76.5543338
PAST SALE,September-28-2023,Townhouse,700 Baylis,Baltimore,MD,21224,341500,3,2.5,CANTON,1950,1014,1913,,175,,Sold,,,https://www.redfin.com/MD/Baltimore/700-S-Baylis-St-21224/home/11072114,BRIGHT MLS,MDBC2079778,N,Y,39.2841985,-76.5681609
PAST SALE,,Townhouse,4021 Wilkens Ave,Baltimore,MD,21229,130000,,1,,1440,2400,1936,,90,,,,,https://www.redfin.com/MD/Baltimore/4021-Wilkens-Ave-21229/home/11027898,,,N,Y,39.26814,-76.6878072
PAST SALE,,Single Family Residential,3206 Cedarhurst Rd,Baltimore,MD,21214,265000,,2.5,,1724,4725,1940,,154,,,,,https://www.redfin.com/MD/Baltimore/3206-Cedarhurst-Rd-21214/home/11121036,,,N,Y,39.3418019,-76.566151
PAST SALE,,Townhouse,1720 N Wolfe St,Baltimore,MD,21213,92000,,1,,644,1025,1905,,143,,,,,https://www.redfin.com/MD/Baltimore/1720-N-Wolfe-St-21213/home/10794467,,,N,Y,39.3101967,-76.5918338
PAST SALE,,Townhouse,3014 Presstman St,Baltimore,MD,21216,144800,,1,,1400,1784,1918,,103,,,,,https://www.redfin.com/MD/Baltimore/3014-Presstman-St-21216/home/10942122,,,N,Y,39.3047082,-76.6680428
PAST SALE,,Townhouse,3456 Park Heights Ave,Baltimore,MD,21215,82724,,,,,2010,1920,,,,,,,https://www.redfin.com/MD/Baltimore/3456-Park-Heights-Ave-21215/home/10916955,,,N,Y,39.3278367,-76.6581582
PAST SALE,,Townhouse,1956 Hollins Ferry Rd,Baltimore,MD,21230,150000,,1,,1168,1400,1920,,128,,,,,https://www.redfin.com/MD/Baltimore/1956-Hollins-Ferry-Rd-21230/home/11038897,,,N,Y,39.2687889,-76.6470409
PAST SALE,October-13-2023,Single Family Residential,2901 Halcyon Ave,Baltimore,MD,21214,423000,5,4,Ward 27,3100,7496,1930,,136,,Sold,,,https://www.redfin.com/MD/Baltimore/2901-Halcyon-Ave-21214/home/11185558,BRIGHT MLS,MDBA2099712,N,Y,39.3458921,-76.5685326
PAST SALE,,Townhouse,430 Fawcett St,Baltimore,MD,21211,110000,,1,,896,840,1900,,123,,,,,https://www.redfin.com/MD/Baltimore/430-Fawcett-St-21211/home/10842677,,,N,Y,39.3157028,-76.6228935
PAST SALE,,Townhouse,748 Bartlett Ave,Baltimore,MD,21218,80000,,,,,1037,1920,,,,,,,https://www.redfin.com/MD/Baltimore/748-Bartlett-Ave-21218/home/10808338,,,N,Y,39.315701,-76.6053334
PAST SALE,,Townhouse,17 N Ann St,Baltimore,MD,21231,253000,,2,,1673,1423,1983,,151,,,,,https://www.redfin.com/MD/Baltimore/17-N-Ann-St-21231/home/10757488,,,N,Y,39.2923363,-76.5916094
PAST SALE,,Townhouse,2419 Calverton Heights Ave,Baltimore,MD,21216,145000,,1.5,,2196,1972,1926,,66,,,,,https://www.redfin.com/MD/Baltimore/2419-Calverton-Heights-Ave-21216/home/10949622,,,N,Y,39.2975112,-76.6557423
PAST SALE,,Townhouse,514 Sunset Rd,Baltimore,MD,21223,73300,,1,,840,1190,1950,,87,,,,,https://www.redfin.com/MD/Baltimore/514-Sunset-Rd-21223/home/10973996,,,N,Y,39.2776645,-76.6644292
PAST SALE,,Townhouse,521 N Bouldin St,Baltimore,MD,21205,55000,,1,,920,1085,1924,,60,,,,,https://www.redfin.com/MD/Baltimore/521-N-Bouldin-St-21205/home/11090307,,,N,Y,39.2976665,-76.5712355
PAST SALE,,Townhouse,5420 Sagra Rd,Baltimore,MD,21239,158000,,1,,1200,1980,1952,,132,,,,,https://www.redfin.com/MD/Baltimore/5420-Sagra-Rd-21239/home/11151449,,,N,Y,39.3554949,-76.5927385
PAST SALE,,Townhouse,1100 N Kenwood Ave,Baltimore,MD,21213,75000,,,,,1050,1926,,,,,,,https://www.redfin.com/MD/Baltimore/1100-N-Kenwood-Ave-21213/home/10797793,,,N,Y,39.3041836,-76.5786571
PAST SALE,,Townhouse,506 Savage St,Baltimore,MD,21224,165000,,1.5,,1484,1360,1924,,111,,,,,https://www.redfin.com/MD/Baltimore/506-Savage-St-21224/home/11060754,,,N,Y,39.286687,-76.5523149
PAST SALE,,Townhouse,1440 Covington St,Baltimore,MD,21230,299999,,1,,1080,1250,1900,,278,,,,,https://www.redfin.com/MD/Baltimore/1440-Covington-St-21230/home/11019169,,,N,Y,39.273502,-76.6069383
PAST SALE,,Townhouse,2245 Linden Ave,Baltimore,MD,21217,193000,,3,,3240,3200,1911,,60,,,,,https://www.redfin.com/MD/Baltimore/2245-Linden-Ave-21217/home/10867182,,,N,Y,39.3134736,-76.6348187
PAST SALE,,Townhouse,1253 Meridene Dr,Baltimore,MD,21239,140000,,1.5,,1672,2128,1954,,84,,,,,https://www.redfin.com/MD/Baltimore/1253-Meridene-Dr-21239/home/11204843,,,N,Y,39.3683786,-76.5907283
PAST SALE,,Single Family Residential,6507 Detroit Ave,Baltimore,MD,21222,113000,,2,,1296,5750,1961,,87,,,,,https://www.redfin.com/MD/Baltimore/6507-Detroit-Ave-21222/home/11067055,,,N,Y,39.2620782,-76.5320463
PAST SALE,,Townhouse,6508 Hopeton Ave,Baltimore,MD,21215,130000,,2,,1746,3450,1952,,74,,,,,https://www.redfin.com/MD/Baltimore/6508-Hopeton-Ave-21215/home/11181706,,,N,Y,39.3571674,-76.7022657
PAST SALE,,Single Family Residential,5940 Daybreak Ter,Baltimore,MD,21206,200000,,1.5,,1075,7826,1961,,186,,,,,https://www.redfin.com/MD/Baltimore/5940-Daybreak-Ter-21206/home/9390024,,,N,Y,39.3424714,-76.5193549
PAST SALE,October-19-2023,Single Family Residential,1707 Wickes Ave,Baltimore,MD,21230,246000,3,2,Ward 25,1628,6000,1926,,151,,Sold,,,https://www.redfin.com/MD/Baltimore/1707-Wickes-Ave-21230/home/11034917,BRIGHT MLS,MDBA2098924,N,Y,39.2651998,-76.6567254
PAST SALE,,Townhouse,2928 Oakford Ave,Baltimore,MD,21215,235900,,,,,1713,,,,,,,,https://www.redfin.com/MD/Baltimore/2928-Oakford-Ave-21215/home/11166024,,,N,Y,39.3415122,-76.663891
PAST SALE,,Townhouse,816 Grundy St,Baltimore,MD,21224,278500,,1.5,,1462,875,1915,,190,,,,,https://www.redfin.com/MD/Baltimore/816-Grundy-St-21224/home/11073188,,,N,Y,39.2831092,-76.5633182
PAST SALE,,Townhouse,3220 Kingsley St,Baltimore,MD,21229,80000,,1,,1064,1260,1940,,75,,,,,https://www.redfin.com/MD/Baltimore/3220-Kingsley-St-21229/home/10973252,,,N,Y,39.2789508,-76.6704047
PAST SALE,October-16-2023,Townhouse,1523 Ralworth Rd,Baltimore,MD,21218,245000,3,2,Ward 9,1428,2581,1939,,172,,Sold,,,https://www.redfin.com/MD/Baltimore/1523-Ralworth-Rd-21218/home/10826937,BRIGHT MLS,MDBA2091174,N,Y,39.3390756,-76.5923077
PAST SALE,September-29-2023,Townhouse,712 N Arlington Ave,Baltimore,MD,21217,19000,3,2,Ward 16,752,,1920,,25,,Sold,,,https://www.redfin.com/MD/Baltimore/712-N-Arlington-Ave-21217/home/11879207,BRIGHT MLS,MDBA2087424,N,Y,39.2971649,-76.6359513
PAST SALE,October-6-2023,Single Family Residential,2916 Poplar Ter,Baltimore,MD,21216,222000,3,1.5,Ward 15,1350,1742,1924,,164,,Sold,,,https://www.redfin.com/MD/Baltimore/2916-Poplar-Ter-21216/home/10885342,BRIGHT MLS,MDBA2091808,N,Y,39.3129823,-76.6673693
PAST SALE,,Townhouse,1900 Mosher St,Baltimore,MD,21217,160000,,,,,1160,1920,,,,,,,https://www.redfin.com/MD/Baltimore/1900-Mosher-St-21217/home/10927949,,,N,Y,39.2999826,-76.6477279
PAST SALE,,Single Family Residential,4518 Weitzel Ave,Baltimore,MD,21214,255000,,1,,1512,6747,1915,,169,,,,,https://www.redfin.com/MD/Baltimore/4518-Weitzel-Ave-21214/home/11145759,,,N,Y,39.3437608,-76.5748083
PAST SALE,,Townhouse,100 N Hilton St,Baltimore,MD,21229,100000,,1,,1518,1928,1921,,66,,,,,https://www.redfin.com/MD/Baltimore/100-N-Hilton-St-21229/home/10992357,,,N,Y,39.287067,-76.6726358
PAST SALE,,Townhouse,3617 Kenyon Ave,Baltimore,MD,21213,65000,,1.5,,1050,1750,1950,,62,,,,,https://www.redfin.com/MD/Baltimore/3617-Kenyon-Ave-21213/home/11103895,,,N,Y,39.3192506,-76.5629121
PAST SALE,October-12-2023,Townhouse,1317 W 42nd St,Baltimore,MD,21211,120000,3,1,Ward 13,1192,,1922,,101,,Sold,,,https://www.redfin.com/MD/Baltimore/1317-W-42nd-St-21211/home/10873685,BRIGHT MLS,MDBA2098264,N,Y,39.3383333,-76.6397483
PAST SALE,,Townhouse,2320 Lauretta Ave,Baltimore,MD,21223,75000,,1,,1148,1012,1924,,65,,,,,https://www.redfin.com/MD/Baltimore/2320-Lauretta-Ave-21223/home/10967618,,,N,Y,39.2942692,-76.6538591
PAST SALE,,Townhouse,5109 Arbutus Ave,Baltimore,MD,21215,87500,,,,,1988,,,,,,,,https://www.redfin.com/MD/Baltimore/5109-Arbutus-Ave-21215/home/11170480,,,N,Y,39.3436115,-76.6812157
PAST SALE,,Townhouse,1424 Limit Ave,Baltimore,MD,21239,136000,,2,,1440,2838,1963,,94,,,,,https://www.redfin.com/MD/Baltimore/1424-Limit-Ave-21239/home/11205832,,,N,Y,39.3715987,-76.5844132
PAST SALE,,Townhouse,5620 Clearspring Rd,Baltimore,MD,21212,130000,,1.5,,1554,1900,1947,,84,,,,,https://www.redfin.com/MD/Baltimore/5620-Clearspring-Rd-21212/home/11198119,,,N,Y,39.3589115,-76.6067803
PAST SALE,October-16-2023,Townhouse,1602 Shakespeare St,Baltimore,MD,21231,639000,4,3,Ward 2,2100,1045,1778,,304,,Sold,,,https://www.redfin.com/MD/Baltimore/1602-Shakespeare-St-21231/home/10745143,BRIGHT MLS,MDBA2096944,N,Y,39.2821726,-76.5947621
PAST SALE,October-2-2023,Townhouse,716 E Lake Ave,Baltimore,MD,21212,355000,3,1,Ward 27,1553,,1930,,229,,Sold,,,https://www.redfin.com/MD/Baltimore/716-E-Lake-Ave-21212/home/11200218,BRIGHT MLS,MDBA2100770,N,Y,39.3671716,-76.6065433
PAST SALE,,Single Family Residential,3026 Fleetwood Ave,Baltimore,MD,21214,175000,,1.5,,1428,12031,1929,,123,,,,,https://www.redfin.com/MD/Baltimore/3026-Fleetwood-Ave-21214/home/11141812,,,N,Y,39.3616187,-76.5495682
PAST SALE,October-11-2023,Townhouse,2202 W Lexington St,Baltimore,MD,21223,52000,3,1,Ward 20,1380,1000,1930,,38,,Sold,,,https://www.redfin.com/MD/Baltimore/2202-W-Lexington-St-21223/home/10995513,BRIGHT MLS,MDBA2101914,N,Y,39.2906042,-76.6518116
PAST SALE,,Townhouse,438 Bonsal St,Baltimore,MD,21224,150000,,2,,1164,1601,1926,,129,,,,,https://www.redfin.com/MD/Baltimore/438-Bonsal-St-21224/home/11081932,,,N,Y,39.2880161,-76.5458766
PAST SALE,,Townhouse,2208 Presstman St,Baltimore,MD,21216,56000,,,,,1400,1920,,,,,,,https://www.redfin.com/MD/Baltimore/2208-Presstman-St-21216/home/10924964,,,N,Y,39.3052462,-76.6528338
PAST SALE,,Townhouse,1568 Moreland Ave,Baltimore,MD,21216,60000,,,,,1582,1920,,,,,,,https://www.redfin.com/MD/Baltimore/1568-Moreland-Ave-21216/home/10924863,,,N,Y,39.3060874,-76.6559788
PAST SALE,,Single Family Residential,2801 List Ave,Baltimore,MD,21214,193000,,2,,1334,7832,1940,,145,,,,,https://www.redfin.com/MD/Baltimore/2801-List-Ave-21214/home/11185673,,,N,Y,39.3450715,-76.571298
PAST SALE,October-16-2023,Townhouse,2370 Nutmeg Ter #2370,Baltimore,MD,21209,200000,4,2,Ward 27,1359,,1982,,147,425,Sold,,,https://www.redfin.com/MD/Baltimore/2370-Nutmeg-Ter-21209/unit-2370/home/143330568,BRIGHT MLS,MDBA2098436,N,Y,39.348519,-76.6579311
PAST SALE,,Single Family Residential,302 Cedarcroft Rd,Baltimore,MD,21212,639000,,1.5,,2465,13346,1928,,259,,,,,https://www.redfin.com/MD/Baltimore/302-Cedarcroft-Rd-21212/home/11211269,,,N,Y,39.3693055,-76.6149384
PAST SALE,September-29-2023,Townhouse,5632 Alhambra Ave,Baltimore,MD,21212,138750,3,1,Ward 27,1554,16,1949,,89,,Sold,,,https://www.redfin.com/MD/Baltimore/5632-Alhambra-Ave-21212/home/11198236,BRIGHT MLS,MDBA2098220,N,Y,39.3591306,-76.6059068
PAST SALE,,Townhouse,807 S Lakewood Ave,Baltimore,MD,21224,249999,,1.5,,1072,800,1900,,233,,,,,https://www.redfin.com/MD/Baltimore/807-S-Lakewood-Ave-21224/home/10732346,,,N,Y,39.2827064,-76.5782196
PAST SALE,,Townhouse,1615 N Gilmor St,Baltimore,MD,21217,80000,,,,,1260,1920,,,,,,,https://www.redfin.com/MD/Baltimore/1615-N-Gilmor-St-21217/home/10894102,,,N,Y,39.3072377,-76.6432374
PAST SALE,,Townhouse,4718 Wilern Ave,Baltimore,MD,21215,215000,,,,,1530,,,,,,,,https://www.redfin.com/MD/Baltimore/4718-Wilern-Ave-21215/home/11171909,,,N,Y,39.3442945,-76.6737106
PAST SALE,October-13-2023,Townhouse,3733 Elmley Ave,Baltimore,MD,21213,200000,3,2,Ward 26,1424,1742,1949,,140,,Sold,,,https://www.redfin.com/MD/Baltimore/3733-Elmley-Ave-21213/home/11109257,BRIGHT MLS,MDBA2094058,N,Y,39.3174566,-76.5659709
PAST SALE,,Single Family Residential,5905 Burgess Ave,Baltimore,MD,21214,185000,,2,,1778,8059,1938,,104,,,,,https://www.redfin.com/MD/Baltimore/5905-Burgess-Ave-21214/home/11133054,,,N,Y,39.3537197,-76.5538129
PAST SALE,,Townhouse,855 W 33rd St,Baltimore,MD,21211,179000,,1,,1652,1620,1920,,108,,,,,https://www.redfin.com/MD/Baltimore/855-W-33rd-St-21211/home/10869498,,,N,Y,39.3267635,-76.631066
PAST SALE,October-11-2023,Single Family Residential,3601 Windsor Mill Rd,Baltimore,MD,21216,182500,3,2,Ward 15,1960,6890,1900,,93,,Sold,,,https://www.redfin.com/MD/Baltimore/3601-Windsor-Mill-Rd-21216/home/10884092,BRIGHT MLS,MDBA2102134,N,Y,39.3120576,-76.6783031
PAST SALE,,Townhouse,1229 Pine Heights Ave,Baltimore,MD,21229,220000,,1,,1024,3946,1956,,215,,,,,https://www.redfin.com/MD/Baltimore/1229-Pine-Heights-Ave-21229/home/11030655,,,N,Y,39.2671144,-76.6734613
PAST SALE,,Townhouse,812 Harlem Ave,Baltimore,MD,21201,302480,,,,1962,1540,1915,,154,,,,,https://www.redfin.com/MD/Baltimore/812-Harlem-Ave-21201/home/10951524,,,N,Y,39.2971829,-76.631286
PAST SALE,,Townhouse,2605 Quantico Ave,Baltimore,MD,21215,75000,,,,,1980,1920,,,,,,,https://www.redfin.com/MD/Baltimore/2605-Quantico-Ave-21215/home/10919660,,,N,Y,39.3377373,-76.661185
PAST SALE,,Townhouse,5 N Ellamont St,Baltimore,MD,21229,60000,,1.5,,1280,1429,1939,,47,,,,,https://www.redfin.com/MD/Baltimore/5-N-Ellamont-St-21229/home/10993055,,,N,Y,39.2861135,-76.6702784
PAST SALE,,Townhouse,2605 Pelham Ave,Baltimore,MD,21213,98000,,2,,1336,3268,1953,,73,,,,,https://www.redfin.com/MD/Baltimore/2605-Pelham-Ave-21213/home/10777416,,,N,Y,39.3269929,-76.5747268
PAST SALE,,Other,2127 E North Ave,Baltimore,MD,21213,77314,,,,,1094,,,,,,,,https://www.redfin.com/MD/Baltimore/2127-E-North-Ave-21213/home/10795290,,,N,Y,39.3123163,-76.587828
PAST SALE,,Single Family Residential,6014 Sefton Ave,Baltimore,MD,21214,220000,,1,,1238,5950,1927,,178,,,,,https://www.redfin.com/MD/Baltimore/6014-Sefton-Ave-21214/home/11130754,,,N,Y,39.3561851,-76.5514196
PAST SALE,,Townhouse,2307 N Ellamont St,Baltimore,MD,21216,85000,,1.5,,1520,2000,1925,,56,,,,,https://www.redfin.com/MD/Baltimore/2307-N-Ellamont-St-21216/home/10914372,,,N,Y,39.3135516,-76.6709527
PAST SALE,,Townhouse,2530 W Lanvale St,Baltimore,MD,21216,71000,,2,,1624,1441,1927,,44,,,,,https://www.redfin.com/MD/Baltimore/2530-W-Lanvale-St-21216/home/10950192,,,N,Y,39.2970861,-76.657354
PAST SALE,September-26-2023,Townhouse,3520 Roland Ave,Baltimore,MD,21211,319000,3,1.5,Ward 13,980,,1900,,326,,Sold,,,https://www.redfin.com/MD/Baltimore/3520-Roland-Ave-21211/home/10871099,BRIGHT MLS,MDBA2100664,N,Y,39.3300293,-76.6328872
PAST SALE,,Single Family Residential,4220 Harford Ter,Baltimore,MD,21214,110000,,4,,2458,7000,1920,,45,,,,,https://www.redfin.com/MD/Baltimore/4220-Harford-Ter-21214/home/11839281,,,N,Y,39.3387307,-76.5739443
PAST SALE,,Townhouse,3125 McElderry St,Baltimore,MD,21205,58000,,1,,1260,1008,1915,,46,,,,,https://www.redfin.com/MD/Baltimore/3125-McElderry-St-21205/home/10775181,,,N,Y,39.2979198,-76.5727554
PAST SALE,,Townhouse,1615 Cole St,Baltimore,MD,21223,115000,,,,,600,1915,,,,,,,https://www.redfin.com/MD/Baltimore/1615-Cole-St-21223/home/10963896,,,N,Y,39.2820623,-76.6425851
PAST SALE,,Single Family Residential,4802 Althea Ave,Baltimore,MD,21206,200000,,2.5,,1868,10206,1922,,107,,,,,https://www.redfin.com/MD/Baltimore/4802-Althea-Ave-21206/home/11116437,,,N,Y,39.3327257,-76.5577413
PAST SALE,,Townhouse,334 S Norris St,Baltimore,MD,21223,30000,,,,,775,1900,,,,,,,https://www.redfin.com/MD/Baltimore/334-S-Norris-St-21223/home/10964865,,,N,Y,39.2836409,-76.640103
PAST SALE,,Townhouse,613 Lucia Ave,Baltimore,MD,21229,155000,,1,,1120,1600,1955,,138,,,,,https://www.redfin.com/MD/Baltimore/613-Lucia-Ave-21229/home/11027589,,,N,Y,39.2735663,-76.6918615
PAST SALE,,Townhouse,264 S Duncan St,Baltimore,MD,21231,127000,,1,,700,512,1915,,181,,,,,https://www.redfin.com/MD/Baltimore/264-S-Duncan-St-21231/home/10726368,,,N,Y,39.2881809,-76.5866997
PAST SALE,,Townhouse,833 Harlem Ave,Baltimore,MD,21201,105000,,,,1884,1720,1920,,56,,,,,https://www.redfin.com/MD/Baltimore/833-Harlem-Ave-21201/home/10951866,,,N,Y,39.2967854,-76.6320825
PAST SALE,,Townhouse,1652 N Monroe St,Baltimore,MD,21217,62000,,,,,1120,1915,,,,,,,https://www.redfin.com/MD/Baltimore/1652-N-Monroe-St-21217/home/10923970,,,N,Y,39.3077033,-76.6482744
PAST SALE,,Townhouse,3020 Chesterfield Ave,Baltimore,MD,21213,97000,,2,,1512,1246,1926,,64,,,,,https://www.redfin.com/MD/Baltimore/3020-Chesterfield-Ave-21213/home/11113194,,,N,Y,39.3242537,-76.568793
PAST SALE,,Townhouse,2901 Harview Ave,Parkville,MD,21234,131000,,1.5,,1728,2944,1941,,76,,,,,https://www.redfin.com/MD/Parkville/2901-Harview-Ave-21234/home/11190379,,,N,Y,39.3701993,-76.5485053
PAST SALE,,Townhouse,1227 Cleveland St,Baltimore,MD,21230,100000,,1,,1232,990,1900,,81,,,,,https://www.redfin.com/MD/Baltimore/1227-Cleveland-St-21230/home/11000819,,,N,Y,39.2798107,-76.6330245
PAST SALE,,Townhouse,2338 Reisterstown Rd,Baltimore,MD,21217,68000,,1,,1390,2000,1927,,49,,,,,https://www.redfin.com/MD/Baltimore/2338-Reisterstown-Rd-21217/home/10900689,,,N,Y,39.3153827,-76.6492964
PAST SALE,,Townhouse,2200 Mount Holly St,Baltimore,MD,21216,100000,,1,,2392,3300,1920,,42,,,,,https://www.redfin.com/MD/Baltimore/2200-Mount-Holly-St-21216/home/10883831,,,N,Y,39.3124774,-76.6822702
PAST SALE,,Townhouse,3021 Ridgewood Ave,Baltimore,MD,21215,50000,,,,,1440,1920,,,,,,,https://www.redfin.com/MD/Baltimore/3021-Ridgewood-Ave-21215/home/11872024,,,N,Y,39.3384136,-76.6723348
PAST SALE,,Townhouse,2514 McElderry St,Baltimore,MD,21205,69000,,1,,572,910,1920,,121,,,,,https://www.redfin.com/MD/Baltimore/2514-McElderry-St-21205/home/11839116,,,N,Y,39.2979317,-76.581397
PAST SALE,October-18-2023,Townhouse,4105 Raymonn Ave,Baltimore,MD,21213,135000,3,1.5,Ward 26,1200,1120,1954,,113,,Sold,,,https://www.redfin.com/MD/Baltimore/4105-Raymonn-Ave-21213/home/11104690,BRIGHT MLS,MDBA2102802,N,Y,39.3169896,-76.558091
PAST SALE,,Townhouse,2011 Annapolis Rd,Baltimore,MD,21230,103700,,2,,1410,1312,1920,,74,,,,,https://www.redfin.com/MD/Baltimore/2011-Annapolis-Rd-21230/home/11041657,,,N,Y,39.2667044,-76.6315637
PAST SALE,October-23-2023,Townhouse,1709 Covington St,Baltimore,MD,21230,560000,4,3,Ward 24,1825,960,1900,,307,,Sold,,,https://www.redfin.com/MD/Baltimore/1709-Covington-St-21230/home/11020435,BRIGHT MLS,MDBA2102168,N,Y,39.2705664,-76.6063247
PAST SALE,October-16-2023,Townhouse,812 Benninghaus Rd,Baltimore,MD,21212,100000,3,1,Ward 27,1330,1080,1950,,75,,Sold,,,https://www.redfin.com/MD/Baltimore/812-Benninghaus-Rd-21212/home/11198358,BRIGHT MLS,MDBA2098462,N,Y,39.3600885,-76.6055093
PAST SALE,,Townhouse,2220 Prentiss Pl,Baltimore,MD,21205,179800,,1,,533,826,1915,,337,,,,,https://www.redfin.com/MD/Baltimore/2220-Prentiss-Pl-21205/home/10788166,,,N,Y,39.303116,-76.5863532
PAST SALE,October-23-2023,Townhouse,2425 Brentwood Ave,Baltimore,MD,21218,30000,3,1,Ward 12,,4356,1900,,,,Sold,,,https://www.redfin.com/MD/Baltimore/2425-Brentwood-Ave-21218/home/10846941,BRIGHT MLS,MDBA2099844,N,Y,39.3169101,-76.6102016
PAST SALE,,Single Family Residential,5502 Mayview Ave,Baltimore,MD,21206,215000,,1.5,,800,5698,1954,,269,,,,,https://www.redfin.com/MD/Baltimore/5502-Mayview-Ave-21206/home/11095070,,,N,Y,39.3341067,-76.544138
PAST SALE,September-27-2023,Townhouse,623 S Curley St,Baltimore,MD,21224,220000,2,1,Ward 1,984,,1910,,224,,Sold,,,https://www.redfin.com/MD/Baltimore/623-S-Curley-St-21224/home/10739202,BRIGHT MLS,MDBA2098956,N,Y,39.2848345,-76.574838
PAST SALE,October-11-2023,Townhouse,4208 Laplata Ave,Baltimore,MD,21211,349990,3,2.5,Ward 13,,1306,,,,60,Sold,,,https://www.redfin.com/MD/Baltimore/4208-Laplata-Ave-21211/home/171243843,BRIGHT MLS,MDBA2099088,N,Y,39.3387152,-76.6446747
PAST SALE,September-25-2023,Townhouse,1411 Bolton St,Baltimore,MD,21217,850000,5,3.5,Ward 14,4236,2700,1920,,201,,Sold,,,https://www.redfin.com/MD/Baltimore/1411-Bolton-St-21217/home/10880995,BRIGHT MLS,MDBA2095900,N,Y,39.3065525,-76.6252172
PAST SALE,September-27-2023,Townhouse,8034 Gough St,Baltimore,MD,21224,211500,3,1,EASTWOOD HEIGHTS,1024,1632,1956,,207,,Sold,,,https://www.redfin.com/MD/Baltimore/8034-Gough-St-21224/home/9457533,BRIGHT MLS,MDBC2076444,N,Y,39.2978792,-76.5118991
PAST SALE,October-16-2023,Townhouse,4222 Fallstaff Rd,Baltimore,MD,21215,146500,3,1.5,CRESTWOOD,1360,1700,1954,,108,,Sold,,,https://www.redfin.com/MD/Baltimore/4222-Fallstaff-Rd-21215/home/9536433,BRIGHT MLS,MDBC2078796,N,Y,39.3602479,-76.7114975
PAST SALE,October-12-2023,Townhouse,1905 Harman Ave,Baltimore,MD,21230,90000,2,1,Ward 25,1015,,1950,,89,,Sold,,,https://www.redfin.com/MD/Baltimore/1905-Harman-Ave-21230/home/11037683,BRIGHT MLS,MDBA2096222,N,Y,39.2666992,-76.651531
PAST SALE,October-12-2023,Townhouse,2102 Whistler Ave,Baltimore,MD,21230,90000,2,1,Ward 25,1260,1232,1952,,71,,Sold,,,https://www.redfin.com/MD/Baltimore/2102-Whistler-Ave-21230/home/11038589,BRIGHT MLS,MDBA2096226,N,Y,39.2643628,-76.650322
PAST SALE,October-12-2023,Townhouse,2036 Whistler Ave,Baltimore,MD,21230,90000,2,1,Ward 25,1015,1012,1951,,89,,Sold,,,https://www.redfin.com/MD/Baltimore/2036-Whistler-Ave-21230/home/11038186,BRIGHT MLS,MDBA2096224,N,Y,39.2648159,-76.6509538
PAST SALE,October-2-2023,Townhouse,3917 Colborne Rd,Baltimore,MD,21229,90000,3,1,Ward 16,1260,,1940,,71,,Sold,,,https://www.redfin.com/MD/Baltimore/3917-Colborne-Rd-21229/home/10929893,BRIGHT MLS,MDBA2099060,N,Y,39.2976829,-76.6823645
PAST SALE,September-29-2023,Townhouse,615 S Wolfe St,Baltimore,MD,21231,390000,3,3.5,Ward 2,2400,1306,1920,,163,,Sold,,,https://www.redfin.com/MD/Baltimore/615-S-Wolfe-St-21231/home/10746855,BRIGHT MLS,MDBA2099268,N,Y,39.284173,-76.589718
PAST SALE,September-29-2023,Single Family Residential,6213 Eastbourne Ave,Baltimore,MD,21224,185000,3,1,Ward 26,1290,6222,1956,,143,,Sold,,,https://www.redfin.com/MD/Baltimore/6213-Eastbourne-Ave-21224/home/11065332,BRIGHT MLS,MDBA2095784,N,Y,39.2729522,-76.5391366
PAST SALE,September-25-2023,Townhouse,635 S Kenwood Ave,Baltimore,MD,21224,350000,3,3,Ward 1,1643,,1910,,213,,Sold,,,https://www.redfin.com/MD/Baltimore/635-S-Kenwood-Ave-21224/home/10738594,BRIGHT MLS,MDBA2096342,N,Y,39.2844978,-76.5769363
PAST SALE,October-4-2023,Townhouse,247 W 31st St,Baltimore,MD,21211,385000,3,1.5,Ward 12,1408,2225,1938,,273,,Sold,,,https://www.redfin.com/MD/Baltimore/247-W-31st-St-21211/home/10840289,BRIGHT MLS,MDBA2097132,N,Y,39.3245048,-76.6222048
PAST SALE,October-4-2023,Townhouse,2215 Foxbane Sq,Baltimore,MD,21209,195000,3,2.5,Ward 27,1524,,1960,,128,445,Sold,,,https://www.redfin.com/MD/Baltimore/2215-Foxbane-Sq-21209/home/11212377,BRIGHT MLS,MDBA2097042,N,Y,39.3477238,-76.6558468
PAST SALE,October-20-2023,Single Family Residential,5606 Saint Albans Way,Baltimore,MD,21212,790000,6,3,Ward 27,2645,13229,1955,,299,27,Sold,,,https://www.redfin.com/MD/Baltimore/5606-Saint-Albans-Way-21212/home/11212147,BRIGHT MLS,MDBA2098118,N,Y,39.3646291,-76.6226109
PAST SALE,September-29-2023,Townhouse,1811 Wadsworth Way,Baltimore,MD,21239,142000,3,1.5,Ward 27,1064,,1954,,133,,Sold,,,https://www.redfin.com/MD/Baltimore/1811-Wadsworth-Way-21239/home/11186947,BRIGHT MLS,MDBA2095692,N,Y,39.3597529,-76.5792463
PAST SALE,October-12-2023,Townhouse,3620 Greenvale Rd,Baltimore,MD,21229,145000,3,1,Ward 25,1360,3394,1965,,107,,Sold,,,https://www.redfin.com/MD/Baltimore/3620-Greenvale-Rd-21229/home/11029825,BRIGHT MLS,MDBA2099638,N,Y,39.2657566,-76.6755847
PAST SALE,October-12-2023,Townhouse,402 S Dallas St,Baltimore,MD,21231,215000,1,1,Ward 3,572,,1883,,376,,Sold,,,https://www.redfin.com/MD/Baltimore/402-S-Dallas-St-21231/home/10751648,BRIGHT MLS,MDBA2099358,N,Y,39.2861993,-76.5961897
PAST SALE,October-13-2023,Townhouse,827 S Bouldin St,Baltimore,MD,21224,290000,2,2,Ward 26,1040,975,1913,,279,,Sold,,,https://www.redfin.com/MD/Baltimore/827-S-Bouldin-St-21224/home/11071586,BRIGHT MLS,MDBA2097588,N,Y,39.2826383,-76.5703725
PAST SALE,October-23-2023,Single Family Residential,2107 Carterdale Rd,Baltimore,MD,21209,722000,5,2.5,Ward 27,2666,13826,1924,,271,,Sold,,,https://www.redfin.com/MD/Baltimore/2107-Carterdale-Rd-21209/home/11165294,BRIGHT MLS,MDBA2100732,N,Y,39.3614566,-76.6606506
PAST SALE,October-9-2023,Townhouse,406 S Bouldin St,Baltimore,MD,21224,332000,2,2.5,Ward 26,882,871,1920,,376,,Sold,,,https://www.redfin.com/MD/Baltimore/406-S-Bouldin-St-21224/home/11075687,BRIGHT MLS,MDBA2099724,N,Y,39.2872526,-76.5709628
PAST SALE,October-2-2023,Single Family Residential,5923 Meadow Rd,Baltimore,MD,21206,245000,3,1,HAZELWOOD FARMS,1092,8300,1951,,224,,Sold,,,https://www.redfin.com/MD/Baltimore/5923-Meadow-Rd-21206/home/9402021,BRIGHT MLS,MDBC2077048,N,Y,39.345491,-76.5226972
PAST SALE,September-26-2023,Townhouse,1137 Scott St,Baltimore,MD,21230,213000,2,2.5,Ward 21,1635,871,1900,,130,,Sold,,,https://www.redfin.com/MD/Baltimore/1137-Scott-St-21230/home/11003477,BRIGHT MLS,MDBA2095796,N,Y,39.2790182,-76.628444
PAST SALE,October-16-2023,Single Family Residential,201 Gittings Ave,Baltimore,MD,21212,609000,4,3,Ward 27,2350,10288,1928,,259,,Sold,,,https://www.redfin.com/MD/Baltimore/201-Gittings-Ave-21212/home/11211191,BRIGHT MLS,MDBA2096470,N,Y,39.3713057,-76.6180978
PAST SALE,October-13-2023,Townhouse,4353 Roberton Ave,Baltimore,MD,21206,180000,3,1.5,Ward 26,1246,1806,1956,,144,,Sold,,,https://www.redfin.com/MD/Baltimore/4353-Roberton-Ave-21206/home/11102313,BRIGHT MLS,MDBA2101832,N,Y,39.3252586,-76.5549079
PAST SALE,October-2-2023,Townhouse,3613 Greenvale Rd,Baltimore,MD,21229,190000,3,2,Ward 25,1360,2179,1966,,140,,Sold,,,https://www.redfin.com/MD/Baltimore/3613-Greenvale-Rd-21229/home/11029940,BRIGHT MLS,MDBA2097842,N,Y,39.2656094,-76.6749811
PAST SALE,October-25-2023,Townhouse,1616 E Federal St,Baltimore,MD,21213,249900,3,3.5,Ward 8,2250,871,1913,,111,,Sold,,,https://www.redfin.com/MD/Baltimore/1616-E-Federal-St-21213/home/10783076,BRIGHT MLS,MDBA2092704,N,Y,39.3086465,-76.5960287
PAST SALE,September-26-2023,Townhouse,521 S Duncan St,Baltimore,MD,21231,165000,2,1.5,Ward 1,720,600,1920,,229,,Sold,,,https://www.redfin.com/MD/Baltimore/521-S-Duncan-St-21231/home/10727876,BRIGHT MLS,MDBA2097414,N,Y,39.2852116,-76.5863713
PAST SALE,October-24-2023,Townhouse,4111 Fairfax Rd,Baltimore,MD,21216,80836,3,2,Ward 15,1700,2780,1948,,48,,Sold,,,https://www.redfin.com/MD/Baltimore/4111-Fairfax-Rd-21216/home/10908563,BRIGHT MLS,MDBA2088476,N,Y,39.3207544,-76.6856176
PAST SALE,October-6-2023,Townhouse,2719 Woodland Ave,Baltimore,MD,21215,224000,4,2,Ward 27,1536,3049,1942,,146,,Sold,,,https://www.redfin.com/MD/Baltimore/2719-Woodland-Ave-21215/home/11166867,BRIGHT MLS,MDBA2091516,N,Y,39.346483,-76.6627992
PAST SALE,October-20-2023,Single Family Residential,3227 Glendale Ave,Baltimore,MD,21234,205000,3,1,Ward 27,814,7497,1940,,252,,Sold,,,https://www.redfin.com/MD/Parkville/3227-Glendale-Ave-21234/home/11136525,BRIGHT MLS,MDBA2097464,N,Y,39.3675217,-76.5399382
PAST SALE,September-25-2023,Single Family Residential,107 Mccormick Ave,Baltimore,MD,21206,325000,3,2.5,OVERLEA,1498,42837,1952,,217,,Sold,,,https://www.redfin.com/MD/Baltimore/107-McCormick-Ave-21206/home/9398854,BRIGHT MLS,MDBC2077552,N,Y,39.3539035,-76.5153801
PAST SALE,,Townhouse,4317 Roberton Ave,Baltimore,MD,21206,185000,,1.5,,1024,1600,1956,,181,,,,,https://www.redfin.com/MD/Baltimore/4317-Roberton-Ave-21206/home/11102267,,,N,Y,39.3246157,-76.5557281
PAST SALE,October-2-2023,Single Family Residential,200 Mccormick Ave,Baltimore,MD,21206,500000,4,4,Baltimore,3948,19920,1962,,127,,Sold,,,https://www.redfin.com/MD/Baltimore/200-McCormick-Ave-21206/home/9409103,BRIGHT MLS,MDBC2076234,N,Y,39.3535398,-76.5139799
PAST SALE,October-4-2023,Single Family Residential,5010 Lasalle Ave,Baltimore,MD,21206,335000,5,3,Ward 26,1455,6678,1947,,230,,Sold,,,https://www.redfin.com/MD/Baltimore/5010-Lasalle-Ave-21206/home/11095663,BRIGHT MLS,MDBA2091452,N,Y,39.3305362,-76.5394076
PAST SALE,September-29-2023,Townhouse,1213 Hull St,Baltimore,MD,21230,435000,3,2,Ward 24,1512,,1875,,288,,Sold,,,https://www.redfin.com/MD/Baltimore/1213-Hull-St-21230/home/11024307,BRIGHT MLS,MDBA2095690,N,Y,39.272368,-76.5916431
PAST SALE,September-29-2023,Single Family Residential,3677 Hineline Rd,Baltimore,MD,21229,260000,3,1.5,Ward 25,1296,6403,1967,,201,,Sold,,,https://www.redfin.com/MD/Baltimore/3677-Hineline-Rd-21229/home/11029123,BRIGHT MLS,MDBA2096812,N,Y,39.2651922,-76.6800045
PAST SALE,October-13-2023,Townhouse,5418 Whitlock Rd,Baltimore,MD,21229,254000,3,2,WEST EDMONDALE,1710,2800,1951,,149,,Sold,,,https://www.redfin.com/MD/Baltimore/5418-Whitlock-Rd-21229/home/9098473,BRIGHT MLS,MDBC2077062,N,Y,39.2924084,-76.7169115
PAST SALE,September-29-2023,Townhouse,1338 Berry St,Baltimore,MD,21211,260000,2,2,Ward 13,1176,1235,1945,,221,,Sold,,,https://www.redfin.com/MD/Baltimore/1338-Berry-St-21211/home/10860981,BRIGHT MLS,MDBA2098194,N,Y,39.3315103,-76.6382591
PAST SALE,September-25-2023,Single Family Residential,2802 Montebello Ter,Baltimore,MD,21214,375000,3,2.5,Ward 27,1581,4756,1918,,237,,Sold,,,https://www.redfin.com/MD/Baltimore/2802-Montebello-Ter-21214/home/11145676,BRIGHT MLS,MDBA2095278,N,Y,39.3426853,-76.5761628
PAST SALE,October-5-2023,Single Family Residential,3207 Montebello Ter,Baltimore,MD,21214,255000,3,2,Ward 27,1452,7497,1929,,176,,Sold,,,https://www.redfin.com/MD/Baltimore/3207-Montebello-Ter-21214/home/11122514,BRIGHT MLS,MDBA2097582,N,Y,39.3372859,-76.5688035
PAST SALE,October-20-2023,Single Family Residential,5507 Saint Albans Way,Baltimore,MD,21212,1425000,5,4,Ward 27,4880,20150,1938,,292,36,Sold,,,https://www.redfin.com/MD/Baltimore/5507-Saint-Albans-Way-21212/home/11212193,BRIGHT MLS,MDBA2097906,N,Y,39.3640726,-76.6206112
PAST SALE,September-27-2023,Townhouse,839 S Ellwood Ave,Baltimore,MD,21224,376955,3,2.5,Ward 1,2224,1306,1920,,169,,Sold,,,https://www.redfin.com/MD/Baltimore/839-S-Ellwood-Ave-21224/home/10737112,BRIGHT MLS,MDBA2095242,N,Y,39.2824908,-76.5725171
PAST SALE,,Townhouse,446 E Cross St,Baltimore,MD,21230,254000,,2,,1018,978,1850,,250,,,,,https://www.redfin.com/MD/Baltimore/446-E-Cross-St-21230/home/11015168,,,N,Y,39.2776098,-76.6078184
PAST SALE,October-13-2023,Townhouse,3044 Brighton St,Baltimore,MD,21216,40000,0,,Ward 16,1554,,1918,,26,,Sold,,,https://www.redfin.com/MD/Baltimore/3044-Brighton-St-21216/home/10941957,BRIGHT MLS,MDBA2098064,N,Y,39.3053644,-76.6685993
PAST SALE,September-29-2023,Townhouse,1102 Wedgewood Rd,Baltimore,MD,21229,190000,3,1,Ward 28,1274,1274,1950,,149,,Sold,,,https://www.redfin.com/MD/Baltimore/1102-Wedgewood-Rd-21229/home/11219688,BRIGHT MLS,MDBA2096448,N,Y,39.2976671,-76.7106199
PAST SALE,,Townhouse,3115 Tilden Dr,Baltimore,MD,21211,445500,,3.5,,1600,636,2005,,278,,,,,https://www.redfin.com/MD/Baltimore/3115-Tilden-Dr-21211/home/10869206,,,N,Y,39.3251372,-76.6282841
PAST SALE,October-18-2023,Single Family Residential,411 Old Orchard Rd,Baltimore,MD,21229,600000,3,3.5,Ward 28,5672,83679,1993,,106,,Sold,,,https://www.redfin.com/MD/Baltimore/411-Old-Orchard-Rd-21229/home/11220482,BRIGHT MLS,MDBA2098588,N,Y,39.2881215,-76.6995133
PAST SALE,October-3-2023,Single Family Residential,5602 Fair Oaks Ave,Baltimore,MD,21214,202000,3,1,Ward 27,1080,7496,1923,,187,,Sold,,,https://www.redfin.com/MD/Baltimore/5602-Fair-Oaks-Ave-21214/home/11188045,BRIGHT MLS,MDBA2097530,N,Y,39.3574723,-76.5661397
PAST SALE,October-23-2023,Townhouse,1017 E Lake Ave,Baltimore,MD,21212,261423,3,2,Ward 27,1700,,1947,,154,,Sold,,,https://www.redfin.com/MD/Baltimore/1017-E-Lake-Ave-21212/home/11201053,BRIGHT MLS,MDBA2095620,N,Y,39.3669309,-76.601369
PAST SALE,October-6-2023,Townhouse,7154 Gough St,Baltimore,MD,21224,175000,2,1,EASTWOOD,1246,2600,1954,,140,,Sold,,,https://www.redfin.com/MD/Baltimore/7154-Gough-St-21224/home/9323382,BRIGHT MLS,MDBC2076520,N,Y,39.2925479,-76.5272928
PAST SALE,October-24-2023,Townhouse,3211 Odonnell St,Baltimore,MD,21224,277800,2,2.5,Ward 26,1490,1125,1920,,186,,Sold,,,https://www.redfin.com/MD/Baltimore/3211-Odonnell-St-21224/home/11070694,BRIGHT MLS,MDBA2100512,N,Y,39.2801897,-76.5706991
PAST SALE,October-16-2023,Single Family Residential,4919 Herring Run Dr,Baltimore,MD,21214,175100,3,1,Ward 27,1680,7601,1948,,104,,Sold,,,https://www.redfin.com/MD/Baltimore/4919-Herring-Run-Dr-21214/home/11184042,BRIGHT MLS,MDBA2099076,N,Y,39.3515193,-76.5758016
PAST SALE,October-11-2023,Single Family Residential,4728 Meise Dr,Baltimore,MD,21206,281000,3,1,DALEWOOD,1480,7475,1955,,190,,Sold,,,https://www.redfin.com/MD/Baltimore/4728-Meise-Dr-21206/home/9389153,BRIGHT MLS,MDBC2076862,N,Y,39.3506664,-76.517844
PAST SALE,October-13-2023,Townhouse,715 N Linwood Ave,Baltimore,MD,21205,85000,3,2,Ward 7,,,1915,,,,Sold,,,https://www.redfin.com/MD/Baltimore/715-N-Linwood-Ave-21205/home/10773839,BRIGHT MLS,MDBA2096572,N,Y,39.2996819,-76.5764739
PAST SALE,October-6-2023,Townhouse,1300 Crofton Rd,Baltimore,MD,21239,256000,4,2,Ward 27,1280,2178,1944,,200,1,Sold,,,https://www.redfin.com/MD/Baltimore/1300-Crofton-Rd-21239/home/11194686,BRIGHT MLS,MDBA2097658,N,Y,39.3470021,-76.5952925
PAST SALE,October-13-2023,Single Family Residential,4106 Orchard Ave,Brooklyn,MD,21225,265000,3,3,Ward 25,1560,12500,1989,,170,,Sold,,,https://www.redfin.com/MD/Baltimore/4106-Orchard-Ave-21225/home/11053858,BRIGHT MLS,MDBA2098782,N,Y,39.230189,-76.6063628
PAST SALE,October-10-2023,Single Family Residential,5120 Mcfaul Rd,Baltimore,MD,21206,295000,2,2,BLACKTHORN,1960,7150,1963,,151,,Sold,,,https://www.redfin.com/MD/Baltimore/5120-McFaul-Rd-21206/home/9411127,BRIGHT MLS,MDBC2077966,N,Y,39.3377217,-76.5195807
PAST SALE,October-13-2023,Townhouse,3603 Hicks,Baltimore,MD,21207,265000,4,2.5,Ward 15,1296,,1932,,204,,Sold,,,https://www.redfin.com/MD/Baltimore/3603-Hicks-Ave-21207/home/10902090,BRIGHT MLS,MDBA2098580,N,Y,39.3297068,-76.6883478
PAST SALE,October-16-2023,Single Family Residential,6301 Everall Ave,Baltimore,MD,21206,335000,4,3.5,Ward 27,1650,18731,1956,,203,,Sold,,,https://www.redfin.com/MD/Baltimore/6301-Everall-Ave-21206/home/11140482,BRIGHT MLS,MDBA2099004,N,Y,39.3532535,-76.5366076
PAST SALE,October-10-2023,Townhouse,2934 Mcelderry St,Baltimore,MD,21205,110000,3,1,Ward 7,1304,,1915,,84,,Sold,,,https://www.redfin.com/MD/Baltimore/2934-McElderry-St-21205/home/10774225,BRIGHT MLS,MDBA2096196,N,Y,39.2981642,-76.5753665
PAST SALE,September-26-2023,Townhouse,4209 Labyrinth Rd,Baltimore,MD,21215,245000,4,2.5,Ward 28,2000,1800,1960,,123,,Sold,,,https://www.redfin.com/MD/Baltimore/4209-Labyrinth-Rd-21215/home/11212985,BRIGHT MLS,MDBA2093956,N,Y,39.3581344,-76.7092888
PAST SALE,October-11-2023,Townhouse,925 S Bouldin St,Baltimore,MD,21224,334900,2,1.5,Ward 26,1279,945,1920,,262,,Sold,,,https://www.redfin.com/MD/Baltimore/925-S-Bouldin-St-21224/home/11070191,BRIGHT MLS,MDBA2093740,N,Y,39.2818559,-76.5702787
PAST SALE,,Single Family Residential,707 Walnut Ave,Baltimore,MD,21229,140000,,2,,1632,7497,1924,,86,,,,,https://www.redfin.com/MD/Baltimore/707-Walnut-Ave-21229/home/11219416,,,N,Y,39.294757,-76.6881693
PAST SALE,October-10-2023,Single Family Residential,2000 Casadel Ave,Baltimore,MD,21230,168000,2,2,Ward 25,1560,5000,1963,,108,,Sold,,,https://www.redfin.com/MD/Baltimore/2000-Casadel-Ave-21230/home/11035900,BRIGHT MLS,MDBA2098252,N,Y,39.2612956,-76.6554081
PAST SALE,,Townhouse,332 Hornel St,Baltimore,MD,21224,120000,,1.5,,990,1288,1950,,121,,,,,https://www.redfin.com/MD/Baltimore/332-Hornel-St-21224/home/11082963,,,N,Y,39.2896926,-76.5403403
PAST SALE,October-1-2023,Townhouse,622 S Bethel St,Baltimore,MD,21231,315000,2,2.5,Ward 2,1198,,1900,,263,,Sold,,,https://www.redfin.com/MD/Baltimore/622-S-Bethel-St-21231/home/10744899,BRIGHT MLS,MDBA2091872,N,Y,39.28376,-76.5944504
PAST SALE,October-6-2023,Townhouse,7028 Bank St,Baltimore,MD,21224,186000,3,1.5,EASTWOOD,1510,2600,1953,,123,,Sold,,,https://www.redfin.com/MD/Baltimore/7028-Bank-St-21224/home/9342860,BRIGHT MLS,MDBC2076200,N,Y,39.2901631,-76.5282386
PAST SALE,September-26-2023,Townhouse,4922 Edgemere Ave,Baltimore,MD,21215,75000,3,1,Ward 27,,2380,1925,,,,Sold,,,https://www.redfin.com/MD/Baltimore/4922-Edgemere-Ave-21215/home/11171636,BRIGHT MLS,MDBA2097224,N,Y,39.3445647,-76.6738698
PAST SALE,September-29-2023,Townhouse,333 E 30th St,Baltimore,MD,21218,401000,4,2,Ward 12,1564,2613,1914,,256,,Sold,,,https://www.redfin.com/MD/Baltimore/333-E-30th-St-21218/home/10850148,BRIGHT MLS,MDBA2097182,N,Y,39.3245244,-76.611578
PAST SALE,October-6-2023,Townhouse,649 S Curley St,Baltimore,MD,21224,450000,3,3.5,Ward 1,1512,810,1910,,298,,Sold,,,https://www.redfin.com/MD/Baltimore/649-S-Curley-St-21224/home/10739224,BRIGHT MLS,MDBA2097382,N,Y,39.2843935,-76.5748154
PAST SALE,October-3-2023,Townhouse,3311 Schuck St,Baltimore,MD,21224,238000,2,1,Ward 26,1086,870,1910,,219,,Sold,,,https://www.redfin.com/MD/Baltimore/3311-Schuck-St-21224/home/11075134,BRIGHT MLS,MDBA2090078,N,Y,39.2849486,-76.5692024
PAST SALE,September-28-2023,Townhouse,2500 E Fairmount Ave,Baltimore,MD,21224,185000,3,1.5,Ward 6,2022,1095,1900,,91,,Sold,,,https://www.redfin.com/MD/Baltimore/2500-E-Fairmount-Ave-21224/home/10760221,BRIGHT MLS,MDBA2095410,N,Y,39.2933166,-76.5815159
PAST SALE,October-18-2023,Single Family Residential,2213 Lake Ave,Baltimore,MD,21213,410000,5,2,Ward 8,3524,9512,1925,,116,,Sold,,,https://www.redfin.com/MD/Baltimore/2213-Lake-Ave-21213/home/10777007,BRIGHT MLS,MDBA2097600,N,Y,39.3287328,-76.5807677
PAST SALE,October-20-2023,Townhouse,1327 Kitmore Rd,Baltimore,MD,21239,190000,3,1.5,Ward 27,1216,1900,1945,,156,0,Sold,,,https://www.redfin.com/MD/Baltimore/1327-Kitmore-Rd-21239/home/11195472,BRIGHT MLS,MDBA2095394,N,Y,39.3505702,-76.5956595
PAST SALE,September-25-2023,Single Family Residential,632 Deepdene Rd,Baltimore,MD,21210,390000,5,2,Ward 27,1890,7496,1900,,206,,Sold,,,https://www.redfin.com/MD/Baltimore/632-Deepdene-Rd-21210/home/11157581,BRIGHT MLS,MDBA2089998,N,Y,39.3568058,-76.6316368
PAST SALE,October-12-2023,Single Family Residential,724 Colorado Ave,Baltimore,MD,21210,559000,4,2.5,Ward 27,2300,6246,1850,,243,,Sold,,,https://www.redfin.com/MD/Baltimore/724-Colorado-Ave-21210/home/11157646,BRIGHT MLS,MDBA2097540,N,Y,39.3558618,-76.6334419
PAST SALE,October-16-2023,Townhouse,2518 E Eager St,Baltimore,MD,21224,62000,3,1,Ward 6,2139,1170,1920,,29,,Sold,,,https://www.redfin.com/MD/Baltimore/2518-E-Eager-St-21205/home/10764493,BRIGHT MLS,MDBA2100232,N,Y,39.3020121,-76.581878
PAST SALE,October-6-2023,Townhouse,2857 Bookert Dr,Brooklyn,MD,21225,83000,3,1,Ward 25,756,1298,1945,,110,,Sold,,,https://www.redfin.com/MD/Baltimore/2857-Bookert-Dr-21225/home/17463524,BRIGHT MLS,MDBA2093646,N,Y,39.2463082,-76.6267777
PAST SALE,October-12-2023,Townhouse,104 N Kresson St,Baltimore,MD,21224,97500,3,1,Ward 26,1500,,1900,,65,,Sold,,,https://www.redfin.com/MD/Baltimore/104-N-Kresson-St-21224/home/11085394,BRIGHT MLS,MDBA2090272,N,Y,39.2941804,-76.5602361
PAST SALE,October-6-2023,Townhouse,7218 Bridgewood Dr,Baltimore,MD,21224,210000,3,1.5,EASTWOOD,1180,1926,1956,,178,,Sold,,,https://www.redfin.com/MD/Baltimore/7218-Bridgewood-Dr-21224/home/9295267,BRIGHT MLS,MDBC2075344,N,Y,39.291948,-76.5247318
PAST SALE,October-10-2023,Single Family Residential,4910 Midwood Ave,Baltimore,MD,21212,270000,3,2.5,Ward 27,1690,4839,1920,,160,,Sold,,,https://www.redfin.com/MD/Baltimore/4910-Midwood-Ave-21212/home/11196339,BRIGHT MLS,MDBA2097102,N,Y,39.3478571,-76.6040608
PAST SALE,October-17-2023,Single Family Residential,5810 Kipling Ct,Baltimore,MD,21212,415000,3,3,Ward 27,1860,6499,1937,,223,,Sold,,,https://www.redfin.com/MD/Baltimore/5810-Kipling-Ct-21212/home/11198016,BRIGHT MLS,MDBA2099214,N,Y,39.362341,-76.6057309
PAST SALE,October-6-2023,Single Family Residential,654 Coleraine Rd,Baltimore,MD,21229,360000,4,2.5,MERIDALE LITTLE FARMS,1774,6098,1931,,203,,Sold,,,https://www.redfin.com/MD/Baltimore/654-Coleraine-Rd-21229/home/9080135,BRIGHT MLS,MDBC2076012,N,Y,39.2866599,-76.7183878
PAST SALE,September-30-2023,Townhouse,2217 Cecil Ave,Baltimore,MD,21218,77000,3,1.5,Ward 9,,,1920,,,,Sold,,,https://www.redfin.com/MD/Baltimore/2217-Cecil-Ave-21218/home/10812768,BRIGHT MLS,MDBA2096492,N,Y,39.3140813,-76.6044777
PAST SALE,September-29-2023,Townhouse,1210 Riverside Ave,Baltimore,MD,21230,310000,4,2,Ward 24,1664,984,1870,,186,,Sold,,,https://www.redfin.com/MD/Baltimore/1210-Riverside-Ave-21230/home/11017720,BRIGHT MLS,MDBA2096720,N,Y,39.2760504,-76.6089694
PAST SALE,September-29-2023,Single Family Residential,5207 Tramore Rd,Baltimore,MD,21214,372000,4,3,Ward 27,1687,6996,1915,,221,,Sold,,,https://www.redfin.com/MD/Baltimore/5207-Tramore-Rd-21214/home/11144637,BRIGHT MLS,MDBA2095804,N,Y,39.3515176,-76.5683069
PAST SALE,October-23-2023,Townhouse,5410 Belair Rd,Baltimore,MD,21206,215000,4,2.5,Ward 27,1970,1655,1919,,109,,Sold,,,https://www.redfin.com/MD/Baltimore/5410-Belair-Rd-21206/home/11127381,BRIGHT MLS,MDBA2099402,N,Y,39.3387494,-76.5512258
PAST SALE,September-28-2023,Townhouse,1222 N Decker Ave,Baltimore,MD,21213,130000,2,1,Ward 8,1090,1107,1928,,119,,Sold,,,https://www.redfin.com/MD/Baltimore/1222-N-Decker-Ave-21213/home/10798963,BRIGHT MLS,MDBA2092254,N,Y,39.3055955,-76.5750987
PAST SALE,September-29-2023,Single Family Residential,3210 Juneau Pl,Baltimore,MD,21214,315000,3,2,Ward 27,1382,6247,1941,,228,,Sold,,,https://www.redfin.com/MD/Baltimore/3210-Juneau-Pl-21214/home/11122758,BRIGHT MLS,MDBA2097498,N,Y,39.333822,-76.5694808
PAST SALE,October-2-2023,Single Family Residential,103 Scott St,Baltimore,MD,21201,334000,4,2.5,Ward 18,2196,4356,1920,,152,,Sold,,,https://www.redfin.com/MD/Baltimore/103-Scott-St-21201/home/10957360,BRIGHT MLS,MDBA2098058,N,Y,39.2866919,-76.6288447
PAST SALE,September-25-2023,Single Family Residential,5901 Daybreak Ter,Baltimore,MD,21206,245000,2,2,HAZELWOOD MANOR,1456,6500,1960,,168,,Sold,,,https://www.redfin.com/MD/Baltimore/5901-Daybreak-Ter-21206/home/9390667,BRIGHT MLS,MDBC2075920,N,Y,39.3437727,-76.5165917
PAST SALE,October-12-2023,Townhouse,1426 Bonsal St,Baltimore,MD,21224,140000,3,1.5,Ward 26,1024,1568,1955,,137,,Sold,,,https://www.redfin.com/MD/Baltimore/1426-Bonsal-St-21224/home/11066635,BRIGHT MLS,MDBA2088794,N,Y,39.2770402,-76.5448606
PAST SALE,October-2-2023,Townhouse,2421 Fleet St,Baltimore,MD,21224,350000,2,2.5,Ward 1,1152,720,1860,,304,,Sold,,,https://www.redfin.com/MD/Baltimore/2421-Fleet-St-21224/home/10729320,BRIGHT MLS,MDBA2097644,N,Y,39.2848655,-76.5819717
PAST SALE,,Townhouse,2751 Fenwick Ave,Baltimore,MD,21218,61500,,,,,1304,1920,,,,,,,https://www.redfin.com/MD/Baltimore/2751-Fenwick-Ave-21218/home/10819992,,,N,Y,39.3235291,-76.5904453
PAST SALE,October-6-2023,Townhouse,731 S Ellwood Ave,Baltimore,MD,21224,320000,2,1.5,Ward 1,1288,,1910,,248,,Sold,,,https://www.redfin.com/MD/Baltimore/731-S-Ellwood-Ave-21224/home/10739537,BRIGHT MLS,MDBA2092748,N,Y,39.2836715,-76.5725728
PAST SALE,September-28-2023,Townhouse,5525 Medwick Garth S,Catonsville,MD,21228,265000,3,2,Ward 28,1216,1216,1956,,218,,Sold,,,https://www.redfin.com/MD/Baltimore/5525-Medwick-Garth-S-21228/home/11221006,BRIGHT MLS,MDBA2096048,N,Y,39.278719,-76.710752
PAST SALE,September-26-2023,Townhouse,3030 Windsor Ave,Baltimore,MD,21216,96000,4,1,Ward 15,1444,1444,1917,,66,,Sold,,,https://www.redfin.com/MD/Baltimore/3030-Windsor-Ave-21216/home/10885418,BRIGHT MLS,MDBA2096216,N,Y,39.3124435,-76.6689139
PAST SALE,October-20-2023,Single Family Residential,328 Tunbridge Rd,Baltimore,MD,21212,598500,5,3,Ward 27,2581,9169,1928,,232,22,Sold,,,https://www.redfin.com/MD/Baltimore/328-Tunbridge-Rd-21212/home/11152493,BRIGHT MLS,MDBA2088408,N,Y,39.3574769,-76.6128172
PAST SALE,October-10-2023,Single Family Residential,4402 Colborne Rd,Baltimore,MD,21229,167000,6,3,Ward 28,2368,15947,1920,,71,,Sold,,,https://www.redfin.com/MD/Baltimore/4402-Colborne-Rd-21229/home/11219261,BRIGHT MLS,MDBA2098792,N,Y,39.2951066,-76.6904527
PAST SALE,October-6-2023,Single Family Residential,3200 Hamilton Ave,Baltimore,MD,21214,415000,6,4,Ward 27,3382,12420,1924,,123,,Sold,,,https://www.redfin.com/MD/Baltimore/3200-Hamilton-Ave-21214/home/11135571,BRIGHT MLS,MDBA2086882,N,Y,39.3499399,-76.5589153
PAST SALE,September-29-2023,Townhouse,1006 S Belnord Ave,Baltimore,MD,21224,242000,1,1,Ward 1,776,1742,1920,,312,,Sold,,,https://www.redfin.com/MD/Baltimore/1006-S-Belnord-Ave-21224/home/10732892,BRIGHT MLS,MDBA2095658,N,Y,39.280778,-76.5774607
PAST SALE,October-3-2023,Townhouse,717 Springfield Ave,Baltimore,MD,21212,140000,3,1,Ward 27,1160,1892,1920,,121,,Sold,,,https://www.redfin.com/MD/Baltimore/717-Springfield-Ave-21212/home/11192939,BRIGHT MLS,MDBA2096744,N,Y,39.3408521,-76.605776
PAST SALE,,Townhouse,707 McKewin Ave,Baltimore,MD,21218,224900,,3,,1870,1274,1927,,120,,,,,https://www.redfin.com/MD/Baltimore/707-McKewin-Ave-21218/home/10823557,,,N,Y,39.3326555,-76.6058117
PAST SALE,October-20-2023,Townhouse,7260 Conley St,Baltimore,MD,21224,170000,2,1,EASTWOOD,996,1600,1955,,171,,Sold,,,https://www.redfin.com/MD/Baltimore/7260-Conley-St-21224/home/9326275,BRIGHT MLS,MDBC2079096,N,Y,39.2932054,-76.5243336
PAST SALE,September-25-2023,Townhouse,2234 W North Ave,Baltimore,MD,21216,50000,4,2,Ward 15,2400,3600,1920,,21,,Sold,,,https://www.redfin.com/MD/Baltimore/2234-W-North-Ave-21216/home/10897761,BRIGHT MLS,MDBA2098788,N,Y,39.3098975,-76.6538876
PAST SALE,October-10-2023,Townhouse,2905 Guilford Ave,Baltimore,MD,21218,417000,4,2.5,Ward 12,2016,,1920,,207,,Sold,,,https://www.redfin.com/MD/Baltimore/2905-Guilford-Ave-21218/home/10850183,BRIGHT MLS,MDBA2098230,N,Y,39.3235749,-76.6130135
PAST SALE,September-28-2023,Townhouse,1507 Upshire Rd,Baltimore,MD,21218,270000,3,2,Ward 9,1940,2988,1951,,139,,Sold,,,https://www.redfin.com/MD/Baltimore/1507-Upshire-Rd-21218/home/10828593,BRIGHT MLS,MDBA2095580,N,Y,39.3336612,-76.5942914
PAST SALE,September-27-2023,Townhouse,1326 N Stockton St,Baltimore,MD,21217,158000,4,2.5,Ward 15,,958,1992,,,,Sold,,,https://www.redfin.com/MD/Baltimore/1326-N-Stockton-St-21217/home/10892818,BRIGHT MLS,MDBA2097494,N,Y,39.3044585,-76.6384438
PAST SALE,,Townhouse,2720 Jefferson St,Baltimore,MD,21205,222000,,1.5,,630,1015,1902,,352,,,,,https://www.redfin.com/MD/Baltimore/2720-Jefferson-St-21205/home/10773436,,,N,Y,39.2970369,-76.5782882
PAST SALE,October-18-2023,Townhouse,2412 Keyworth Ave,Baltimore,MD,21215,97250,3,2,Ward 15,,2945,1920,,,,Sold,,,https://www.redfin.com/MD/Baltimore/2412-Keyworth-Ave-21215/home/10918944,BRIGHT MLS,MDBA2099000,N,Y,39.3355108,-76.6572282
PAST SALE,October-12-2023,Townhouse,239 S Macon St,Baltimore,MD,21224,361000,3,3.5,Ward 26,1600,1306,2020,,226,52,Sold,,,https://www.redfin.com/MD/Baltimore/239-S-Macon-St-21224/home/147010882,BRIGHT MLS,MDBA2097892,N,Y,39.2891689,-76.557217
PAST SALE,,Townhouse,2100 Vine St,Baltimore,MD,21223,65000,,1,,1800,900,1920,,36,,,,,https://www.redfin.com/MD/Baltimore/2100-Vine-St-21223/home/25808470,,,N,Y,39.2900555,-76.6503372
PAST SALE,October-10-2023,Single Family Residential,5300 Merceron Ave,Baltimore,MD,21207,190000,3,1.5,Ward 28,1500,11896,1918,,127,,Sold,,,https://www.redfin.com/MD/Baltimore/5300-Merceron-Ave-21207/home/11214246,BRIGHT MLS,MDBA2097646,N,Y,39.3391811,-76.6975365
PAST SALE,September-29-2023,Single Family Residential,2602 Wisteria Ave,Baltimore,MD,21214,355000,4,3,Ward 27,2118,5998,1926,,168,,Sold,,,https://www.redfin.com/MD/Baltimore/2602-Wisteria-Ave-21214/home/11186680,BRIGHT MLS,MDBA2096560,N,Y,39.3558619,-76.5643675
PAST SALE,October-20-2023,Townhouse,3309 Northway,Baltimore,MD,21234,206000,3,1.5,Ward 27,1350,3299,1953,,153,,Sold,,,https://www.redfin.com/MD/Baltimore/3309-Northway-Dr-21234/home/11138213,BRIGHT MLS,MDBA2098692,N,Y,39.3608521,-76.5430815
PAST SALE,October-6-2023,Townhouse,501 Grundy St,Baltimore,MD,21224,155000,3,1,Ward 26,1404,1404,1920,,110,,Sold,,,https://www.redfin.com/MD/Baltimore/501-Grundy-St-21224/home/11074718,BRIGHT MLS,MDBA2095386,N,Y,39.2863892,-76.5631032
PAST SALE,September-29-2023,Single Family Residential,2610 Chesley,Baltimore,MD,21234,300000,4,1.5,Ward 27,1716,4599,1955,,175,,Sold,,,https://www.redfin.com/MD/Baltimore/2610-Chesley-Ave-21234/home/11191168,BRIGHT MLS,MDBA2094474,N,Y,39.3685852,-76.5577413
PAST SALE,October-11-2023,Townhouse,3722 Bonview Ave,Baltimore,MD,21213,225000,4,2,Ward 26,1890,3000,1954,,119,,Sold,,,https://www.redfin.com/MD/Baltimore/3722-Bonview-Ave-21213/home/11105680,BRIGHT MLS,MDBA2098876,N,Y,39.3149071,-76.5657319
PAST SALE,October-17-2023,Townhouse,109 N Edgewood St,Baltimore,MD,21229,206000,3,2,Ward 20,1590,1742,1948,,130,,Sold,,,https://www.redfin.com/MD/Baltimore/109-N-Edgewood-St-21229/home/10988697,BRIGHT MLS,MDBA2095126,N,Y,39.2891348,-76.6771516
PAST SALE,October-20-2023,Single Family Residential,102 Manor Ave,Baltimore,MD,21206,335000,3,2,OVERLEA MANOR,1754,5400,1939,,191,,Sold,,,https://www.redfin.com/MD/Baltimore/102-Manor-Ave-21206/home/9405716,BRIGHT MLS,MDBC2078114,N,Y,39.3606638,-76.5285044
PAST SALE,,Townhouse,156 Irving St,Baltimore,MD,21229,197500,,1,,1184,910,1920,,167,,,,,https://www.redfin.com/MD/Baltimore/156-Irving-St-21229/home/10971375,,,N,Y,39.2838529,-76.68286
PAST SALE,October-20-2023,Townhouse,1504 Baker St,Baltimore,MD,21217,35000,0,,Ward 15,,,1920,,,,Sold,,,https://www.redfin.com/MD/Baltimore/1504-Baker-St-21217/home/10894136,BRIGHT MLS,MDBA2098166,N,Y,39.3069511,-76.642404
PAST SALE,October-6-2023,Townhouse,3913 Fairview Ave,Baltimore,MD,21216,165000,4,2,Ward 15,1596,2058,1930,,103,,Sold,,,https://www.redfin.com/MD/Baltimore/3913-Fairview-Ave-21216/home/10882937,BRIGHT MLS,MDBA2097926,N,Y,39.323457,-76.6837325
PAST SALE,October-23-2023,Townhouse,1322 Andre St,Baltimore,MD,21230,320000,2,2,Ward 24,1078,,1875,,297,,Sold,,,https://www.redfin.com/MD/Baltimore/1322-Andre-St-21230/home/11023211,BRIGHT MLS,MDBA2098372,N,Y,39.2702835,-76.590054
PAST SALE,October-9-2023,Townhouse,1116 S Carey St,Baltimore,MD,21223,169900,2,1.5,Ward 21,1160,,1900,,146,,Sold,,,https://www.redfin.com/MD/Baltimore/1116-S-Carey-St-21223/home/10999493,BRIGHT MLS,MDBA2098326,N,Y,39.280945,-76.6361073
PAST SALE,October-12-2023,Townhouse,1107 N Montford Ave N,Baltimore,MD,21213,99900,3,1.5,Ward 8,1086,871,1905,,92,,Sold,,,https://www.redfin.com/MD/Baltimore/1107-N-Montford-Ave-21213/home/10797206,BRIGHT MLS,MDBA2096686,N,Y,39.304092,-76.5838508
PAST SALE,October-18-2023,Townhouse,15 N Patterson Park Ave,Baltimore,MD,21231,415000,3,2.5,Ward 6,2146,2178,1920,,193,,Sold,,,https://www.redfin.com/MD/Baltimore/15-N-Patterson-Park-Ave-21231/home/10758798,BRIGHT MLS,MDBA2098236,N,Y,39.2923218,-76.584526
PAST SALE,September-28-2023,Townhouse,4204 Pimlico Rd,Baltimore,MD,21215,44000,3,1,Ward 15,1000,,1940,,44,,Sold,,,https://www.redfin.com/MD/Baltimore/4204-Pimlico-Rd-21215/home/10920235,BRIGHT MLS,MDBA2092220,N,Y,39.3375905,-76.6631826
PAST SALE,October-16-2023,Townhouse,538 E Clement St,Baltimore,MD,21230,335000,2,2.5,Ward 24,1176,972,1875,,285,,Sold,,,https://www.redfin.com/MD/Baltimore/538-E-Clement-St-21230/home/11025289,BRIGHT MLS,MDBA2098384,N,Y,39.2741835,-76.605607
PAST SALE,October-2-2023,Townhouse,1333 Church St,Baltimore City,MD,21226,60000,3,1,Ward 25,1088,2150,1950,,55,,Sold,,,https://www.redfin.com/MD/Curtis-Bay/1333-Church-St-21226/home/11060323,BRIGHT MLS,MDBA2094850,N,Y,39.2225825,-76.5920198
PAST SALE,October-16-2023,Townhouse,2687 Saint Benedict St,Baltimore,MD,21223,72500,3,1,Ward 20,,851,1920,,,,Sold,,,https://www.redfin.com/MD/Baltimore/2687-Saint-Benedict-St-21223/home/10978026,BRIGHT MLS,MDBA2098304,N,Y,39.2786893,-76.6583348
PAST SALE,October-13-2023,Townhouse,605 Harvey St,Baltimore,MD,21230,290000,2,2,Ward 24,896,,1900,,324,,Sold,,,https://www.redfin.com/MD/Baltimore/605-Harvey-St-21230/home/11021345,BRIGHT MLS,MDBA2093432,N,Y,39.273556,-76.6048397
PAST SALE,September-28-2023,Townhouse,2003 Homewood Ave,Baltimore,MD,21218,34100,3,1,Ward 9,,,1920,,,,Sold,,,https://www.redfin.com/MD/Baltimore/2003-Homewood-Ave-21218/home/10813047,BRIGHT MLS,MDBA2095008,N,Y,39.31277,-76.6069737
PAST SALE,September-29-2023,Townhouse,934 Harlem Ave,Baltimore,MD,21217,55000,0,,Ward 16,,1802,1920,,,,Sold,,,https://www.redfin.com/MD/Baltimore/934-Harlem-Ave-21217/home/10937255,BRIGHT MLS,MDBA2085820,N,Y,39.296965,-76.6344798
PAST SALE,October-24-2023,Townhouse,7259 Stratton Way,Baltimore,MD,21224,228000,3,1,EASTWOOD,1180,1926,1956,,193,,Sold,,,https://www.redfin.com/MD/Baltimore/7259-Stratton-Way-21224/home/9294239,BRIGHT MLS,MDBC2076168,N,Y,39.292046,-76.5219257
PAST SALE,October-16-2023,Townhouse,606 Highland Ave N,Baltimore,MD,21205,100000,3,2,Baltimore,699,,1935,,143,,Sold,,,https://www.redfin.com/MD/Baltimore/606-N-Highland-Ave-21205/home/11090035,BRIGHT MLS,MDBA2099022,N,Y,39.2985024,-76.5701016
PAST SALE,October-25-2023,Townhouse,710 William St,Baltimore,MD,21230,400000,3,3,Ward 22,1984,842,1825,,202,,Sold,,,https://www.redfin.com/MD/Baltimore/710-William-St-21230/home/11007988,BRIGHT MLS,MDBA2099072,N,Y,39.2803251,-76.6114518
PAST SALE,October-23-2023,Townhouse,2126 N Pulaski St,Baltimore,MD,21217,230500,4,3,Ward 15,,1980,1920,,,,Sold,,,https://www.redfin.com/MD/Baltimore/2126-N-Pulaski-St-21217/home/10899437,BRIGHT MLS,MDBA2100110,N,Y,39.3126353,-76.6517171
PAST SALE,September-28-2023,Townhouse,2713 E Fayette St,Baltimore,MD,21224,39600,0,,Ward 6,1144,,1920,,35,,Sold,,,https://www.redfin.com/MD/Baltimore/2713-E-Fayette-St-21224/home/10761048,BRIGHT MLS,MDBA2093674,N,Y,39.2944239,-76.5783801
PAST SALE,October-25-2023,Single Family Residential,3205 Howard Park,Baltimore,MD,21207,325000,3,2.5,Ward 28,2277,11076,1920,,143,,Sold,,,https://www.redfin.com/MD/Baltimore/3205-Howard-Park-Ave-21207/home/11891483,BRIGHT MLS,MDBA2097662,N,Y,39.3279052,-76.6984985
PAST SALE,October-12-2023,Townhouse,3304 Brighton St,Baltimore,MD,21216,47500,3,1,Ward 16,1272,,1930,,37,,Sold,,,https://www.redfin.com/MD/Baltimore/3304-Brighton-St-21216/home/10941153,BRIGHT MLS,MDBA2097340,N,Y,39.3051806,-76.6723492
PAST SALE,October-11-2023,Single Family Residential,4403 Woodlea Ave,Baltimore,MD,21206,318500,4,3,Ward 26,2169,4848,1932,,147,,Sold,,,https://www.redfin.com/MD/Baltimore/4403-Woodlea-Ave-21206/home/11116675,BRIGHT MLS,MDBA2097538,N,Y,39.3320766,-76.5545805
PAST SALE,,Townhouse,447 E Lanvale St,Baltimore,MD,21202,120000,,,,,910,1920,,,,,,,https://www.redfin.com/MD/Baltimore/447-E-Lanvale-St-21202/home/10844291,,,N,Y,39.3088754,-76.6093901
PAST SALE,,Townhouse,3955 Brooklyn Ave,Baltimore,MD,21225,103950,,1,,1140,2758,1941,,91,,,,,https://www.redfin.com/MD/Baltimore/3955-Brooklyn-Ave-21225/home/11051573,,,N,Y,39.2310747,-76.6022115
PAST SALE,October-12-2023,Townhouse,2119 Essex St,Baltimore,MD,21231,592500,2,2.5,Ward 1,1847,1307,2000,,321,,Sold,,,https://www.redfin.com/MD/Baltimore/2119-Essex-St-21231/home/11221867,BRIGHT MLS,MDBA2096674,N,Y,39.284482,-76.585301
PAST SALE,October-20-2023,Townhouse,5644 Leiden Rd,Baltimore,MD,21206,222500,3,1.5,HOLLAND HILL,1184,2120,1964,,188,,Sold,,,https://www.redfin.com/MD/Baltimore/5644-Leiden-Rd-21206/home/9408387,BRIGHT MLS,MDBC2078726,N,Y,39.3350972,-76.5273919
PAST SALE,October-12-2023,Townhouse,5509 The Alameda,Baltimore,MD,21239,189000,3,1.5,Ward 27,1064,2185,1951,,178,,Sold,,,https://www.redfin.com/MD/Baltimore/5509-The-Alameda-21239/home/11150898,BRIGHT MLS,MDBA2094318,N,Y,39.3556578,-76.5963763
PAST SALE,October-13-2023,Townhouse,2612 Llewelyn Ave,Baltimore,MD,21213,209900,3,3.5,Ward 8,1400,1742,1900,,150,,Sold,,,https://www.redfin.com/MD/Baltimore/2612-Llewelyn-Ave-21213/home/10792420,BRIGHT MLS,MDBA2093074,N,Y,39.3076286,-76.5806799
PAST SALE,October-20-2023,Townhouse,402 Gold St,Baltimore,MD,21217,335000,6,4,Ward 14,3006,3049,1920,,111,,Sold,,,https://www.redfin.com/MD/Baltimore/402-Gold-St-21217/home/10877321,BRIGHT MLS,MDBA2098290,N,Y,39.3094676,-76.6370925
PAST SALE,October-6-2023,Townhouse,4421 Shamrock Ave,Baltimore,MD,21206,135000,3,1,Ward 26,1076,,1955,,125,,Sold,,,https://www.redfin.com/MD/Baltimore/4421-Shamrock-Ave-21206/home/11101337,BRIGHT MLS,MDBA2098306,N,Y,39.3245808,-76.5610403
PAST SALE,September-27-2023,Single Family Residential,5908 Meadowood Rd,Baltimore,MD,21212,815000,4,3.5,Ward 27,2350,10846,1956,,347,,Sold,,,https://www.redfin.com/MD/Baltimore/5908-Meadowood-Rd-21212/home/11211957,BRIGHT MLS,MDBA2096566,N,Y,39.3695445,-76.6234684
PAST SALE,October-24-2023,Townhouse,2216 E Chase St,Baltimore,MD,21213,299900,4,3,Ward 8,2000,6534,1915,,150,,Sold,,,https://www.redfin.com/MD/Baltimore/2216-E-Chase-St-21213/home/25793020,BRIGHT MLS,MDBA2096656,N,Y,39.3037165,-76.5864323
PAST SALE,September-26-2023,Townhouse,7135 Greenwood Ave,Baltimore,MD,21206,210000,2,2,KEN KNOLL,960,4040,1953,,219,,Sold,,,https://www.redfin.com/MD/Baltimore/7135-Greenwood-Ave-21206/home/9393375,BRIGHT MLS,MDBC2075888,N,Y,39.3560894,-76.5200354
PAST SALE,September-27-2023,Single Family Residential,610 Elmwood Rd,Baltimore,MD,21206,240000,3,1,ELMWOOD,1360,6250,1928,,176,,Sold,,,https://www.redfin.com/MD/Baltimore/610-Elmwood-Rd-21206/home/9409270,BRIGHT MLS,MDBC2075446,N,Y,39.3516243,-76.524461
PAST SALE,October-20-2023,Townhouse,1311 W Lombard St,Baltimore,MD,21223,400000,4,3.5,Ward 19,2798,,1880,,143,,Sold,,,https://www.redfin.com/MD/Baltimore/1311-W-Lombard-St-21223/home/10966584,BRIGHT MLS,MDBA2096498,N,Y,39.2863629,-76.6384094
PAST SALE,,Townhouse,701 Stamford Rd,Baltimore,MD,21229,257500,,2,,1548,5663,1990,,166,,,,,https://www.redfin.com/MD/Baltimore/701-Stamford-Rd-21229/home/11219936,,,N,Y,39.2924384,-76.7057683
PAST SALE,September-29-2023,Single Family Residential,2308 Roslyn Ave,Baltimore,MD,21216,499899,7,5.5,Ward 15,3902,6500,1920,,128,,Sold,,,https://www.redfin.com/MD/Baltimore/2308-Roslyn-Ave-21216/home/10913885,BRIGHT MLS,MDBA2096364,N,Y,39.3147826,-76.6784257
PAST SALE,October-6-2023,Townhouse,318 N Stricker St,Baltimore,MD,21223,49900,7,3,Ward 19,,1566,1920,,,,Sold,,,https://www.redfin.com/MD/Baltimore/318-N-Stricker-St-21223/home/10959242,BRIGHT MLS,MDBA2097250,N,Y,39.2926853,-76.6414404
PAST SALE,September-25-2023,Townhouse,1513 E Lafayette Ave,Baltimore,MD,21213,75000,5,1.5,Ward 8,195,195,1900,,385,,Sold,,,https://www.redfin.com/MD/Baltimore/1513-E-Lafayette-Ave-21213/home/10783458,BRIGHT MLS,MDBA2093258,N,Y,39.3103887,-76.5974836
PAST SALE,October-19-2023,Townhouse,2056 Clipper Park Rd,Baltimore,MD,21211,420000,3,3.5,Ward 13,2000,1742,2006,,210,210,Sold,,,https://www.redfin.com/MD/Baltimore/2056-Clipper-Park-Rd-21211/home/11891578,BRIGHT MLS,MDBA2097766,N,Y,39.3315865,-76.6468915
PAST SALE,October-23-2023,Townhouse,4623 Wilkens Ave,Baltimore,MD,21229,275000,3,2,ELM RIDGE,1312,2100,1942,,210,,Sold,,,https://www.redfin.com/MD/Baltimore/4623-Wilkens-Ave-21229/home/9382874,BRIGHT MLS,MDBC2075322,N,Y,39.2645257,-76.6987579
PAST SALE,October-5-2023,Townhouse,2723 E Hoffman St,Baltimore,MD,21213,47300,0,,Ward 8,840,,1950,,56,,Sold,,,https://www.redfin.com/MD/Baltimore/2723-E-Hoffman-St-21213/home/10789678,BRIGHT MLS,MDBA2094056,N,Y,39.3068216,-76.5792261
PAST SALE,October-6-2023,Single Family Residential,1206 E 36th St,Baltimore,MD,21218,320000,3,2.5,Ward 9,2080,5917,1937,,154,,Sold,,,https://www.redfin.com/MD/Baltimore/1206-E-36th-St-21218/home/10063605,BRIGHT MLS,MDBA2096966,N,Y,39.3319194,-76.5985224
PAST SALE,September-28-2023,Townhouse,615 S Clinton St,Baltimore,MD,21224,445000,3,3.5,Ward 26,2127,1120,1910,,209,,Sold,,,https://www.redfin.com/MD/Baltimore/615-S-Clinton-St-21224/home/11075060,BRIGHT MLS,MDBA2094652,N,Y,39.2851254,-76.56966
PAST SALE,October-3-2023,Townhouse,2805 Sunset Dr,Baltimore,MD,21223,75000,2,1,Ward 20,1040,,1920,,72,,Sold,,,https://www.redfin.com/MD/Baltimore/2805-Sunset-Dr-21223/home/10973891,BRIGHT MLS,MDBA2093648,N,Y,39.2771852,-76.6633915
PAST SALE,October-13-2023,Townhouse,2032 E 31st St,Baltimore,MD,21218,300000,4,3.5,Ward 9,3136,,1920,,96,,Sold,,,https://www.redfin.com/MD/Baltimore/2032-E-31st-St-21218/home/10814714,BRIGHT MLS,MDBA2094500,N,Y,39.326558,-76.586035
PAST SALE,October-12-2023,Townhouse,4118 Norfolk Ave,Baltimore,MD,21216,100000,3,2,Ward 15,1824,,1923,,55,,Sold,,,https://www.redfin.com/MD/Baltimore/4118-Norfolk-Ave-21216/home/10882623,BRIGHT MLS,MDBA2098138,N,Y,39.3235846,-76.6874731
PAST SALE,October-5-2023,Single Family Residential,1316 Asbury Rd,Baltimore,MD,21209,375000,3,2.5,Ward 27,1700,4939,1940,,221,,Sold,,,https://www.redfin.com/MD/Baltimore/1316-Asbury-Rd-21209/home/11159229,BRIGHT MLS,MDBA2092706,N,Y,39.370846,-76.6510403
PAST SALE,October-9-2023,Townhouse,1922 Griffis Ave,Baltimore,MD,21230,90000,2,1,Ward 25,968,1306,1926,,93,,Sold,,,https://www.redfin.com/MD/Baltimore/1922-Griffis-Ave-21230/home/11037221,BRIGHT MLS,MDBA2094872,N,Y,39.2671814,-76.6502428
PAST SALE,September-29-2023,Townhouse,705 E 21st St,Baltimore,MD,21218,102000,7,2,Ward 9,,,1920,,,,Sold,,,https://www.redfin.com/MD/Baltimore/705-E-21st-St-21218/home/10809911,BRIGHT MLS,MDBA2096760,N,Y,39.3134179,-76.6081754
PAST SALE,September-29-2023,Townhouse,1336 Winston Ave,Baltimore,MD,21239,134000,3,1,Ward 27,1248,2178,1945,,107,,Sold,,,https://www.redfin.com/MD/Baltimore/1336-Winston-Ave-21239/home/11195428,BRIGHT MLS,MDBA2096772,N,Y,39.3503273,-76.5951345
PAST SALE,October-10-2023,Townhouse,2236 Prentiss Pl,Baltimore,MD,21205,214000,3,3.5,Ward 8,,826,1915,,,,Sold,,,https://www.redfin.com/MD/Baltimore/2236-Prentiss-Pl-21205/home/10788188,BRIGHT MLS,MDBA2094392,N,Y,39.3031137,-76.5859919
PAST SALE,October-6-2023,Townhouse,1737 Ruxton Ave,Baltimore,MD,21216,85000,2,1,Ward 15,,,1920,,,,Sold,,,https://www.redfin.com/MD/Baltimore/1737-Ruxton-Ave-21216/home/10923132,BRIGHT MLS,MDBA2095018,N,Y,39.3084586,-76.6548192
PAST SALE,,Townhouse,2251 W Baltimore St,Baltimore,MD,21223,56000,,,,,1050,1920,,,,,,,https://www.redfin.com/MD/Baltimore/2251-W-Baltimore-St-21223/home/10985373,,,N,Y,39.2878028,-76.6529775
PAST SALE,,Single Family Residential,2907 Mount Holly St,Baltimore,MD,21216,65000,,2.5,,1890,9000,1935,,34,,,,,https://www.redfin.com/MD/Baltimore/2907-Mount-Holly-St-21216/home/10909601,,,N,Y,39.3206435,-76.6829293
PAST SALE,October-20-2023,Townhouse,5427 Radecke Ave,Baltimore,MD,21206,123501,3,1,Ward 26,1024,,1954,,121,,Sold,,,https://www.redfin.com/MD/Baltimore/5427-Radecke-Ave-21206/home/11088298,BRIGHT MLS,MDBA2098862,N,Y,39.3293097,-76.5395239
PAST SALE,,Townhouse,207 S Fulton Ave,Baltimore,MD,21223,40000,,,,,1305,1900,,,,,,,https://www.redfin.com/MD/Baltimore/207-S-Fulton-Ave-21223/home/10961596,,,N,Y,39.2849342,-76.6448256
PAST SALE,October-16-2023,Single Family Residential,4104 Hillcrest Ave,Brooklyn,MD,21225,170000,2,1,Ward 25,892,6247,1955,,191,,Sold,,,https://www.redfin.com/MD/Baltimore/4104-Hillcrest-Ave-21225/home/11053711,BRIGHT MLS,MDBA2098296,N,Y,39.2309595,-76.6068141
PAST SALE,October-13-2023,Townhouse,4511 Marx Ave,Baltimore,MD,21206,225000,3,2,Ward 26,1474,3344,1953,,153,,Sold,,,https://www.redfin.com/MD/Baltimore/4511-Marx-Ave-21206/home/11116055,BRIGHT MLS,MDBA2096988,N,Y,39.3293085,-76.5555573
PAST SALE,October-20-2023,Townhouse,3817 Reisterstown Rd,Baltimore,MD,21215,45000,3,1.5,Ward 15,1600,1877,1920,,28,,Sold,,,https://www.redfin.com/MD/Baltimore/3817-Reisterstown-Rd-21215/home/10916555,BRIGHT MLS,MDBA2095402,N,Y,39.3319916,-76.6623557
PAST SALE,September-29-2023,Townhouse,1839 E 30th St,Baltimore,MD,21218,135000,3,1,Ward 9,1300,1346,1926,,104,,Sold,,,https://www.redfin.com/MD/Baltimore/1839-E-30th-St-21218/home/10820941,BRIGHT MLS,MDBA2095290,N,Y,39.3251618,-76.5896097
PAST SALE,October-6-2023,Townhouse,226 Maude Ave,Baltimore,MD,21225,115000,3,1.5,Ward 25,1152,1307,1990,,100,,Sold,,,https://www.redfin.com/MD/Baltimore/226-Maude-Ave-21225/home/11048055,BRIGHT MLS,MDBA2084710,N,Y,39.2398935,-76.6051275
PAST SALE,October-6-2023,Townhouse,3118 Lawnview Ave,Baltimore,MD,21213,107500,3,1,Ward 8,1280,1600,1926,,84,,Sold,,,https://www.redfin.com/MD/Baltimore/3118-Lawnview-Ave-21213/home/10801425,BRIGHT MLS,MDBA2096494,N,Y,39.3198964,-76.574072
PAST SALE,October-18-2023,Townhouse,4516 Fairfax Rd,Baltimore,MD,21216,126500,4,2,Ward 28,1522,,1949,,83,,Sold,,,https://www.redfin.com/MD/Baltimore/4516-Fairfax-Rd-21216/home/11217883,BRIGHT MLS,MDBA2093160,N,Y,39.3186496,-76.6915861
PAST SALE,October-24-2023,Single Family Residential,4332 N Charles St,Baltimore,MD,21218,1400000,7,4.5,Ward 27,6430,11878,1915,,218,22,Sold,,,https://www.redfin.com/MD/Baltimore/4332-N-Charles-St-21218/home/11157493,BRIGHT MLS,MDBA2098636,N,Y,39.3422948,-76.6219725
PAST SALE,September-29-2023,Townhouse,608 N Glover St,Baltimore,MD,21205,79860,3,1,Ward 7,,,1920,,,,Sold,,,https://www.redfin.com/MD/Baltimore/608-N-Glover-St-21205/home/10771417,BRIGHT MLS,MDBA2095770,N,Y,39.2982614,-76.5803036
PAST SALE,September-29-2023,Townhouse,820 Oldham St,Baltimore,MD,21224,390000,3,2.5,Ward 26,1656,1306,2015,,236,73,Sold,,,https://www.redfin.com/MD/Baltimore/820-Oldham-St-21224/home/109882894,BRIGHT MLS,MDBA2096568,N,Y,39.283356,-76.5557347
PAST SALE,September-27-2023,Townhouse,1607 Popland St,Baltimore City,MD,21226,115000,4,2,Ward 25,1236,1236,1943,,93,,Sold,,,https://www.redfin.com/MD/Curtis-Bay/1607-Popland-St-21226/home/11058895,BRIGHT MLS,MDBA2083864,N,Y,39.2289503,-76.5881151
PAST SALE,October-20-2023,Townhouse,3221 Shannon Dr,Baltimore,MD,21213,150000,4,2,Ward 26,2164,6118,1928,,69,,Sold,,,https://www.redfin.com/MD/Baltimore/3221-Shannon-Dr-21213/home/11112528,BRIGHT MLS,MDBA2091486,N,Y,39.3245739,-76.5644501
PAST SALE,October-24-2023,Townhouse,5919 The Alameda,Baltimore,MD,21239,250000,3,1,Ward 27,1540,,1950,,162,,Sold,,,https://www.redfin.com/MD/Baltimore/5919-The-Alameda-21239/home/11203786,BRIGHT MLS,MDBA2094200,N,Y,39.3648861,-76.593474
PAST SALE,September-29-2023,Townhouse,2 N Streeper St N,Baltimore,MD,21224,290000,2,2,Ward 6,1560,871,1920,,186,,Sold,,,https://www.redfin.com/MD/Baltimore/2-N-Streeper-St-21224/home/10762012,BRIGHT MLS,MDBA2093338,N,Y,39.292541,-76.5770569
PAST SALE,,Townhouse,2636 Dulany St,Baltimore,MD,21223,112000,,1,,360,1250,1920,,311,,,,,https://www.redfin.com/MD/Baltimore/2636-Dulany-St-21223/home/10978795,,,N,Y,39.2802814,-76.6574564
PAST SALE,September-29-2023,Townhouse,1627 N Warwick Ave,Baltimore,MD,21216,82500,3,2,Ward 15,,1120,1920,,,,Sold,,,https://www.redfin.com/MD/Baltimore/1627-N-Warwick-Ave-21216/home/10890753,BRIGHT MLS,MDBA2095876,N,Y,39.3071483,-76.6568392
PAST SALE,,Townhouse,44 N Patterson Park Ave,Baltimore,MD,21231,475000,,3.5,,2822,1054,1920,,168,,,,,https://www.redfin.com/MD/Baltimore/44-N-Patterson-Park-Ave-21231/home/12170116,,,N,Y,39.2928736,-76.5850264
PAST SALE,October-20-2023,Townhouse,534 S Decker Ave,Baltimore,MD,21224,467500,4,3,Ward 1,1584,827,1910,,295,,Sold,,,https://www.redfin.com/MD/Baltimore/534-S-Decker-Ave-21224/home/10738068,BRIGHT MLS,MDBA2098832,N,Y,39.285456,-76.57379
PAST SALE,October-5-2023,Townhouse,3835 Reisterstown Rd,Baltimore,MD,21215,230000,4,3,Ward 15,,,1920,,,,Sold,,,https://www.redfin.com/MD/Baltimore/3835-Reisterstown-Rd-21215/home/10916534,BRIGHT MLS,MDBA2094068,N,Y,39.332499,-76.6627121
PAST SALE,October-17-2023,Townhouse,1611 Joplin St,Baltimore,MD,21224,138000,2,1,Ward 26,840,,1953,,164,,Sold,,,https://www.redfin.com/MD/Baltimore/1611-Joplin-St-21224/home/11064283,BRIGHT MLS,MDBA2098122,N,Y,39.2745909,-76.5369294
PAST SALE,,Townhouse,3505 Holmes Ave,Baltimore,MD,21217,75000,,1,,1643,1743,1920,,46,,,,,https://www.redfin.com/MD/Baltimore/3505-Holmes-Ave-21217/home/10863466,,,N,Y,39.319028,-76.6499908
PAST SALE,October-23-2023,Townhouse,810 N Stricker St,Baltimore,MD,21217,16000,3,1,Ward 16,,,1916,,,,Sold,,,https://www.redfin.com/MD/Baltimore/810-N-Stricker-St-21217/home/10935133,BRIGHT MLS,MDBA2095294,N,Y,39.2983174,-76.6417337
PAST SALE,October-23-2023,Townhouse,611 N Linwood Ave,Baltimore,MD,21205,51000,2,1,Ward 7,1548,845,1915,,33,,Sold,,,https://www.redfin.com/MD/Baltimore/611-N-Linwood-Ave-21205/home/10774123,BRIGHT MLS,MDBA2098440,N,Y,39.2985277,-76.5764101
PAST SALE,October-20-2023,Single Family Residential,4206 Woodlea Ave,Baltimore,MD,21206,274900,3,2,Ward 26,1625,6499,1929,,169,,Sold,,,https://www.redfin.com/MD/Baltimore/4206-Woodlea-Ave-21206/home/11116774,BRIGHT MLS,MDBA2101270,N,Y,39.3338895,-76.5560368
PAST SALE,October-16-2023,Townhouse,1212 S Highland Ave,Baltimore,MD,21224,815000,4,4.5,Ward 26,2548,,1920,,320,,Sold,,,https://www.redfin.com/MD/Baltimore/1212-S-Highland-Ave-21224/home/11067905,BRIGHT MLS,MDBA2075372,N,Y,39.2790835,-76.5687823
PAST SALE,October-25-2023,Single Family Residential,111 Bellemore Rd,Baltimore,MD,21210,750000,4,2.5,Ward 27,2493,9513,1941,,301,10,Sold,,,https://www.redfin.com/MD/Baltimore/111-Bellemore-Rd-21210/home/11161331,BRIGHT MLS,MDBA2097402,N,Y,39.3671875,-76.6298768
PAST SALE,October-24-2023,Townhouse,6912 Fieldcrest Rd,Baltimore,MD,21215,227500,3,3,Ward 27,1835,5160,1947,,124,,Sold,,,https://www.redfin.com/MD/Baltimore/6912-Fieldcrest-Rd-21215/home/11180852,BRIGHT MLS,MDBA2098612,N,Y,39.3636091,-76.7069778
PAST SALE,October-12-2023,Townhouse,425 N Linwood Ave,Baltimore,MD,21224,160000,3,2,Ward 6,1344,,1920,,119,,Sold,,,https://www.redfin.com/MD/Baltimore/425-N-Linwood-Ave-21224/home/10753135,BRIGHT MLS,MDBA2094824,N,Y,39.2964522,-76.5762418
PAST SALE,September-29-2023,Townhouse,615 N Ashburton St,Baltimore,MD,21216,75350,3,1,Ward 16,1530,949,1925,,49,,Sold,,,https://www.redfin.com/MD/Baltimore/615-N-Ashburton-St-21216/home/10932278,BRIGHT MLS,MDBA2095144,N,Y,39.2952284,-76.6612627
PAST SALE,September-29-2023,Townhouse,2106 Presstman St,Baltimore,MD,21217,140000,3,1.5,Ward 15,2000,2300,1920,,70,,Sold,,,https://www.redfin.com/MD/Baltimore/2106-Presstman-St-21217/home/10925149,BRIGHT MLS,MDBA2097034,N,Y,39.3052682,-76.6518078
PAST SALE,September-28-2023,Townhouse,518 N Belnord Ave,Baltimore,MD,21205,195000,2,2.5,Ward 7,,,1902,,,,Sold,,,https://www.redfin.com/MD/Baltimore/518-N-Belnord-Ave-21205/home/10773487,BRIGHT MLS,MDBA2081756,N,Y,39.2974596,-76.5788349
PAST SALE,October-19-2023,Townhouse,4406 Old York Rd,Baltimore,MD,21212,70000,3,1,Ward 27,1510,2726,1910,,46,,Sold,,,https://www.redfin.com/MD/Baltimore/4406-Old-York-Rd-21212/home/11193435,BRIGHT MLS,MDBA2098846,N,Y,39.3438127,-76.6081502
PAST SALE,,Townhouse,19 E Barney St,Baltimore,MD,21230,420000,,3.5,,1466,1045,1900,,286,,,,,https://www.redfin.com/MD/Baltimore/19-E-Barney-St-21230/home/11012711,,,N,Y,39.2693648,-76.6130629
PAST SALE,October-18-2023,Townhouse,3712 E Lombard St,Baltimore,MD,21224,150000,3,1,Ward 26,1120,1680,1920,,134,,Sold,,,https://www.redfin.com/MD/Baltimore/3712-E-Lombard-St-21224/home/11078226,BRIGHT MLS,MDBA2096256,N,Y,39.2916038,-76.5664247
PAST SALE,September-28-2023,Townhouse,5707 Gist Ave,Baltimore,MD,21215,225000,3,2,Ward 27,1750,2500,1950,,129,,Sold,,,https://www.redfin.com/MD/Baltimore/5707-Gist-Ave-21215/home/11183394,BRIGHT MLS,MDBA2093922,N,Y,39.3520052,-76.6896941
PAST SALE,October-5-2023,Townhouse,234 S Newkirk St,Baltimore,MD,21224,365000,3,3.5,Ward 26,1600,1306,2020,,228,52,Sold,,,https://www.redfin.com/MD/Baltimore/234-S-Newkirk-St-21224/home/147011236,BRIGHT MLS,MDBA2098354,N,Y,39.2892774,-76.5569385
PAST SALE,October-12-2023,Townhouse,7134 Eastbrook Ave,Baltimore,MD,21224,205000,3,1.5,EASTWOOD,1232,1600,1953,,166,,Sold,,,https://www.redfin.com/MD/Baltimore/7134-Eastbrook-Ave-21224/home/9302037,BRIGHT MLS,MDBC2077568,N,Y,39.2940364,-76.5262314
PAST SALE,October-23-2023,Townhouse,4791 1/2 Shamrock Ave,Baltimore,MD,21206,145000,2,1.5,Ward 26,1280,,1957,,113,,Sold,,,https://www.redfin.com/MD/Baltimore/4791-Shamrock-Ave-21206/home/11100762,BRIGHT MLS,MDBA2099250,N,Y,39.3231693,-76.553999
PAST SALE,October-20-2023,Townhouse,1457 Stevenson St,Baltimore,MD,21230,335000,2,2,Ward 24,1316,871,1880,,255,,Sold,,,https://www.redfin.com/MD/Baltimore/1457-Stevenson-St-21230/home/11022131,BRIGHT MLS,MDBA2099174,N,Y,39.2711619,-76.5976788
PAST SALE,October-6-2023,Townhouse,2630 E Baltimore St,Baltimore,MD,21224,355100,5,1.5,Ward 6,2390,,1900,,149,,Sold,,,https://www.redfin.com/MD/Baltimore/2630-E-Baltimore-St-21224/home/10760832,BRIGHT MLS,MDBA2094148,N,Y,39.2923044,-76.579411
PAST SALE,October-5-2023,Single Family Residential,5321 Wesley Ave,Baltimore,MD,21207,191500,4,2,Ward 28,1867,7750,1923,,103,,Sold,,,https://www.redfin.com/MD/Gwynn-Oak/5321-Wesley-Ave-21207/home/11216105,BRIGHT MLS,MDBA2096872,N,Y,39.331875,-76.70593
PAST SALE,,Townhouse,1638 N Ashburton St,Baltimore,MD,21216,203500,,,,,1400,1920,,,,,,,https://www.redfin.com/MD/Baltimore/1638-N-Ashburton-St-21216/home/10888397,,,N,Y,39.3069115,-76.662354
PAST SALE,October-20-2023,Townhouse,3022 E Pratt St,Baltimore,MD,21224,455000,4,3.5,Ward 1,2034,980,1906,,224,,Sold,,,https://www.redfin.com/MD/Baltimore/3022-E-Pratt-St-21224/home/10740783,BRIGHT MLS,MDBA2096146,N,Y,39.2901621,-76.573693
PAST SALE,,Townhouse,1420 E Lanvale St,Baltimore,MD,21213,110000,,,,,945,1920,,,,,,,https://www.redfin.com/MD/Baltimore/1420-E-Lanvale-St-21213/home/10811314,,,N,Y,39.3095932,-76.5992017
PAST SALE,October-6-2023,Single Family Residential,5125 Mcfaul Rd,Baltimore,MD,21206,295000,4,1.5,BLACKTHORN,1772,7150,1962,,166,,Sold,,,https://www.redfin.com/MD/Baltimore/5125-McFaul-Rd-21206/home/9402789,BRIGHT MLS,MDBC2074982,N,Y,39.3379923,-76.5184967
PAST SALE,September-25-2023,Townhouse,3423 Hickory Ave,Baltimore,MD,21211,131500,2,1,Ward 13,880,,1900,,149,,Sold,,,https://www.redfin.com/MD/Baltimore/3423-Hickory-Ave-21211/home/10870961,BRIGHT MLS,MDBA2083740,N,Y,39.329148,-76.63304
PAST SALE,October-13-2023,Townhouse,3520 Esther Pl,Baltimore,MD,21224,115500,3,1.5,Ward 26,912,1200,1900,,127,,Sold,,,https://www.redfin.com/MD/Baltimore/3520-Esther-Pl-21224/home/11086688,BRIGHT MLS,MDBA2096716,N,Y,39.2944885,-76.5681028
PAST SALE,October-23-2023,Townhouse,1703 Baker St,Baltimore,MD,21217,15000,0,,Ward 15,,,1915,,,,Sold,,,https://www.redfin.com/MD/Baltimore/1703-Baker-St-21217/home/10891239,BRIGHT MLS,MDBA2096698,N,Y,39.3065474,-76.64503
PAST SALE,September-27-2023,Townhouse,2211 W Pratt St,Baltimore,MD,21223,14500,3,1,Ward 20,1500,1125,1920,,10,,Sold,,,https://www.redfin.com/MD/Baltimore/2211-W-Pratt-St-21223/home/10979172,BRIGHT MLS,MDBA2096504,N,Y,39.2847689,-76.6516612
PAST SALE,October-13-2023,Townhouse,2903 Brighton St,Baltimore,MD,21216,164845,4,1.5,Ward 16,1440,1742,1920,,114,,Sold,,,https://www.redfin.com/MD/Baltimore/2903-Brighton-St-21216/home/10940885,BRIGHT MLS,MDBA2093666,N,Y,39.3051076,-76.6661288
