PAST SALE,October-12-2023,Townhouse,2308 Mitchellville Rd,Bowie,MD,20716,310000,3,1.5,LAKE VILLAGE MANOR AT LAKE VILLAGE-PLAT 2>,1160,1600,1983,,267,67,Sold,,,https://www.redfin.com/MD/Bowie/2308-Mitchellville-Rd-20716/home/10656856,BRIGHT MLS,MDPG2091474,N,Y,38.921524,-76.7322205
PAST SALE,April-28-2023,Single Family Residential,8443 Bates Dr,Bowie,MD,20720,540000,5,3.5,SPRINGFIELD MANOR,1878,11313,1996,,288,,Sold,,,https://www.redfin.com/MD/Bowie/8443-Bates-Dr-20720/home/10895842,BRIGHT MLS,MDPG2071030,N,Y,39.0043386,-76.795029
PAST SALE,September-25-2023,Single Family Residential,11711 Backus Dr,Bowie,MD,20720,620000,4,3.5,SPRINGFIELD MANOR,2488,10526,1990,,249,77,Sold,,,https://www.redfin.com/MD/Bowie/11711-Backus-Dr-20720/home/10895452,BRIGHT MLS,MDPG2089038,N,Y,39.0056754,-76.802668
PAST SALE,May-2-2023,Single Family Residential,12401 Melody Turn,Bowie,MD,20715,500000,4,3.0,MEADOWBROOK AT BELAIR,2503,11935,1965,,200,,Sold,,,https://www.redfin.com/MD/Bowie/12401-Melody-Turn-20715/home/10877863,BRIGHT MLS,MDPG2074694,N,Y,38.9820284,-76.7460517
PAST SALE,July-25-2023,Townhouse,927 Saint Michaels Dr,Bowie,MD,20721,331000,3,2.0,ENTERPRISE KNOLLS-PLAT FIVE,1080,1500,1986,,306,60,Sold,,,https://www.redfin.com/MD/Bowie/927-Saint-Michaels-Dr-20721/home/10836701,BRIGHT MLS,MDPG2079840,N,Y,38.9019822,-76.7970365
PAST SALE,October-13-2023,Townhouse,1814 Spanish Oak Ln,Bowie,MD,20721,455000,3,3.0,WOODVIEW VILL WEST PLT5-PLT OF CORR>,2690,1720,2001,,169,90,Sold,,,https://www.redfin.com/MD/Bowie/1814-Spanish-Oak-Ln-20721/home/10871552,BRIGHT MLS,MDPG2090442,N,Y,38.914144,-76.836204
PAST SALE,June-29-2023,Townhouse,15820 Piller Ln,Bowie,MD,20716,350000,3,1.5,LAKE VILLAGE MANOR AT LAKE VILLAGE-PLAT 2>,1720,1600,1981,,203,66,Sold,,,https://www.redfin.com/MD/Bowie/15820-Piller-Ln-20716/home/10656613,BRIGHT MLS,MDPG2078712,N,Y,38.9196057,-76.7324459
PAST SALE,June-30-2023,Single Family Residential,8226 Triple Crown Rd,Bowie,MD,20715,581000,4,3.0,DONTRINE SUB PLAT TWO,2923,10000,1987,,199,30,Sold,,,https://www.redfin.com/MD/Bowie/8226-Triple-Crown-Rd-20715/home/10891653,BRIGHT MLS,MDPG2079184,N,Y,39.0011387,-76.7716696
PAST SALE,June-2-2023,Single Family Residential,14818 Darbydale Dr,Bowie,MD,20721,663000,5,3.5,EAST HAMPTON-PLAT 1>,2868,12113,2001,,231,56,Sold,,,https://www.redfin.com/MD/Bowie/14818-Darbydale-Dr-20721/home/10672185,BRIGHT MLS,MDPG2074560,N,Y,38.9058885,-76.7469308
PAST SALE,May-1-2023,Single Family Residential,7700 Quaint Ct,Bowie,MD,20720,620000,5,3.5,NORTHRIDGE PLAT 2,2420,11293,1992,,256,70,Sold,,,https://www.redfin.com/MD/Bowie/7700-Quaint-Ct-20720/home/10875939,BRIGHT MLS,MDPG2074266,N,Y,38.9950497,-76.7880267
PAST SALE,May-5-2023,Townhouse,15705 Ebony Ct,Bowie,MD,20716,330000,3,2.5,ENFIELD CHASE PLATSIX-STAGE ONE,1238,1760,1985,,267,88,Sold,,,https://www.redfin.com/MD/Bowie/15705-Ebony-Ct-20716/home/10659254,BRIGHT MLS,MDPG2073854,N,Y,38.9363872,-76.7325925
PAST SALE,July-14-2023,Single Family Residential,5115 Birchmere Ter,Bowie,MD,20720,750000,4,3.5,COLLINGTON-ANTHONYS ADDN>,3900,15000,2010,,192,60,Sold,,,https://www.redfin.com/MD/Bowie/5115-Birchmere-Ter-20720/home/11161078,BRIGHT MLS,MDPG2081776,N,Y,38.9601545,-76.7559478
PAST SALE,June-9-2023,Townhouse,4625 Running Deer Way #357,Bowie,MD,20720,360000,3,3.5,GLENSFORD CONDO,1765,,1992,,204,324,Sold,,,https://www.redfin.com/MD/Bowie/4625-Running-Deer-Way-20720/unit-357/home/23410134,BRIGHT MLS,MDPG2077314,N,Y,38.9527989,-76.81185
PAST SALE,June-20-2023,Single Family Residential,3908 Conifer Ln,Bowie,MD,20715,510000,4,2.0,CHAPEL FORGE AT BELAIR,2169,10120,1966,,235,,Sold,,,https://www.redfin.com/MD/Bowie/3908-Conifer-Ln-20715/home/10899530,BRIGHT MLS,MDPG2076046,N,Y,38.9890683,-76.7374623
PAST SALE,July-25-2023,Townhouse,15519 Ebbynside Ct,Bowie,MD,20716,420000,2,3.0,ESSINGTON PLAT 3,2014,1600,1993,,209,98,Sold,,,https://www.redfin.com/MD/Bowie/15519-Ebbynside-Ct-20716/home/10645157,BRIGHT MLS,MDPG2078022,N,Y,38.9464711,-76.7311608
PAST SALE,August-8-2023,Townhouse,11401 Walpole Ct,Bowie,MD,20720,422000,3,3.5,LOTTSFORD COMMUNITY PLAT THREE,2035,2056,1986,,207,93,Sold,,,https://www.redfin.com/MD/Bowie/11401-Walpole-Ct-20720/home/10837078,BRIGHT MLS,MDPG2082384,N,Y,38.950306,-76.808418
PAST SALE,September-1-2023,Single Family Residential,15510 Peach Walker Dr,Bowie,MD,20716,420000,2,1.5,POINTER RIDGE AT,1396,9861,1973,,301,,Sold,,,https://www.redfin.com/MD/Bowie/15510-Peach-Walker-Dr-20716/home/10666945,BRIGHT MLS,MDPG2084016,N,Y,38.9247719,-76.735794
PAST SALE,October-16-2023,Single Family Residential,4005 Chelmont Ln,Bowie,MD,20715,457000,4,2.0,CHAPEL FORGE AT BELAIR,1512,11420,1966,,302,,Sold,,,https://www.redfin.com/MD/Bowie/4005-Chelmont-Ln-20715/home/10906373,BRIGHT MLS,MDPG2088700,N,Y,38.99035,-76.7398971
PAST SALE,July-5-2023,Townhouse,702 Faraway Ct,Bowie,MD,20721,382500,3,3.5,SOUTHLAKE PLAT 2,1344,1500,1995,,285,120,Sold,,,https://www.redfin.com/MD/Bowie/702-Faraway-Ct-20721/home/10849052,BRIGHT MLS,MDPG2077570,N,Y,38.9011621,-76.8192176
PAST SALE,May-24-2023,Single Family Residential,4234 Glenn Dale Rd,Bowie,MD,20720,540000,4,3.5,GLENN DALE ESTATES PLAT 1>,1952,11463,1987,,277,,Sold,,,https://www.redfin.com/MD/Bowie/4234-Glenn-Dale-Rd-20720/home/10825374,BRIGHT MLS,MDPG2069826,N,Y,38.9476242,-76.8093366
PAST SALE,May-5-2023,Single Family Residential,807 Jennings Mill Dr,Bowie,MD,20721,2500000,7,7.0,WOODMORE AT OAK CREEK-PLAT 1>,12002,87120,2006,,208,50,Sold,,,https://www.redfin.com/MD/Bowie/807-Jennings-Mill-Dr-20721/home/11149147,BRIGHT MLS,MDPG2067994,N,Y,38.8927837,-76.7501381
PAST SALE,July-5-2023,Single Family Residential,8005 Orchard Park Way,Bowie,MD,20715,640000,3,3.5,SADDLEBROOK PLAT 1>,3568,10000,1999,,179,25,Sold,,,https://www.redfin.com/MD/Bowie/8005-Orchard-Park-Way-20715/home/10911032,BRIGHT MLS,MDPG2074818,N,Y,39.0009356,-76.7386346
PAST SALE,August-31-2023,Single Family Residential,17408 Central Ave,Bowie,MD,20716,530000,5,3.0,REIO SUBDIVISION,2774,87120,1966,,191,,Sold,,,https://www.redfin.com/MD/Bowie/17408-Central-Ave-20716/home/10666616,BRIGHT MLS,MDPG2078720,N,Y,38.9018879,-76.7021519
PAST SALE,April-28-2023,Single Family Residential,3200 Anzio Ct,Bowie,MD,20716,665000,5,3.5,MITCHELLVILLE EAST,3994,19866,1997,,166,20,Sold,,,https://www.redfin.com/MD/Bowie/3200-Anzio-Ct-20716/home/10660712,BRIGHT MLS,MDPG2072590,N,Y,38.9328643,-76.7263697
PAST SALE,August-28-2023,Single Family Residential,11502 Coralroot Ct,Bowie,MD,20721,620000,5,2.5,CANTERBURY ESTATESPLAT 4,2552,17723,1987,,243,6,Sold,,,https://www.redfin.com/MD/Mitchellville/11502-Coralroot-Ct-20721/home/10859325,BRIGHT MLS,MDPG2082740,N,Y,38.9175276,-76.8073984
PAST SALE,May-12-2023,Single Family Residential,15017 Nashua Ln,Bowie,MD,20716,400000,4,1.0,NORTHVIEW AT LAKE VILLAGE,1856,9750,1978,,216,,Sold,,,https://www.redfin.com/MD/Bowie/15017-Nashua-Ln-20716/home/10655298,BRIGHT MLS,MDPG2072074,N,Y,38.9425485,-76.7446765
PAST SALE,September-21-2023,Townhouse,605 Brookedge Ct,Mitchellville,MD,20721,409000,3,3.5,SOUTHLAKE PLAT 7,1360,1550,1992,,301,125,Sold,,,https://www.redfin.com/MD/Mitchellville/605-Brookedge-Ct-20721/home/10849605,BRIGHT MLS,MDPG2086256,N,Y,38.8984931,-76.8131136
PAST SALE,June-27-2023,Single Family Residential,2807 Stonybrook Dr,Bowie,MD,20715,525000,4,3.0,BUCKINGHAM AT BELAIR,2410,12788,1962,,218,,Sold,,,https://www.redfin.com/MD/Bowie/2807-Stonybrook-Dr-20715/home/10651709,BRIGHT MLS,MDPG2077404,N,Y,38.9654349,-76.7357038
PAST SALE,May-1-2023,Single Family Residential,8228 Triple Crown Rd,Bowie,MD,20715,570000,4,3.5,DONTRINE SUB PLAT TWO,2552,11223,1988,,223,30,Sold,,,https://www.redfin.com/MD/Bowie/8228-Triple-Crown-Rd-20715/home/10891654,BRIGHT MLS,MDPG2069618,N,Y,39.0013119,-76.7718162
PAST SALE,May-5-2023,Single Family Residential,12318 Quintette Ln,Bowie,MD,20720,525000,4,2.5,NORTHRIDGE PLAT 26,1820,4422,1995,,288,54,Sold,,,https://www.redfin.com/MD/Bowie/12318-Quintette-Ln-20720/home/10879356,BRIGHT MLS,MDPG2063914,N,Y,38.9931432,-76.7919934
PAST SALE,June-1-2023,Single Family Residential,15411 Pine Tree Ct,Bowie,MD,20721,455000,3,2.5,TALL OAKS CROSSING-PLAT 2>,1880,12391,1987,,242,46,Sold,,,https://www.redfin.com/MD/Bowie/15411-Pine-Tree-Ct-20721/home/10658109,BRIGHT MLS,MDPG2076278,N,Y,38.9085731,-76.7389052
PAST SALE,,Single Family Residential,12701 Woodmore Rd,Bowie,MD,20721,1560000,,6.0,,8167,94525,2007,,191,,,,,https://www.redfin.com/MD/Bowie/12701-Woodmore-Rd-20721/home/10646723,,,N,Y,38.9249873,-76.78455
PAST SALE,,Single Family Residential,7000 High Bridge Rd,Bowie,MD,20720,766000,,7.0,,8235,263102,2003,,93,,,,,https://www.redfin.com/MD/Bowie/7000-High-Bridge-Rd-20720/home/10883223,,,N,Y,38.986032,-76.774996
PAST SALE,August-1-2023,Townhouse,12211 Quilt Patch Ln,Bowie,MD,20720,430000,3,2.5,NORTHRIDGE-RESUB PT PLAT 29 BLK J & K-PLAT 39>,1581,3564,1994,,272,15,Sold,,,https://www.redfin.com/MD/Bowie/12211-Quilt-Patch-Ln-20720/home/10879892,BRIGHT MLS,MDPG2083686,N,Y,38.9914929,-76.7947586
PAST SALE,September-29-2023,Single Family Residential,15810 Anthony Way,Bowie,MD,20716,495000,3,2.5,MITCHELLVILLE EAST,1728,13563,1987,,286,,Sold,,,https://www.redfin.com/MD/Bowie/15810-Anthony-Way-20716/home/10658031,BRIGHT MLS,MDPG2088888,N,Y,38.9230814,-76.7280832
PAST SALE,September-28-2023,Single Family Residential,600 Glen Lake Dr,Bowie,MD,20716,656453,3,3.5,VILLAGES OF SAVANNAH,,3241,2022,,,130,Sold,,,https://www.redfin.com/MD/Bowie/600-Glen-Lake-Dr-20716/home/179309534,BRIGHT MLS,MDPG2093412,N,Y,38.893373,-76.726545
PAST SALE,,Single Family Residential,15006 Newcomb Ln,Bowie,MD,20716,460000,,2.5,,2016,15397,1980,,228,,,,,https://www.redfin.com/MD/Bowie/15006-Newcomb-Ln-20716/home/10655520,,,N,Y,38.9465046,-76.7456233
PAST SALE,June-30-2023,Townhouse,16430 Fife Way,Bowie,MD,20716,660443,4,4.5,AMBER RIDGE,,1920,2023,,,92,Sold,,,https://www.redfin.com/MD/Bowie/16430-Fife-Way-20716/home/179309261,BRIGHT MLS,MDPG2083646,N,Y,38.911656,-76.721592
PAST SALE,May-3-2023,Townhouse,307 Summit Point Blvd,Bowie,MD,20716,664990,4,3.5,Bowie,2376,2160,2022,,280,130,Sold,,,https://www.redfin.com/MD/Bowie/307-Summit-Point-Blvd-20716/home/179309481,BRIGHT MLS,MDPG2078044,N,Y,38.894333,-76.726405
PAST SALE,,Single Family Residential,15816 Palai Turn,Bowie,MD,20716,335000,,2.5,,2120,12667,1971,,158,,,,,https://www.redfin.com/MD/Bowie/15816-Palai-Turn-20716/home/10644305,,,N,Y,38.9117883,-76.7309692
PAST SALE,,Townhouse,2622 Nemo Ct,Bowie,MD,20716,330000,,2.5,,1160,2250,1987,,284,,,,,https://www.redfin.com/MD/Bowie/2622-Nemo-Ct-20716/home/10665133,,,N,Y,38.9268466,-76.7346667
PAST SALE,September-6-2023,Townhouse,12205 American Chestnut Rd,Bowie,MD,20720,529990,0,,BERKSHIRE,2360,2800,2023,,225,200,Sold,,,https://www.redfin.com/MD/Bowie/12205-American-Chestnut-Rd-20720/home/174577164,BRIGHT MLS,MDPG2090004,N,Y,38.946602,-76.793133
PAST SALE,September-8-2023,Townhouse,631 Glen Lake Dr,Bowie,MD,20716,667092,3,3.0,Bowie,,2755,2022,,,130,Sold,,,https://www.redfin.com/MD/Bowie/631-Glen-Lake-Dr-20716/home/179309523,BRIGHT MLS,MDPG2090558,N,Y,38.892361,-76.726538
PAST SALE,May-25-2023,Single Family Residential,12302 Stafford Ln,Bowie,MD,20715,485000,3,2.5,SOMERSET AT BELAIR,1800,12600,1961,,269,,Sold,,,https://www.redfin.com/MD/Bowie/12302-Stafford-Ln-20715/home/10643378,BRIGHT MLS,MDPG2076874,N,Y,38.9732607,-76.7427828
PAST SALE,August-15-2023,Townhouse,614 Glen Lake Dr,Bowie,MD,20716,561174,3,3.0,Bowie,,2292,2022,,,130,Sold,,,https://www.redfin.com/MD/Bowie/614-Glen-Lake-Dr-20716/home/179309542,BRIGHT MLS,MDPG2088110,N,Y,38.892953,-76.726257
PAST SALE,,Single Family Residential,12715 Keswick Ln,Bowie,MD,20715,415000,,2.5,,1872,14464,1963,,222,,,,,https://www.redfin.com/MD/Bowie/12715-Keswick-Ln-20715/home/10645806,,,N,Y,38.9570195,-76.7280381
PAST SALE,May-25-2023,Single Family Residential,12216 Beechfield Dr,Bowie,MD,20720,690000,3,4.0,Bowie,,5118,2023,,,,Sold,,,https://www.redfin.com/MD/Bowie/12216-Beechfield-Dr-20720/home/174577033,BRIGHT MLS,MDPG2079594,N,Y,38.946014,-76.79343
PAST SALE,September-2-2023,Townhouse,641 Glen Lake Dr,Bowie,MD,20716,718230,4,3.5,Bowie,,2820,2022,,,130,Sold,,,https://www.redfin.com/MD/Bowie/641-Glen-Lake-Dr-20716/home/179309518,BRIGHT MLS,MDPG2090844,N,Y,38.892024,-76.72646
PAST SALE,July-21-2023,Townhouse,17541 Lake Melford Ave,Bowie,MD,20715,690000,4,3.5,MILL BRANCH,,1973,2023,,,90,Sold,,,https://www.redfin.com/MD/Bowie/17541-Lake-Melford-Ave-20715/home/185396469,BRIGHT MLS,MDPG2085620,N,Y,38.960265,-76.707702
PAST SALE,September-29-2023,Townhouse,17543 Lake Melford Ave,Bowie,MD,20715,681887,4,3.5,MILL BRANCH,,1973,2022,,,95,Sold,,,https://www.redfin.com/MD/Bowie/17543-Lake-Melford-Ave-20715/home/185396470,BRIGHT MLS,MDPG2093418,N,Y,38.960266,-76.707607
PAST SALE,October-4-2023,Townhouse,305 Summit Point Blvd,Bowie,MD,20716,689830,3,3.0,Bowie,2352,2160,2023,,293,130,Sold,,,https://www.redfin.com/MD/Bowie/305-Summit-Point-Blvd-20716/home/179309480,BRIGHT MLS,MDPG2092774,N,Y,38.894373,-76.726337
PAST SALE,September-8-2023,Townhouse,17539 Lake Melford Ave,Bowie,MD,20715,658259,3,2.5,MILL BRANCH,,1973,2023,,,95,Sold,,,https://www.redfin.com/MD/Bowie/17539-Lake-Melford-Ave-20715/home/185396468,BRIGHT MLS,MDPG2091124,N,Y,38.960259,-76.707788
PAST SALE,August-15-2023,Townhouse,16508 Fife Way,Bowie,MD,20716,607444,4,2.5,AMBER RIDGE,,1920,2023,,,120,Sold,,,https://www.redfin.com/MD/Bowie/16508-Fife-Way-20716/home/179309237,BRIGHT MLS,MDPG2087720,N,Y,38.912306,-76.721698
PAST SALE,July-7-2023,Single Family Residential,12321 Tilbury Ln,Bowie,MD,20715,405000,3,2.0,TULIP GROVE AT BELAIR,1583,11197,1963,,256,,Sold,,,https://www.redfin.com/MD/Bowie/12321-Tilbury-Ln-20715/home/10647384,BRIGHT MLS,MDPG2075388,N,Y,38.9764562,-76.7430533
PAST SALE,July-28-2023,Single Family Residential,616 Glen Lake Dr,Bowie,MD,20716,562948,3,3.0,Bowie,,2284,2022,,,130,Sold,,,https://www.redfin.com/MD/Bowie/616-Glen-Lake-Dr-20716/home/179309543,BRIGHT MLS,MDPG2086412,N,Y,38.892892,-76.726226
PAST SALE,,Townhouse,15325 Norwalk Ct,Bowie,MD,20716,335000,,1.5,,1174,2545,1983,,285,,,,,https://www.redfin.com/MD/Bowie/15325-Norwalk-Ct-20716/home/10657438,,,N,Y,38.9313195,-76.7389382
PAST SALE,August-30-2023,Townhouse,635 Glen Lake Dr,Bowie,MD,20716,661037,4,3.5,Bowie,,2280,2023,,,130,Sold,,,https://www.redfin.com/MD/Bowie/635-Glen-Lake-Dr-20716/home/179309521,BRIGHT MLS,MDPG2089486,N,Y,38.892224,-76.726508
PAST SALE,August-16-2023,Townhouse,620 Glen Lake Dr,Bowie,MD,20716,661645,3,3.0,Bowie,,2783,2022,,,130,Sold,,,https://www.redfin.com/MD/Bowie/620-Glen-Lake-Dr-20716/home/179309545,BRIGHT MLS,MDPG2088194,N,Y,38.892763,-76.726161
PAST SALE,August-29-2023,Townhouse,639 Glen Lake Dr,Bowie,MD,20716,643914,3,3.5,Bowie,,2311,2022,,,130,Sold,,,https://www.redfin.com/MD/Bowie/639-Glen-Lake-Dr-20716/home/179309519,BRIGHT MLS,MDPG2090564,N,Y,38.892095,-76.726477
PAST SALE,,Single Family Residential,3904 Corbin Pl,Bowie,MD,20715,323000,,2.0,,1512,11567,1966,,214,,,,,https://www.redfin.com/MD/Bowie/3904-Corbin-Pl-20715/home/10884350,,,N,Y,38.989981,-76.7366958
PAST SALE,,Single Family Residential,15744 Pointer Ridge Dr,Bowie,MD,20716,400000,,2.0,,2204,13432,1968,,181,,,,,https://www.redfin.com/MD/Bowie/15744-Pointer-Ridge-Dr-20716/home/10660170,,,N,Y,38.9068819,-76.7346667
PAST SALE,September-11-2023,Townhouse,637 Glenn Lake Dr,Bowie,MD,20716,673214,3,3.5,Bowie,2757,2283,,,244,130,Sold,,,https://www.redfin.com/MD/Bowie/637-Glen-Lake-Dr-20716/home/179309520,BRIGHT MLS,MDPG2090520,N,Y,38.892159,-76.726494
PAST SALE,August-31-2023,Townhouse,304 Summit Point Blvd,Bowie,MD,20716,640000,3,3.0,Bowie,2376,2160,2022,,269,130,Sold,,,https://www.redfin.com/MD/Bowie/304-Summit-Point-Blvd-20716/home/179309557,BRIGHT MLS,MDPG2089816,N,Y,38.894002,-76.725976
PAST SALE,,Single Family Residential,2200 Penfield Ln,Bowie,MD,20716,313000,,2.5,,2018,12463,1971,,155,,,,,https://www.redfin.com/MD/Bowie/2200-Penfield-Ln-20716/home/10666808,,,N,Y,38.9189384,-76.7380485
PAST SALE,September-8-2023,Townhouse,4607 Deepwood Ct Unit 159A,Bowie,MD,20720,285000,3,2.0,GLENSFORD CONDO,1362,,1995,,209,300,Sold,,,https://www.redfin.com/MD/Bowie/4607-Deepwood-Ct-20720/unit-159A/home/10864909,BRIGHT MLS,MDPG2085716,N,Y,38.9527035,-76.8085443
PAST SALE,June-30-2023,Townhouse,4622 Deepwood Ct Unit 95D,Bowie,MD,20720,345400,3,2.5,GLENSFORD CONDO PHASE 39>,1933,,1996,,179,24,Sold,,,https://www.redfin.com/MD/Bowie/4622-Deepwood-Ct-20720/unit-95D/home/10867768,BRIGHT MLS,MDPG2072922,N,Y,38.9534218,-76.8078078
PAST SALE,September-22-2023,Townhouse,5124 Curie Dr,Bowie,MD,20715,668846,4,3.5,MILL BRANCH,,2196,2023,,,95,Sold,,,https://www.redfin.com/MD/Bowie/5124-Curie-Dr-20715/home/185396489,BRIGHT MLS,MDPG2092348,N,Y,38.959868,-76.707163
PAST SALE,July-14-2023,Townhouse,16406 Elysian Ln,Bowie,MD,20716,405000,3,3.0,PIN OAK VILLAGE,1596,1971,1998,,254,70,Sold,,,https://www.redfin.com/MD/Bowie/16406-Elysian-Ln-20716/home/10673622,BRIGHT MLS,MDPG2078958,N,Y,38.9416557,-76.721894
PAST SALE,August-4-2023,Single Family Residential,10210 Bald Hill Rd,Bowie,MD,20721,300000,3,2.5,WILLOW WOOD ESTATES,1680,10454,1978,,179,,Sold,,,https://www.redfin.com/MD/Bowie/10210-Bald-Hill-Rd-20721/home/10852555,BRIGHT MLS,MDPG2083858,N,Y,38.9344588,-76.8281956
PAST SALE,,Single Family Residential,9630 Oxbridge Way,Bowie,MD,20721,775000,,3.5,,3722,14957,2008,,208,,,,,https://www.redfin.com/MD/Bowie/9630-Oxbridge-Way-20721/home/11153431,,,N,Y,38.9291547,-76.841239
PAST SALE,October-6-2023,Townhouse,633 Glen Lake Dr,Bowie,MD,20716,693346,3,3.0,Bowie,,2280,2022,,,130,Sold,,,https://www.redfin.com/MD/Bowie/633-Glen-Lake-Dr-20716/home/179309522,BRIGHT MLS,MDPG2093656,N,Y,38.892289,-76.726522
PAST SALE,April-28-2023,Townhouse,303 Summit Point Blvd,Bowie,MD,20716,668792,4,3.0,Bowie,2400,2160,2022,,279,130,Sold,,,https://www.redfin.com/MD/Bowie/303-Summit-Point-Blvd-20716/home/179309479,BRIGHT MLS,MDPG2077364,N,Y,38.894413,-76.72627
PAST SALE,,Single Family Residential,12800 Dominics Bequest Ct,Bowie,MD,20720,1100000,,3.5,,5080,46769,2011,,217,,,,,https://www.redfin.com/MD/Bowie/12800-Dominics-Bequest-Ct-20720/home/11158057,,,N,Y,38.9592582,-76.7833555
PAST SALE,August-7-2023,Townhouse,12008 Hallandale Ter,Bowie,MD,20721,340000,3,2.5,ENTERPRISE KNOLLS PLAT THREE,1334,1500,1983,,255,49,Sold,,,https://www.redfin.com/MD/Bowie/12008-Hallandale-Ter-20721/home/10836233,BRIGHT MLS,MDPG2080068,N,Y,38.9027297,-76.7965027
PAST SALE,June-30-2023,Townhouse,604 Glen Lake Dr,Bowie,MD,20716,632629,3,3.0,Bowie,,2261,2022,,,130,Sold,,,https://www.redfin.com/MD/Bowie/604-Glen-Lake-Dr-20716/home/179309537,BRIGHT MLS,MDPG2083502,N,Y,38.893245,-76.726454
PAST SALE,June-30-2023,Townhouse,16428 Fife Way,Bowie,MD,20716,723258,3,3.5,AMBER RIDGE,,2320,,,,92,Sold,,,https://www.redfin.com/MD/Bowie/16428-Fife-Way-20716/home/179309262,BRIGHT MLS,MDPG2087622,N,Y,38.911589,-76.721555
PAST SALE,August-8-2023,Townhouse,16702 Eldbridge Ln,Bowie,MD,20716,372000,3,2.5,COVINGTON,1626,900,2000,,229,55,Sold,,,https://www.redfin.com/MD/Bowie/16702-Eldbridge-Ln-20716/home/10675581,BRIGHT MLS,MDPG2083768,N,Y,38.9391466,-76.7192521
PAST SALE,June-15-2023,Single Family Residential,14101 Aberdeens Folly Ct,Bowie,MD,20720,765000,4,3.5,FAIRWOOD,4792,7592,2016,,160,175,Sold,,,https://www.redfin.com/MD/Bowie/14101-Aberdeens-Folly-Ct-20720/home/12484106,BRIGHT MLS,MDPG2076760,N,Y,38.9511313,-76.7609295
PAST SALE,May-26-2023,Single Family Residential,4517 Rising Ln,Bowie,MD,20715,475000,4,2.0,ROCKLEDGE AT BELAIR,1512,10000,1967,,314,,Sold,,,https://www.redfin.com/MD/Bowie/4517-Rising-Ln-20715/home/10907976,BRIGHT MLS,MDPG2071220,N,Y,38.9968036,-76.7486441
PAST SALE,July-25-2023,Single Family Residential,1300 Palmyra Ln,Bowie,MD,20716,499000,3,2.5,POINTER RIDGE,2073,14976,1969,,241,,Sold,,,https://www.redfin.com/MD/Bowie/1300-Palmyra-Ln-20716/home/10646556,BRIGHT MLS,MDPG2079636,N,Y,38.9078306,-76.7216798
PAST SALE,July-12-2023,Single Family Residential,12408 Stretton Ln,Bowie,MD,20715,543000,4,3.0,SOMERSET AT BELAIR,2410,1320,1962,,225,,Sold,,,https://www.redfin.com/MD/Bowie/12408-Stretton-Ln-20715/home/10647452,BRIGHT MLS,MDPG2081230,N,Y,38.9723125,-76.7387248
PAST SALE,June-12-2023,Single Family Residential,3905 Carvel Ln,Bowie,MD,20715,491000,3,2.0,CHAPEL FORGE AT BELAIR,1849,9692,1966,,266,,Sold,,,https://www.redfin.com/MD/Bowie/3905-Carvel-Ln-20715/home/10886607,BRIGHT MLS,MDPG2079222,N,Y,38.9887635,-76.7375976
PAST SALE,July-17-2023,Townhouse,12037 Hallandale Ter,Bowie,MD,20721,340000,3,3.0,ENTERPRISE KNOLLS PLAT TWO,1080,1500,1983,,315,,Sold,,,https://www.redfin.com/MD/Mitchellville/12037-Hallandale-Ter-20721/home/10836179,BRIGHT MLS,MDPG2082638,N,Y,38.9014552,-76.7959057
PAST SALE,September-5-2023,Townhouse,13048 Marquette Ln,Bowie,MD,20715,360000,3,1.5,BELAIR TOWN,2244,2090,1970,,160,24,Sold,,,https://www.redfin.com/MD/Bowie/13048-Marquette-Ln-20715/home/10899906,BRIGHT MLS,MDPG2084286,N,Y,38.9848919,-76.7315441
PAST SALE,August-29-2023,Townhouse,13057 Marquette Ln,Bowie,MD,20715,340000,3,1.5,BELAIR TOWN,1514,3484,1970,,225,24,Sold,,,https://www.redfin.com/MD/Bowie/13057-Marquette-Ln-20715/home/10898081,BRIGHT MLS,MDPG2087626,N,Y,38.9847588,-76.7307975
PAST SALE,August-11-2023,Single Family Residential,16203 Pointer Ridge Dr,Bowie,MD,20716,465000,4,3.0,POINTER RIDGE,1269,10216,1969,,366,,Sold,,,https://www.redfin.com/MD/Bowie/16203-Pointer-Ridge-Dr-20716/home/10654552,BRIGHT MLS,MDPG2084454,N,Y,38.9097434,-76.723664
PAST SALE,June-29-2023,Single Family Residential,16616 Sylvan Dr,Bowie,MD,20715,322000,3,2.0,FOREST HILLS,1645,53579,1959,,196,,Sold,,,https://www.redfin.com/MD/Bowie/16616-Sylvan-Dr-20715/home/10653004,BRIGHT MLS,MDPG2081958,N,Y,38.9782239,-76.7163584
PAST SALE,July-18-2023,Townhouse,12311 Castlewall Ct,Bowie,MD,20720,441000,3,3.0,MARLEIGH,1770,1958,2000,,249,120,Sold,,,https://www.redfin.com/MD/Bowie/12311-Castlewall-Ct-20720/home/10676339,BRIGHT MLS,MDPG2082016,N,Y,38.9506535,-76.7927523
PAST SALE,May-18-2023,Single Family Residential,13305 Old Chapel Rd,Bowie,MD,20720,500000,3,2.0,HIGHBRIDGE ESTATES,2005,26893,1960,,249,,Sold,,,https://www.redfin.com/MD/Bowie/13305-Old-Chapel-Rd-20720/home/10890195,BRIGHT MLS,MDPG2076508,N,Y,38.9817082,-76.7768648
PAST SALE,August-23-2023,Townhouse,16489 Fife Way,Bowie,MD,20716,439990,3,2.5,Bowie,1741,,2023,,253,92,Sold,,,https://www.redfin.com/MD/Bowie/16489-Fife-Way-20716/home/179309247,BRIGHT MLS,MDPG2066910,N,Y,38.912057,-76.720966
PAST SALE,September-25-2023,Townhouse,15406 Annapolis Rd,Bowie,MD,20715,312000,2,1.5,BELAIR TOWN,1338,2046,1968,,233,46,Sold,,,https://www.redfin.com/MD/Bowie/15406-Annapolis-Rd-20715/home/10883550,BRIGHT MLS,MDPG2088196,N,Y,38.9792393,-76.7369663
PAST SALE,April-28-2023,Townhouse,15807 Piller Ln,Bowie,MD,20716,290000,3,2.0,LAKE VILLAGE MANOR AT LAKE VILLAGE-PLAT 2>,1160,1600,1982,,250,17,Sold,,,https://www.redfin.com/MD/Bowie/15807-Piller-Ln-20716/home/10656765,BRIGHT MLS,MDPG2073356,N,Y,38.9185516,-76.731995
PAST SALE,August-8-2023,Single Family Residential,12105 Myra Pl,Bowie,MD,20715,392500,4,2.5,MEADOWBROOK AT BELAIR,1872,11913,1963,,210,,Sold,,,https://www.redfin.com/MD/Bowie/12105-Myra-Pl-20715/home/10889571,BRIGHT MLS,MDPG2084864,N,Y,38.9775428,-76.7528371
PAST SALE,August-21-2023,Single Family Residential,3104 Teton Ln,Bowie,MD,20715,432500,4,2.0,TULIP GROVE AT BELAIR,1608,9465,1963,,269,,Sold,,,https://www.redfin.com/MD/Bowie/3104-Teton-Ln-20715/home/10648272,BRIGHT MLS,MDPG2085200,N,Y,38.973286,-76.7489146
PAST SALE,July-25-2023,Single Family Residential,12311 Beechfield Dr,Bowie,MD,20720,649590,3,3.5,Bowie,3652,5234,2023,,178,164,Sold,,,https://www.redfin.com/MD/Bowie/12311-Beechfield-Dr-20720/home/174577056,BRIGHT MLS,MDPG2068690,N,Y,38.945466,-76.791109
PAST SALE,August-29-2023,Townhouse,16302 Eider St,Bowie,MD,20716,417000,3,3.0,PIN OAK VILLAGE,1628,1606,1997,,256,70,Sold,,,https://www.redfin.com/MD/Bowie/16302-Eider-St-20716/home/10673646,BRIGHT MLS,MDPG2085674,N,Y,38.9414035,-76.7226606
PAST SALE,September-15-2023,Townhouse,11223 Westport Dr,Bowie,MD,20720,321000,2,3.0,LOTTSFORD COMMUNITY-PLAT 11,1166,1688,1984,,275,93,Sold,,,https://www.redfin.com/MD/Bowie/11223-Westport-Dr-20720/home/10837524,BRIGHT MLS,MDPG2087500,N,Y,38.950141,-76.8120184
PAST SALE,July-19-2023,Single Family Residential,12800 Buckingham Dr,Bowie,MD,20715,415000,4,2.0,BUCKINGHAM AT BELAIR,1716,9310,1962,,242,,Sold,,,https://www.redfin.com/MD/Bowie/12800-Buckingham-Dr-20715/home/10642581,BRIGHT MLS,MDPG2080634,N,Y,38.9638092,-76.7278578
PAST SALE,October-6-2023,Single Family Residential,1403 Marco Dr,Bowie,MD,20721,525000,4,2.5,PARADISE ACRES,2407,20261,1989,,218,,Sold,,,https://www.redfin.com/MD/Bowie/1403-Marco-Dr-20721/home/10815980,BRIGHT MLS,MDPG2088382,N,Y,38.9096747,-76.8036369
PAST SALE,October-9-2023,Single Family Residential,12400 Kings Heather Ct,Bowie,MD,20721,560000,4,3.5,KETTERING,2922,10189,1990,,192,,Sold,,,https://www.redfin.com/MD/Bowie/12400-Kings-Heather-Ct-20721/home/10662362,BRIGHT MLS,MDPG2089496,N,Y,38.9060197,-76.7902966
PAST SALE,,Single Family Residential,6505 Lisa Ln,Bowie,MD,20720,585000,,3.0,,2522,15199,1985,,232,,,,,https://www.redfin.com/MD/Bowie/6505-Lisa-Ln-20720/home/10891769,,,N,Y,38.9787175,-76.7786944
PAST SALE,September-29-2023,Townhouse,15905 Elf Stone Ct,Bowie,MD,20716,415000,3,3.0,BOWIE NEW TOWN CENTER,1312,1736,1995,,316,41,Sold,,,https://www.redfin.com/MD/Bowie/15905-Elf-Stone-Ct-20716/home/10669165,BRIGHT MLS,MDPG2087280,N,Y,38.9433645,-76.7285454
PAST SALE,September-13-2023,Townhouse,16443 Fife Way,Bowie,MD,20716,445530,3,2.5,AMBER RIDGE,1741,,2023,,256,92,Sold,,,https://www.redfin.com/MD/Bowie/16443-Fife-Way-20716/home/179309277,BRIGHT MLS,MDPG2075088,N,Y,38.9115449,-76.7209759
PAST SALE,August-14-2023,Single Family Residential,16106 Audubon Ln,Bowie,MD,20716,507000,3,2.0,AMBER MEADOWS,2154,15297,1971,,235,,Sold,,,https://www.redfin.com/MD/Bowie/16106-Audubon-Ln-20716/home/10653482,BRIGHT MLS,MDPG2082388,N,Y,38.9163191,-76.7250619
PAST SALE,May-23-2023,Single Family Residential,12502 Stem Ln,Bowie,MD,20715,486000,4,3.5,SOMERSET AT BELAIR,2247,10338,1962,,216,,Sold,,,https://www.redfin.com/MD/Bowie/12502-Stem-Ln-20715/home/10639917,BRIGHT MLS,MDPG2075442,N,Y,38.9700948,-76.7340805
PAST SALE,June-30-2023,Townhouse,1206 Patriot Ln,Bowie,MD,20716,320000,2,2.5,RIDGEVIEW ESTATES,1120,1500,1983,,286,85,Sold,,,https://www.redfin.com/MD/Bowie/1206-Patriot-Ln-20716/home/10652704,BRIGHT MLS,MDPG2079986,N,Y,38.9059988,-76.7210936
PAST SALE,June-26-2023,Single Family Residential,14402 Knoll View Ct,Bowie,MD,20720,650000,5,3.5,OLD STAGE KNOLLS PLAT FIVE,3516,13177,1992,,185,25,Sold,,,https://www.redfin.com/MD/Bowie/14402-Knoll-View-Ct-20720/home/10651342,BRIGHT MLS,MDPG2080052,N,Y,38.9546304,-76.7559929
PAST SALE,June-16-2023,Single Family Residential,14100 Aberdeens Folly Ct,Bowie,MD,20720,710000,3,3.5,FAIRWOOD,4086,8098,2015,,174,159,Sold,,,https://www.redfin.com/MD/Bowie/14100-Aberdeens-Folly-Ct-20720/home/12484093,BRIGHT MLS,MDPG2075256,N,Y,38.9515455,-76.7609192
PAST SALE,October-2-2023,Single Family Residential,4806 Lakeview Ln,Bowie,MD,20720,710000,4,3.5,LAKEVIEW,3486,14250,2001,,204,19,Sold,,,https://www.redfin.com/MD/Bowie/4806-Lakeview-Ln-20720/home/10871727,BRIGHT MLS,MDPG2089250,N,Y,38.9547175,-76.8159169
PAST SALE,June-12-2023,Townhouse,713 Lisle Dr,Bowie,MD,20721,345000,3,3.0,ARBOR PARK,1360,1500,1992,,254,69,Sold,,,https://www.redfin.com/MD/Bowie/713-Lisle-Dr-20721/home/10850385,BRIGHT MLS,MDPG2078972,N,Y,38.9001413,-76.8231923
PAST SALE,July-27-2023,Single Family Residential,12218 Wynmore Ln,Bowie,MD,20715,525000,3,2.5,WHITEHALL AT BELAIR,1800,21205,1967,,292,,Sold,,,https://www.redfin.com/MD/Bowie/12218-Wynmore-Ln-20715/home/10883957,BRIGHT MLS,MDPG2082712,N,Y,38.9885159,-76.753874
PAST SALE,September-20-2023,Townhouse,16419 Fife Way,Bowie,MD,20716,503280,3,3.0,AMBER RIDGE,2034,,2023,,247,92,Sold,,,https://www.redfin.com/MD/Bowie/16419-Fife-Way-20716/home/179309283,BRIGHT MLS,MDPG2075358,N,Y,38.91132,-76.7206889
PAST SALE,June-16-2023,Townhouse,16459 Fife Way,Bowie,MD,20716,485840,3,2.5,AMBER RIDGE,2034,,2023,,239,92,Sold,,,https://www.redfin.com/MD/Bowie/16459-Fife-Way-20716/home/179309271,BRIGHT MLS,MDPG2074454,N,Y,38.911798,-76.72091
PAST SALE,June-29-2023,Single Family Residential,16105 Audubon Ln,Bowie,MD,20716,346000,3,2.0,AMBER MEADOWS,1849,11502,1971,,187,,Sold,,,https://www.redfin.com/MD/Bowie/16105-Audubon-Ln-20716/home/10666484,BRIGHT MLS,MDPG2071318,N,Y,38.9157141,-76.7253776
PAST SALE,July-27-2023,Townhouse,3013 N Dale Ct,Bowie,MD,20716,325000,3,2.5,MITCHELLVILLE TOWNHOUSES PLAT ONE,1290,1512,1984,,252,53,Sold,,,https://www.redfin.com/MD/Bowie/3013-N-Dale-Ct-20716/home/10664810,BRIGHT MLS,MDPG2080528,N,Y,38.931864,-76.736597
PAST SALE,September-13-2023,Townhouse,16437 Fife Way,Bowie,MD,20716,464280,3,3.0,AMBER RIDGE,1741,,2023,,267,92,Sold,,,https://www.redfin.com/MD/Bowie/16437-Fife-Way-20716/home/179309280,BRIGHT MLS,MDPG2076204,N,Y,38.911584,-76.720771
PAST SALE,May-25-2023,Townhouse,4637 Running Deer Way #351,Bowie,MD,20720,315000,3,2.5,GLENSFORD CONDO,1899,,1992,,166,324,Sold,,,https://www.redfin.com/MD/Bowie/4637-Running-Deer-Way-20720/unit-351/home/10813279,BRIGHT MLS,MDPG2076364,N,Y,38.9524968,-76.8121054
PAST SALE,August-11-2023,Single Family Residential,4301 Longleaf Ct,Bowie,MD,20716,750000,6,3.5,LONGLEAF-PLAT 1>,2928,13778,1998,,256,51,Sold,,,https://www.redfin.com/MD/Bowie/4301-Longleaf-Ct-20716/home/10672588,BRIGHT MLS,MDPG2083124,N,Y,38.9484635,-76.7125702
PAST SALE,May-3-2023,Townhouse,3614 Elmcrest Ln,Bowie,MD,20716,375000,3,2.5,COVINGTON,1612,900,1998,,233,60,Sold,,,https://www.redfin.com/MD/Bowie/3614-Elmcrest-Ln-20716/home/10675465,BRIGHT MLS,MDPG2074486,N,Y,38.939784,-76.721454
PAST SALE,June-6-2023,Townhouse,9915 Sassafras Ln #76,Bowie,MD,20721,365000,2,2.5,WOODVIEW VILLAGE WEST CONDO PHASE 1>,1675,,1999,,218,305,Sold,,,https://www.redfin.com/MD/Bowie/9915-Sassafras-Ln-20721/unit-76/home/10872139,BRIGHT MLS,MDPG2075228,N,Y,38.91084,-76.8342446
PAST SALE,August-8-2023,Single Family Residential,2504 Huntley Ct,Bowie,MD,20721,675000,5,3.5,BALK HILL-PLAT 1>,2882,9980,2006,,234,64,Sold,,,https://www.redfin.com/MD/Bowie/2504-Huntley-Ct-20721/home/11152938,BRIGHT MLS,MDPG2083438,N,Y,38.924865,-76.8343657
PAST SALE,September-4-2023,Single Family Residential,12704 Kramer Ln,Bowie,MD,20715,402000,4,3.0,KENILWORTH AT BELAIR,2264,14378,1964,,178,,Sold,,,https://www.redfin.com/MD/Bowie/12704-Kramer-Ln-20715/home/10647509,BRIGHT MLS,MDPG2086472,N,Y,38.9559995,-76.7296164
PAST SALE,August-22-2023,Single Family Residential,4602 Muscoti Way,Bowie,MD,20720,725000,4,3.5,OLD STAGE KNOLLS,4226,10283,2002,,172,36,Sold,,,https://www.redfin.com/MD/Bowie/4602-Muscoti-Way-20720/home/10672367,BRIGHT MLS,MDPG2085788,N,Y,38.9522482,-76.7527018
PAST SALE,August-25-2023,Townhouse,15730 Erwin Ct,Bowie,MD,20716,440000,3,2.5,ESSINGTON PLAT 2,1496,1600,1990,,294,95,Sold,,,https://www.redfin.com/MD/Bowie/15730-Erwin-Ct-20716/home/10644981,BRIGHT MLS,MDPG2083730,N,Y,38.9475754,-76.7287484
PAST SALE,September-12-2023,Townhouse,16027 Elegant Ct,Bowie,MD,20716,425000,3,3.0,BOWIE NEW TOWN CENTER,1312,1674,1996,,324,41,Sold,,,https://www.redfin.com/MD/Bowie/16027-Elegant-Ct-20716/home/10669274,BRIGHT MLS,MDPG2084180,N,Y,38.9430766,-76.7264824
PAST SALE,August-1-2023,Single Family Residential,3103 Teton Ln,Bowie,MD,20715,441000,4,2.0,TULIP GROVE AT BELAIR,1404,9932,1963,,314,,Sold,,,https://www.redfin.com/MD/Bowie/3103-Teton-Ln-20715/home/10644370,BRIGHT MLS,MDPG2080984,N,Y,38.9731035,-76.7483736
PAST SALE,June-28-2023,Single Family Residential,11601 Chantilly Ln,Bowie,MD,20721,580000,4,3.0,ENTERPRISE ESTATES,2168,17135,1973,,268,,Sold,,,https://www.redfin.com/MD/Mitchellville/11601-Chantilly-Ln-20721/home/10860046,BRIGHT MLS,MDPG2076950,N,Y,38.9417755,-76.8051016
PAST SALE,May-15-2023,Single Family Residential,801 Pengrove Ct,Bowie,MD,20716,580000,5,3.5,NATIONAL RESEARCH HOME PARK PLAT 7,2446,11069,1995,,237,53,Sold,,,https://www.redfin.com/MD/Bowie/801-Pengrove-Ct-20716/home/10667838,BRIGHT MLS,MDPG2072192,N,Y,38.9006361,-76.7241375
PAST SALE,May-26-2023,Single Family Residential,12411 Shawmont Ln,Bowie,MD,20715,490000,5,3.5,SOMERSET AT BELAIR,2560,10890,1962,,191,,Sold,,,https://www.redfin.com/MD/Bowie/12411-Shawmont-Ln-20715/home/10671813,BRIGHT MLS,MDPG2073082,N,Y,38.9741565,-76.7390855
PAST SALE,June-15-2023,Single Family Residential,8316 River Park Rd,Bowie,MD,20715,655000,4,2.5,SADDLEBROOK WEST,3360,10792,2003,,195,68,Sold,,,https://www.redfin.com/MD/Bowie/8316-River-Park-Rd-20715/home/10913839,BRIGHT MLS,MDPG2076482,N,Y,39.0045511,-76.7474268
PAST SALE,May-26-2023,Single Family Residential,12804 Kernel Cir,Bowie,MD,20715,480000,4,2.5,KENILWORTH AT BELAIR,2172,13217,1962,,221,,Sold,,,https://www.redfin.com/MD/Bowie/12804-Kernel-Cir-20715/home/10646457,BRIGHT MLS,MDPG2076090,N,Y,38.9543264,-76.7248365
PAST SALE,July-10-2023,Single Family Residential,14505 Clover Hill Ter,Bowie,MD,20720,655000,5,3.5,OLD STAGE KNOLLS PLAT FIVE,2847,10121,1990,,230,25,Sold,,,https://www.redfin.com/MD/Bowie/14505-Clover-Hill-Ter-20720/home/10651260,BRIGHT MLS,MDPG2077630,N,Y,38.9536949,-76.7539524
PAST SALE,August-28-2023,Single Family Residential,12609 Kilbourne Ln,Bowie,MD,20715,405000,4,2.5,KENILWORTH AT BELAIR,1872,9667,1962,,216,,Sold,,,https://www.redfin.com/MD/Bowie/12609-Kilbourne-Ln-20715/home/10650137,BRIGHT MLS,MDPG2078174,N,Y,38.9629686,-76.7327278
PAST SALE,August-30-2023,Single Family Residential,4911 Rocky Spring Ln,Bowie,MD,20715,485000,3,2.0,ROCKLEDGE AT BELAIR,1967,10461,1967,,247,,Sold,,,https://www.redfin.com/MD/Bowie/4911-Rocky-Spring-Ln-20715/home/10880104,BRIGHT MLS,MDPG2086242,N,Y,39.0003837,-76.7550462
PAST SALE,,Townhouse,4102 Sugarberry Ln,Bowie,MD,20720,510990,,,,,2992,,,,,,,,https://www.redfin.com/MD/Bowie/4102-Sugarberry-Ln-20720/home/174577109,,,N,Y,38.945969,-76.795288
PAST SALE,May-12-2023,Single Family Residential,3102 Sedgwick Ln,Bowie,MD,20715,482000,3,2.5,SOMERSET AT BELAIR,2100,11714,1961,,230,,Sold,,,https://www.redfin.com/MD/Bowie/3102-Sedgwick-Ln-20715/home/10646568,BRIGHT MLS,MDPG2075824,N,Y,38.9734223,-76.7407087
PAST SALE,August-7-2023,Single Family Residential,3525 Northshire Ln,Bowie,MD,20716,342000,3,1.0,NORTHVIEW AT BELAIR VILLAGE,1092,13140,1977,,313,,Sold,,,https://www.redfin.com/MD/Bowie/3525-Northshire-Ln-20716/home/10656114,BRIGHT MLS,MDPG2083526,N,Y,38.9380771,-76.7427377
PAST SALE,May-15-2023,Townhouse,6310 Gwinnett Ln,Bowie,MD,20720,450000,3,3.0,HIGHBRIDGE PLAT 11,1584,2434,1993,,284,47,Sold,,,https://www.redfin.com/MD/Bowie/6310-Gwinnett-Ln-20720/home/10888970,BRIGHT MLS,MDPG2074718,N,Y,38.97704,-76.7654474
PAST SALE,May-17-2023,Single Family Residential,12328 Flamingo Ln,Bowie,MD,20715,475000,3,2.0,FOXHILL AT BELAIR,1583,8400,1963,,300,,Sold,,,https://www.redfin.com/MD/Bowie/12328-Flamingo-Ln-20715/home/10649379,BRIGHT MLS,MDPG2076494,N,Y,38.9632897,-76.7400324
PAST SALE,September-21-2023,Single Family Residential,1408 Perrell Ln,Bowie,MD,20716,421000,4,3.0,POINTER RIDGE,1269,13200,1969,,332,,Sold,,,https://www.redfin.com/MD/Bowie/1408-Perrell-Ln-20716/home/10652105,BRIGHT MLS,MDPG2089098,N,Y,38.9085653,-76.7308339
PAST SALE,August-9-2023,Single Family Residential,12106 Raritan Ln,Bowie,MD,20715,495000,4,2.0,ROCKLEDGE AT BELAIR,2250,10093,1967,,220,,Sold,,,https://www.redfin.com/MD/Bowie/12106-Raritan-Ln-20715/home/10873624,BRIGHT MLS,MDPG2082688,N,Y,38.9960703,-76.7540994
PAST SALE,May-10-2023,Single Family Residential,13606 Greens Discovery Ct,Bowie,MD,20720,947000,6,4.0,FAIRWOOD,3554,20273,2015,,266,186,Sold,,,https://www.redfin.com/MD/Bowie/13606-Greens-Discovery-Ct-20720/home/12483706,BRIGHT MLS,MDPG2072222,N,Y,38.9513343,-76.7697511
PAST SALE,May-19-2023,Single Family Residential,2939 Tallow Ln,Bowie,MD,20715,460000,4,2.0,TULIP GROVE AT BELAIR,1404,12106,1966,,328,,Sold,,,https://www.redfin.com/MD/Bowie/2939-Tallow-Ln-20715/home/10639134,BRIGHT MLS,MDPG2074418,N,Y,38.9708151,-76.7458939
PAST SALE,June-21-2023,Single Family Residential,12514 Kembridge Dr,Bowie,MD,20715,395000,3,2.0,KENILWORTH AT BELAIR,1851,9352,1963,,213,,Sold,,,https://www.redfin.com/MD/Bowie/12514-Kembridge-Dr-20715/home/10649236,BRIGHT MLS,MDPG2069846,N,Y,38.9578818,-76.7365605
PAST SALE,July-3-2023,Single Family Residential,12006 Tweed Ln,Bowie,MD,20715,419000,4,2.0,TULIP GROVE AT BELAIR,1788,11402,1964,,234,,Sold,,,https://www.redfin.com/MD/Bowie/12006-Tweed-Ln-20715/home/10645244,BRIGHT MLS,MDPG2079682,N,Y,38.9719811,-76.7518452
PAST SALE,July-13-2023,Single Family Residential,3702 Lottsford Vista Rd,Bowie,MD,20721,560000,5,3.0,LOTTSFORD,1410,39351,1958,,397,,Sold,,,https://www.redfin.com/MD/Bowie/3702-Lottsford-Vista-Rd-20721/home/10812260,BRIGHT MLS,MDPG2076264,N,Y,38.9407629,-76.824771
PAST SALE,September-27-2023,Townhouse,13814 Gullivers Trl,Bowie,MD,20720,455000,3,3.5,HIGHBRIDGE PLAT 11,1496,1759,1993,,304,45,Sold,,,https://www.redfin.com/MD/Bowie/13814-Gullivers-Trl-20720/home/10888934,BRIGHT MLS,MDPG2086738,N,Y,38.9767997,-76.7661392
PAST SALE,May-16-2023,Single Family Residential,9819 Oxbridge Way,Bowie,MD,20721,750000,4,3.5,BALK HILL-PLAT 1>,3616,9392,2007,,207,60,Sold,,,https://www.redfin.com/MD/Bowie/9819-Oxbridge-Way-20721/home/11153224,BRIGHT MLS,MDPG2073958,N,Y,38.9253106,-76.8404055
PAST SALE,July-31-2023,Single Family Residential,3904 Alta Vista Dr,Bowie,MD,20721,645000,4,3.5,VISTA ESTATES EAST,3726,12486,1992,,173,67,Sold,,,https://www.redfin.com/MD/Bowie/3904-Alta-Vista-Dr-20721/home/10856134,BRIGHT MLS,MDPG2083090,N,Y,38.9433487,-76.8207609
PAST SALE,August-1-2023,Single Family Residential,4908 Reston Ln,Bowie,MD,20715,545000,4,2.5,ROCKLEDGE AT BELAIR,2432,15000,1967,,224,,Sold,,,https://www.redfin.com/MD/Bowie/4908-Reston-Ln-20715/home/10900345,BRIGHT MLS,MDPG2082072,N,Y,39.0011355,-76.7504476
PAST SALE,June-16-2023,Single Family Residential,12413 Rustic Hill Dr,Bowie,MD,20715,460000,4,2.5,ROCKLEDGE AT BELAIR,1980,12325,1967,,232,,Sold,,,https://www.redfin.com/MD/Bowie/12413-Rustic-Hill-Dr-20715/home/10882019,BRIGHT MLS,MDPG2078652,N,Y,39.0015752,-76.7514845
PAST SALE,August-30-2023,Townhouse,16445 Fife Way,Bowie,MD,20716,509470,3,3.0,AMBER RIDGE,2034,,2023,,250,92,Sold,,,https://www.redfin.com/MD/Bowie/16445-Fife-Way-20716/home/179309276,BRIGHT MLS,MDPG2074936,N,Y,38.9115309,-76.7210489
PAST SALE,August-15-2023,Single Family Residential,6714 Mcdonough Ter,Bowie,MD,20720,445000,4,2.5,DANGELO WOODS,1856,13344,1968,,240,,Sold,,,https://www.redfin.com/MD/Bowie/6714-McDonough-Ter-20720/home/10894906,BRIGHT MLS,MDPG2078630,N,Y,38.982449,-76.781858
PAST SALE,August-31-2023,Single Family Residential,13100 Yorktown Dr,Bowie,MD,20715,490000,4,2.5,YORKTOWN AT BELAIR,1872,16988,1966,,262,,Sold,,,https://www.redfin.com/MD/Bowie/13100-Yorktown-Dr-20715/home/10898368,BRIGHT MLS,MDPG2086660,N,Y,38.9908127,-76.7345314
PAST SALE,September-13-2023,Townhouse,16439 Fife Way,Bowie,MD,20716,519680,4,3.5,AMBER RIDGE,2377,,2023,,219,92,Sold,,,https://www.redfin.com/MD/Bowie/16439-Fife-Way-20716/home/179309279,BRIGHT MLS,MDPG2074938,N,Y,38.911571,-76.72084
PAST SALE,June-30-2023,Single Family Residential,1312 Forest Lake Ct,Bowie,MD,20721,560000,4,2.5,NEWBRIDGE PLAT 10,2740,14660,1989,,204,25,Sold,,,https://www.redfin.com/MD/Bowie/1312-Forest-Lake-Ct-20721/home/10846899,BRIGHT MLS,MDPG2076238,N,Y,38.9084465,-76.8219775
PAST SALE,October-16-2023,Single Family Residential,3311 Dunwood Ridge Ter,Bowie,MD,20721,740000,4,3.5,WOODMORE HIGHLANDSPLAT 3,5578,30102,1997,,133,21,Sold,,,https://www.redfin.com/MD/Bowie/3311-Dunwood-Ridge-Ter-20721/home/10659441,BRIGHT MLS,MDPG2088324,N,Y,38.9324715,-76.7567143
PAST SALE,August-21-2023,Single Family Residential,15909 Pinecroft Ln,Bowie,MD,20716,435000,3,2.0,POINTER RIDGE,2241,13193,1968,,194,,Sold,,,https://www.redfin.com/MD/Bowie/15909-Pinecroft-Ln-20716/home/10645630,BRIGHT MLS,MDPG2084780,N,Y,38.903632,-76.7280381
PAST SALE,June-30-2023,Townhouse,10422 Vista Gardens Dr,Bowie,MD,20720,410000,4,3.0,VISTA GARDENS PLAT 1>,1376,1601,1999,,298,90,Sold,,,https://www.redfin.com/MD/Bowie/10422-Vista-Gardens-Dr-20720/home/10868089,BRIGHT MLS,MDPG2079142,N,Y,38.9509857,-76.8253934
PAST SALE,May-24-2023,Single Family Residential,2920 Stonybrook Dr,Bowie,MD,20715,520000,3,2.5,SOMERSET AT BELAIR,2112,10800,1962,,246,,Sold,,,https://www.redfin.com/MD/Bowie/2920-Stonybrook-Dr-20715/home/10638800,BRIGHT MLS,MDPG2076042,N,Y,38.9690934,-76.7340805
PAST SALE,,Townhouse,910 Pleasant Hill Ln,Bowie,MD,20716,330000,,2.5,,1120,1875,1987,,295,,,,,https://www.redfin.com/MD/Bowie/910-Pleasant-Hill-Ln-20716/home/10667572,,,N,Y,38.9024435,-76.7221646
PAST SALE,July-31-2023,Single Family Residential,13112 Belle Meade Trce,Bowie,MD,20720,730000,5,3.5,FAIRWOOD,2850,9153,2005,,256,153,Sold,,,https://www.redfin.com/MD/Bowie/13112-Belle-Meade-Trce-20720/home/11140127,BRIGHT MLS,MDPG2082826,N,Y,38.954841,-76.7794341
PAST SALE,July-14-2023,Single Family Residential,4207 Yarnell Ct,Bowie,MD,20715,525526,3,2.0,YORKTOWN AT BELAIR,1849,32130,1966,,284,,Sold,,,https://www.redfin.com/MD/Bowie/4207-Yarnell-Ct-20715/home/10907300,BRIGHT MLS,MDPG2080858,N,Y,38.9931633,-76.7271363
PAST SALE,June-13-2023,Townhouse,16461 Fife Way,Bowie,MD,20716,453535,3,2.5,Bowie,2034,,2023,,223,92,Sold,,,https://www.redfin.com/MD/Bowie/16461-Fife-Way-20716/home/179309270,BRIGHT MLS,MDPG2070608,N,Y,38.911812,-76.720837
PAST SALE,September-22-2023,Townhouse,16009 Elegant Ct,Bowie,MD,20716,410000,3,3.0,BOWIE NEW TOWN CENTER,1312,1757,1995,,313,42,Sold,,,https://www.redfin.com/MD/Bowie/16009-Elegant-Ct-20716/home/10669290,BRIGHT MLS,MDPG2086262,N,Y,38.9430518,-76.7271363
PAST SALE,August-21-2023,Single Family Residential,12324 Firtree Ln,Bowie,MD,20715,460000,3,2.0,FOXHILL AT BELAIR,1976,9672,1963,,233,,Sold,,,https://www.redfin.com/MD/Bowie/12324-Firtree-Ln-20715/home/10638865,BRIGHT MLS,MDPG2079668,N,Y,38.9625145,-76.7402579
PAST SALE,August-10-2023,Single Family Residential,2712 Bartlett Ln,Bowie,MD,20715,435000,4,2.0,BUCKINGHAM AT BELAIR,1404,11604,1962,,310,,Sold,,,https://www.redfin.com/MD/Bowie/2712-Bartlett-Ln-20715/home/10640480,BRIGHT MLS,MDPG2082008,N,Y,38.9644242,-76.7206877
PAST SALE,July-26-2023,Townhouse,13019 Midsummer Ln,Bowie,MD,20715,350000,3,1.5,BELAIR TOWN,1538,2134,1970,,228,24,Sold,,,https://www.redfin.com/MD/Bowie/13019-Midsummer-Ln-20715/home/10907782,BRIGHT MLS,MDPG2082526,N,Y,38.9831974,-76.7321303
PAST SALE,July-21-2023,Single Family Residential,4024 Chelmont Ln,Bowie,MD,20715,325000,4,2.0,CHAPEL FORGE AT BELAIR,1512,8995,1966,,215,,Sold,,,https://www.redfin.com/MD/Bowie/4024-Chelmont-Ln-20715/home/10908046,BRIGHT MLS,MDPG2082276,N,Y,38.9914144,-76.741836
PAST SALE,June-9-2023,Single Family Residential,2601 Somerton Ct,Bowie,MD,20721,780000,6,3.5,BALK HILL-PLAT 1>,3268,17637,2006,,239,63,Sold,,,https://www.redfin.com/MD/Bowie/2601-Somerton-Ct-20721/home/11152898,BRIGHT MLS,MDPG2078932,N,Y,38.9258487,-76.8328364
PAST SALE,May-9-2023,Single Family Residential,13315 Yarland Ln,Bowie,MD,20715,460000,4,2.5,YORKTOWN AT BELAIR,1872,14000,1966,,246,,Sold,,,https://www.redfin.com/MD/Bowie/13315-Yarland-Ln-20715/home/10883547,BRIGHT MLS,MDPG2073018,N,Y,38.99144,-76.7302477
PAST SALE,September-6-2023,Single Family Residential,1304 Old Mitchellville Rd,Bowie,MD,20716,900000,4,4.5,FEDERAL HILL FARM-PLAT 1>,3765,76666,2000,,239,,Sold,,,https://www.redfin.com/MD/Bowie/1304-Old-Mitchellville-Rd-20716/home/10672618,BRIGHT MLS,MDPG2085256,N,Y,38.9074162,-76.7149604
PAST SALE,May-16-2023,Townhouse,16433 Fife Way,Bowie,MD,20716,563825,4,3.5,AMBER RIDGE,2377,,2023,,237,92,Sold,,,https://www.redfin.com/MD/Bowie/16433-Fife-Way-20716/home/179309295,BRIGHT MLS,MDPG2078368,N,Y,38.911574,-76.720453
PAST SALE,October-17-2023,Single Family Residential,12300 Shadow Ln,Bowie,MD,20715,544000,3,3.0,SOMERSET AT BELAIR,2410,15132,1962,,226,,Sold,,,https://www.redfin.com/MD/Bowie/12300-Shadow-Ln-20715/home/10644512,BRIGHT MLS,MDPG2083328,N,Y,38.9724936,-76.74134
PAST SALE,October-6-2023,Townhouse,1801 Manorfield Ct,Bowie,MD,20721,469000,3,3.0,WOODVIEW VILLAGE,1476,2000,1994,,318,68,Sold,,,https://www.redfin.com/MD/Bowie/1801-Manorfield-Ct-20721/home/10860905,BRIGHT MLS,MDPG2087332,N,Y,38.9144003,-76.8283013
PAST SALE,September-5-2023,Single Family Residential,2801 Birdseye Ln,Bowie,MD,20715,520000,4,2.5,BUCKINGHAM AT BELAIR,1872,13021,1962,,278,,Sold,,,https://www.redfin.com/MD/Bowie/2801-Birdseye-Ln-20715/home/10671743,BRIGHT MLS,MDPG2085096,N,Y,38.9642208,-76.7269108
PAST SALE,June-5-2023,Single Family Residential,4413 Orangewood Ln,Bowie,MD,20715,492500,4,2.0,OVERBROOK AT BELAIR,2247,9775,1966,,219,,Sold,,,https://www.redfin.com/MD/Bowie/4413-Orangewood-Ln-20715/home/10885976,BRIGHT MLS,MDPG2075552,N,Y,38.9961498,-76.7325474
PAST SALE,May-19-2023,Single Family Residential,3803 Idle Ct,Bowie,MD,20715,450000,4,2.0,IDLEWILD AT BELAIR,1719,11051,1966,,262,,Sold,,,https://www.redfin.com/MD/Bowie/3803-Idle-Ct-20715/home/10882693,BRIGHT MLS,MDPG2072710,N,Y,38.9898592,-76.7224464
PAST SALE,August-14-2023,Townhouse,11295 Raging Brook Dr #314,Bowie,MD,20720,353000,3,2.5,GLENSFORD CONDO,1876,,1990,,188,324,Sold,,,https://www.redfin.com/MD/Bowie/11295-Raging-Brook-Dr-20720/unit-314/home/10814135,BRIGHT MLS,MDPG2084634,N,Y,38.9527723,-76.8095229
PAST SALE,July-5-2023,Single Family Residential,8201 River Run Dr,Bowie,MD,20715,775000,4,2.5,SADDLEBROOK WEST,3448,12845,2002,,225,202,Sold,,,https://www.redfin.com/MD/Bowie/8201-River-Run-Dr-20715/home/10913586,BRIGHT MLS,MDPG2080616,N,Y,39.0028171,-76.7421065
PAST SALE,July-20-2023,Single Family Residential,13805 Gullivers Trl,Bowie,MD,20720,621100,5,3.5,HIGHBRIDGE PLAT 11,1972,7574,1994,,315,47,Sold,,,https://www.redfin.com/MD/Bowie/13805-Gullivers-Trl-20720/home/10888905,BRIGHT MLS,MDPG2080580,N,Y,38.9764435,-76.7664874
PAST SALE,June-6-2023,Single Family Residential,3411 Memphis Ln,Bowie,MD,20715,450000,4,2.0,MEADOWBROOK AT BELAIR,1575,10918,1965,,286,,Sold,,,https://www.redfin.com/MD/Bowie/3411-Memphis-Ln-20715/home/10908226,BRIGHT MLS,MDPG2077460,N,Y,38.9752232,-76.754956
PAST SALE,September-28-2023,Single Family Residential,12125 American Chestnut Rd,Bowie,MD,20720,499990,3,2.5,Bowie,2159,3100,2023,,232,170,Sold,,,https://www.redfin.com/MD/Bowie/12125-American-Chestnut-Rd-20720/home/174577144,BRIGHT MLS,MDPG2086856,N,Y,38.946209,-76.794668
PAST SALE,August-31-2023,Single Family Residential,4105 Nesconset Dr,Bowie,MD,20716,429500,3,1.5,NORTHVIEW AT LAKE VILLAGE,1668,9599,1983,,257,,Sold,,,https://www.redfin.com/MD/Bowie/4105-Nesconset-Dr-20716/home/10655716,BRIGHT MLS,MDPG2085144,N,Y,38.946573,-76.7427377
PAST SALE,August-25-2023,Single Family Residential,5111 Birchmere Ter,Bowie,MD,20720,727500,5,3.5,COLLINGTON-ANTHONYS ADDN>,2492,18802,2009,,292,100,Sold,,,https://www.redfin.com/MD/Bowie/5111-Birchmere-Ter-20720/home/11157141,BRIGHT MLS,MDPG2084050,N,Y,38.9594578,-76.7558126
PAST SALE,April-28-2023,Townhouse,15728 Piller Ln,Bowie,MD,20716,340000,4,2.0,LAKE VILLAGE MANOR AT LAKE VILLAGE-PLAT 2>,1160,1600,1982,,293,66,Sold,,,https://www.redfin.com/MD/Bowie/15728-Piller-Ln-20716/home/10657276,BRIGHT MLS,MDPG2073928,N,Y,38.9192219,-76.7341594
PAST SALE,September-11-2023,Single Family Residential,3306 Memphis Ln,Bowie,MD,20715,522500,4,2.5,MEADOWBROOK AT BELAIR,2400,11600,1965,,218,,Sold,,,https://www.redfin.com/MD/Bowie/3306-Memphis-Ln-20715/home/10886135,BRIGHT MLS,MDPG2084988,N,Y,38.9777246,-76.7519804
PAST SALE,August-16-2023,Single Family Residential,10402 Meadowridge Ct,Bowie,MD,20721,495000,5,3.0,WILLOW WOOD ESTATES,1282,11259,1977,,386,,Sold,,,https://www.redfin.com/MD/Bowie/10402-Meadowridge-Ct-20721/home/10852472,BRIGHT MLS,MDPG2084972,N,Y,38.9342023,-76.8248048
PAST SALE,August-10-2023,Single Family Residential,15906 Perkins Ln,Bowie,MD,20716,490000,4,2.5,POINTER RIDGE AT,1810,11065,1972,,271,,Sold,,,https://www.redfin.com/MD/Bowie/15906-Perkins-Ln-20716/home/10653387,BRIGHT MLS,MDPG2084250,N,Y,38.912922,-76.7300222
PAST SALE,June-27-2023,Single Family Residential,12406 Stretton Ln,Bowie,MD,20715,491500,3,2.5,SOMERSET AT BELAIR,2040,9175,1962,,241,,Sold,,,https://www.redfin.com/MD/Bowie/12406-Stretton-Ln-20715/home/10647253,BRIGHT MLS,MDPG2077728,N,Y,38.9724586,-76.7389503
PAST SALE,August-24-2023,Single Family Residential,15234 Noblewood Ln,Bowie,MD,20716,335000,3,2.5,NORTHVIEW AT BELAIR VILLAGE,2194,10711,1973,,153,,Sold,,,https://www.redfin.com/MD/Bowie/15234-Noblewood-Ln-20716/home/10656178,BRIGHT MLS,MDPG2084996,N,Y,38.9275026,-76.7407087
PAST SALE,August-25-2023,Single Family Residential,13200 Ithan Ln,Bowie,MD,20715,475000,3,2.0,IDLEWILD AT BELAIR,2020,13187,1966,,235,,Sold,,,https://www.redfin.com/MD/Bowie/13200-Ithan-Ln-20715/home/10894889,BRIGHT MLS,MDPG2085014,N,Y,38.9875052,-76.7266853
PAST SALE,October-4-2023,Townhouse,925 Hall Station Dr,Bowie,MD,20721,505000,3,3.0,HALL STATION,2400,1804,2011,,210,95,Sold,,,https://www.redfin.com/MD/Bowie/925-Hall-Station-Dr-20721/home/28959220,BRIGHT MLS,MDPG2087390,N,Y,38.9026438,-76.7379921
PAST SALE,August-23-2023,Single Family Residential,15601 Peyton Ct,Bowie,MD,20716,530000,4,2.5,POINTER RIDGE AT,2592,13896,1971,,204,,Sold,,,https://www.redfin.com/MD/Bowie/15601-Peyton-Ct-20716/home/10649650,BRIGHT MLS,MDPG2084204,N,Y,38.9138971,-76.7362223
PAST SALE,August-25-2023,Single Family Residential,12404 Stretton Ln,Bowie,MD,20715,445000,4,2.0,SOMERSET AT BELAIR,1404,9837,1962,,317,,Sold,,,https://www.redfin.com/MD/Bowie/12404-Stretton-Ln-20715/home/10650093,BRIGHT MLS,MDPG2084178,N,Y,38.9726448,-76.7391757
PAST SALE,,Single Family Residential,15005 Jandleway Ct,Bowie,MD,20721,640000,5,3.5,,3607,11064,1999,,177,,,,,https://www.redfin.com/MD/Bowie/15005-Jandleway-Ct-20721/home/10641920,,,N,Y,38.8941675,-76.7459615
PAST SALE,May-25-2023,Single Family Residential,3102 Shield Ln,Bowie,MD,20715,435000,4,2.5,SOMERSET AT BELAIR,2112,8854,1962,,206,,Sold,,,https://www.redfin.com/MD/Bowie/3102-Shield-Ln-20715/home/10642985,BRIGHT MLS,MDPG2075190,N,Y,38.972118,-76.7377328
PAST SALE,August-7-2023,Single Family Residential,12608 Killian Ln,Bowie,MD,20715,467000,3,2.0,KENILWORTH AT BELAIR,1856,9726,1962,,252,,Sold,,,https://www.redfin.com/MD/Bowie/12608-Killian-Ln-20715/home/23243772,BRIGHT MLS,MDPG2083834,N,Y,38.9625436,-76.732863
PAST SALE,July-18-2023,Townhouse,9908 Spanish Oak Way #73,Bowie,MD,20721,381000,3,2.5,WOODVIEW VILLAGE WEST CONDO PHASE 1>,1306,,1999,,292,320,Sold,,,https://www.redfin.com/MD/Bowie/9908-Spanish-Oak-Way-20721/unit-73/home/10872130,BRIGHT MLS,MDPG2080976,N,Y,38.9109,-76.833984
PAST SALE,,Single Family Residential,12615 Quoting Poet Ct,Bowie,MD,20720,765000,,4.5,,3636,20009,1993,,210,,,,,https://www.redfin.com/MD/Bowie/12615-Quoting-Poet-Ct-20720/home/10874615,,,N,Y,38.9875911,-76.7848429
PAST SALE,June-15-2023,Single Family Residential,12206 Mackell Ln,Bowie,MD,20715,465000,3,2.0,MEADOWBROOK AT BELAIR,1583,9117,1964,,294,,Sold,,,https://www.redfin.com/MD/Bowie/12206-Mackell-Ln-20715/home/10896439,BRIGHT MLS,MDPG2075982,N,Y,38.9847959,-76.7525215
PAST SALE,May-5-2023,Townhouse,14751 London Ln,Bowie,MD,20715,390000,4,3.5,PRINCETON SQUARE PLAT FOUR,1800,1320,1985,,217,97,Sold,,,https://www.redfin.com/MD/Bowie/14751-London-Ln-20715/home/10644853,BRIGHT MLS,MDPG2074858,N,Y,38.9534671,-76.7469308
PAST SALE,July-10-2023,Single Family Residential,3607 Ripplingbrook Ct,Bowie,MD,20721,460000,4,2.0,CLEARFIELD ESTATES,894,33698,1984,,515,,Sold,,,https://www.redfin.com/MD/Bowie/3607-Ripplingbrook-Ct-20721/home/10855779,BRIGHT MLS,MDPG2080670,N,Y,38.9401559,-76.8219325
PAST SALE,September-13-2023,Townhouse,16493 Fife Way,Bowie,MD,20716,518940,3,2.5,Bowie,2034,,2023,,255,92,Sold,,,https://www.redfin.com/MD/Bowie/16493-Fife-Way-20716/home/179309245,BRIGHT MLS,MDPG2073552,N,Y,38.912072,-76.721154
PAST SALE,,Single Family Residential,13401 Yorktown Dr,Bowie,MD,20715,515000,,2.0,,1849,16240,1966,,279,,,,,https://www.redfin.com/MD/Bowie/13401-Yorktown-Dr-20715/home/10889875,,,N,Y,38.9930786,-76.7295262
PAST SALE,July-31-2023,Single Family Residential,2208 Hyde Ln,Bowie,MD,20716,395000,4,2.5,HEATHER HILLS AT BELAIR,1872,10412,1965,,211,,Sold,,,https://www.redfin.com/MD/Bowie/2208-Hyde-Ln-20716/home/10645677,BRIGHT MLS,MDPG2083196,N,Y,38.9502149,-76.728444
PAST SALE,June-26-2023,Single Family Residential,4114 Crosswick TURN,Bowie,MD,20715,450000,4,2.0,CHAPEL FORGE AT BELAIR,1788,11250,1966,,252,,Sold,,,https://www.redfin.com/MD/Bowie/4114-Crosswick-Turn-20715/home/10883235,BRIGHT MLS,MDPG2078254,N,Y,38.992889,-76.7389954
PAST SALE,September-29-2023,Single Family Residential,11401 Bayard Dr,Bowie,MD,20721,520000,5,3.5,ENTERPRISE ESTATES,2236,13365,1978,,233,,Sold,,,https://www.redfin.com/MD/Bowie/11401-Bayard-Dr-20721/home/10821820,BRIGHT MLS,MDPG2089490,N,Y,38.9407206,-76.8079632
PAST SALE,October-20-2023,Single Family Residential,15591 Peach Walker Dr,Bowie,MD,20716,490000,3,2.5,POINTER RIDGE AT,1872,12572,1972,,262,,Sold,,,https://www.redfin.com/MD/Bowie/15591-Peach-Walker-Dr-20716/home/10639566,BRIGHT MLS,MDPG2090258,N,Y,38.9167886,-76.7343511
PAST SALE,September-8-2023,Single Family Residential,12016 Long Ridge Ln,Bowie,MD,20715,510000,4,3.0,LONGRIDGE AT BELAIR,2410,15000,1962,,212,,Sold,,,https://www.redfin.com/MD/Bowie/12016-Long-Ridge-Ln-20715/home/10651624,BRIGHT MLS,MDPG2085474,N,Y,38.9661256,-76.753874
PAST SALE,July-11-2023,Townhouse,7805 Quill Point Dr,Bowie,MD,20720,460000,3,3.0,NORTHRIDGE PLAT 22,1572,3230,1994,,293,60,Sold,,,https://www.redfin.com/MD/Bowie/7805-Quill-Point-Dr-20720/home/10909807,BRIGHT MLS,MDPG2080882,N,Y,38.996334,-76.7953811
PAST SALE,May-26-2023,Townhouse,10109 Wood Laurel Way,Bowie,MD,20721,462000,4,3.5,WOODVIEW VILLAGE WEST,2620,1600,1997,,176,85,Sold,,,https://www.redfin.com/MD/Bowie/10109-Wood-Laurel-Way-20721/home/10866517,BRIGHT MLS,MDPG2074008,N,Y,38.9129409,-76.8308349
PAST SALE,September-22-2023,Single Family Residential,3615 Mabank Ln,Bowie,MD,20715,440000,3,2.0,MEADOWBROOK AT BELAIR,1849,13546,1964,,238,,Sold,,,https://www.redfin.com/MD/Bowie/3615-Mabank-Ln-20715/home/10908795,BRIGHT MLS,MDPG2089388,N,Y,38.9854579,-76.7419261
PAST SALE,September-1-2023,Single Family Residential,4904 Reston Ln,Bowie,MD,20715,400000,4,2.5,ROCKLEDGE AT BELAIR,1872,13500,1967,,214,,Sold,,,https://www.redfin.com/MD/Bowie/4904-Reston-Ln-20715/home/10878241,BRIGHT MLS,MDPG2086214,N,Y,39.0007336,-76.7500869
PAST SALE,June-30-2023,Single Family Residential,13204 Old Chapel Rd,Bowie,MD,20720,395000,3,2.5,HIGHBRIDGE ESTATES,1400,23911,1965,,282,,Sold,,,https://www.redfin.com/MD/Bowie/13204-Old-Chapel-Rd-20720/home/10893430,BRIGHT MLS,MDPG2080948,N,Y,38.9818886,-76.7806192
PAST SALE,May-1-2023,Single Family Residential,1307 Durham Dr,Bowie,MD,20721,625000,5,3.5,EAST HAMPTON-PLAT 1>,2592,10826,1998,,241,57,Sold,,,https://www.redfin.com/MD/Bowie/1307-Durham-Dr-20721/home/10672017,BRIGHT MLS,MDPG2072756,N,Y,38.9081516,-76.7426563
PAST SALE,May-23-2023,Single Family Residential,4308 Glenn Dale Rd,Bowie,MD,20720,520000,3,3.5,GLENN DALE ESTATES PLAT 1>,1864,9585,1994,,279,,Sold,,,https://www.redfin.com/MD/Bowie/4308-Glenn-Dale-Rd-20720/home/10836884,BRIGHT MLS,MDPG2069652,N,Y,38.9497339,-76.8124696
PAST SALE,April-28-2023,Single Family Residential,11921 Galaxy Ln,Bowie,MD,20715,430000,5,2.5,GLENRIDGE AT BELAIR,2112,11903,1969,,204,,Sold,,,https://www.redfin.com/MD/Bowie/11921-Galaxy-Ln-20715/home/10893994,BRIGHT MLS,MDPG2073696,N,Y,38.9742077,-76.757226
PAST SALE,September-16-2023,Single Family Residential,9901 Cleary Ln,Bowie,MD,20721,650000,5,3.5,WILLOW GROVE- PLAT 1,3031,20000,1989,,214,,Sold,,,https://www.redfin.com/MD/Bowie/9901-Cleary-Ln-20721/home/10819430,BRIGHT MLS,MDPG2087068,N,Y,38.9438033,-76.8359452
PAST SALE,October-18-2023,Townhouse,1605 Monarch Birch Way #108,Bowie,MD,20721,365000,2,2.5,WOODVIEW VILLAGE WEST CONDO PHASE 1>,1652,,1999,,221,305,Sold,,,https://www.redfin.com/MD/Bowie/1605-Monarch-Birch-Way-20721/unit-108/home/11123382,BRIGHT MLS,MDPG2083258,N,Y,38.9108953,-76.8348745
PAST SALE,September-21-2023,Single Family Residential,12409 Seabury Ln,Bowie,MD,20715,590000,5,2.5,SOMERSET AT BELAIR,2952,14265,1962,,200,,Sold,,,https://www.redfin.com/MD/Bowie/12409-Seabury-Ln-20715/home/10640349,BRIGHT MLS,MDPG2087372,N,Y,38.974701,-76.7399873
PAST SALE,July-28-2023,Townhouse,16455 Fife Way,Bowie,MD,20716,440330,3,2.5,AMBER RIDGE,1741,,2023,,253,92,Sold,,,https://www.redfin.com/MD/Bowie/16455-Fife-Way-20716/home/179309273,BRIGHT MLS,MDPG2068024,N,Y,38.911763,-76.721093
PAST SALE,May-19-2023,Single Family Residential,12408 Sandal Ln,Bowie,MD,20715,436000,3,2.0,SOMERSET AT BELAIR,1781,8400,1962,,245,,Sold,,,https://www.redfin.com/MD/Bowie/12408-Sandal-Ln-20715/home/10645427,BRIGHT MLS,MDPG2075792,N,Y,38.9698283,-76.7397619
PAST SALE,June-13-2023,Single Family Residential,15506 Orchard Run Dr,Bowie,MD,20715,585000,2,3.5,SADDLEBROOK PLAT 1>,2404,13088,2000,,243,,Sold,,,https://www.redfin.com/MD/Bowie/15506-Orchard-Run-Dr-20715/home/10911376,BRIGHT MLS,MDPG2080636,N,Y,38.9994969,-76.7369212
PAST SALE,October-13-2023,Single Family Residential,2401 Bermondsey Dr,Bowie,MD,20721,734000,5,4.0,WOODMORE MEADOWS,2504,262231,1988,,293,,Sold,,,https://www.redfin.com/MD/Bowie/2401-Bermondsey-Dr-20721/home/10661406,BRIGHT MLS,MDPG2087354,N,Y,38.9229754,-76.7724828
PAST SALE,June-22-2023,Single Family Residential,15308 Doveheart Ln,Bowie,MD,20721,795000,6,4.5,ASHLEIGH,5298,13674,2004,,150,44,Sold,,,https://www.redfin.com/MD/Bowie/15308-Doveheart-Ln-20721/home/10677021,BRIGHT MLS,MDPG2076132,N,Y,38.9178781,-76.7410244
PAST SALE,June-1-2023,Single Family Residential,15800 Atomic Ln,Bowie,MD,20716,470000,4,2.0,OAKTREE SUB PLAT ONE,1956,13053,1984,,240,,Sold,,,https://www.redfin.com/MD/Bowie/15800-Atomic-Ln-20716/home/10657093,BRIGHT MLS,MDPG2075548,N,Y,38.9283637,-76.7307888
PAST SALE,August-24-2023,Townhouse,13047 Marquette Ln,Bowie,MD,20715,312000,3,2.5,BELAIR TOWN,918,3185,1970,,340,238,Sold,,,https://www.redfin.com/MD/Bowie/13047-Marquette-Ln-20715/home/10880142,BRIGHT MLS,MDPG2083160,N,Y,38.9845952,-76.7312285
PAST SALE,July-28-2023,Townhouse,16453 Fife Way,Bowie,MD,20716,441440,3,2.5,AMBER RIDGE,1741,,2023,,254,92,Sold,,,https://www.redfin.com/MD/Bowie/16453-Fife-Way-20716/home/179309274,BRIGHT MLS,MDPG2072724,N,Y,38.91175,-76.721161
PAST SALE,May-8-2023,Single Family Residential,8005 Gold Cup Ln,Bowie,MD,20715,600000,4,3.5,DONTRINE SUB PLAT ONE,3504,10210,1989,,171,30,Sold,,,https://www.redfin.com/MD/Bowie/8005-Gold-Cup-Ln-20715/home/10891411,BRIGHT MLS,MDPG2074062,N,Y,39.00026,-76.7758018
PAST SALE,June-12-2023,Single Family Residential,12919 Victoria Heights Dr,Bowie,MD,20715,525000,4,2.0,VICTORIA HEIGHTS AT BELAIR,1512,9911,1968,,347,,Sold,,,https://www.redfin.com/MD/Bowie/12919-Victoria-Heights-Dr-20715/home/10885174,BRIGHT MLS,MDPG2074610,N,Y,38.986984,-76.7346667
PAST SALE,October-20-2023,Townhouse,15317 Norwalk Ct,Bowie,MD,20716,282000,2,1.5,ALLEN POND TOWNHOUSES-PLAT 2,1120,1810,1983,,252,56,Sold,,,https://www.redfin.com/MD/Bowie/15317-Norwalk-Ct-20716/home/10657430,BRIGHT MLS,MDPG2091118,N,Y,38.9313098,-76.739311
PAST SALE,August-10-2023,Single Family Residential,3406 Estonia Dr,Bowie,MD,20716,420000,3,2.5,ENFIELD CHASE PLAT THREE,1492,6199,1986,,282,,Sold,,,https://www.redfin.com/MD/Bowie/3406-Estonia-Dr-20716/home/10658490,BRIGHT MLS,MDPG2083158,N,Y,38.9372363,-76.7392659
PAST SALE,August-3-2023,Townhouse,14920 London Ln,Bowie,MD,20715,335000,2,1.5,PRINCETON SQUARE PLAT FOUR,1120,1080,1984,,299,90,Sold,,,https://www.redfin.com/MD/Bowie/14920-London-Ln-20715/home/10644626,BRIGHT MLS,MDPG2081248,N,Y,38.9553525,-76.7462545
PAST SALE,May-8-2023,Single Family Residential,1800 Waesche Ct,Bowie,MD,20721,580000,4,3.0,CANTERBURY ESTATESPLAT 4,3792,20000,1989,,153,,Sold,,,https://www.redfin.com/MD/Bowie/1800-Waesche-Ct-20721/home/10859280,BRIGHT MLS,MDPG2073100,N,Y,38.9153517,-76.8104868
PAST SALE,October-25-2023,Townhouse,16214 Bright Star Way Unit 0302F,Bowie,MD,20716,514705,3,2.5,SOUTHLAKE,2030,,2023,,254,130,Sold,,,https://www.redfin.com/MD/Bowie/16214-Bright-Star-Way-20716/unit-0302F/home/188044143,BRIGHT MLS,MDPG2093710,N,Y,38.895943,-76.723648
PAST SALE,August-10-2023,Townhouse,16451 Fife Way,Bowie,MD,20716,464640,3,3.0,Bowie,2034,,2023,,228,92,Sold,,,https://www.redfin.com/MD/Bowie/16451-Fife-Way-20716/home/179309275,BRIGHT MLS,MDPG2072730,N,Y,38.911736,-76.721254
PAST SALE,September-12-2023,Townhouse,16495 Fife Way,Bowie,MD,20716,438680,3,2.5,AMBER RIDGE,1741,,2023,,252,92,Sold,,,https://www.redfin.com/MD/Bowie/16495-Fife-Way-20716/home/179309244,BRIGHT MLS,MDPG2072726,N,Y,38.912078,-76.721228
PAST SALE,August-8-2023,Townhouse,11030 Spring Lake Dr,Bowie,MD,20721,365000,4,3.5,NORTHLAKE- PLAT 4,1292,1656,1989,,283,125,Sold,,,https://www.redfin.com/MD/Bowie/11030-Spring-Lake-Dr-20721/home/10829519,BRIGHT MLS,MDPG2083922,N,Y,38.9027515,-76.816228
PAST SALE,August-23-2023,Townhouse,16483 Fife Way,Bowie,MD,20716,441140,3,2.0,AMBER RIDGE,1741,,2023,,253,92,Sold,,,https://www.redfin.com/MD/Bowie/16483-Fife-Way-20716/home/179309250,BRIGHT MLS,MDPG2066156,N,Y,38.912041,-76.720756
PAST SALE,October-20-2023,Single Family Residential,12209 American Chestnut Rd,Bowie,MD,20720,499990,3,2.5,Bowie,2248,2800,2023,,222,170,Sold,,,https://www.redfin.com/MD/Bowie/12209-American-Chestnut-Rd-20720/home/174577162,BRIGHT MLS,MDPG2085408,N,Y,38.9464912,-76.7927146
PAST SALE,September-22-2023,Single Family Residential,8800 Maple Ave,Bowie,MD,20720,315000,3,1.0,BOWIE,1248,5000,1933,,252,,Sold,,,https://www.redfin.com/MD/Bowie/8800-Maple-Ave-20720/home/10877935,BRIGHT MLS,MDPG2086536,N,Y,39.010019,-76.7821668
PAST SALE,May-12-2023,Single Family Residential,3801 Poe Ct,Bowie,MD,20721,499900,5,2.5,ENTERPRISE ESTATES,2292,9718,1978,,218,,Sold,,,https://www.redfin.com/MD/Bowie/3801-Poe-Ct-20721/home/10819914,BRIGHT MLS,MDPG2074274,N,Y,38.9428696,-76.8027581
PAST SALE,October-20-2023,Single Family Residential,8206 Myrtle Ave,Bowie,MD,20715,550000,4,2.5,HUNTINGTON CREST,2268,11245,1993,,243,22,Sold,,,https://www.redfin.com/MD/Bowie/8206-Myrtle-Ave-20715/home/10908444,BRIGHT MLS,MDPG2089126,N,Y,39.0030356,-76.7735742
PAST SALE,July-25-2023,Single Family Residential,3603 Clairton Dr,Bowie,MD,20721,615000,4,3.0,ENTERPRISE ESTATES,2732,16281,1973,,225,,Sold,,,https://www.redfin.com/MD/Bowie/3603-Clairton-Dr-20721/home/10826856,BRIGHT MLS,MDPG2080838,N,Y,38.9398473,-76.8031412
PAST SALE,May-15-2023,Townhouse,1232 Patriot Ln,Bowie,MD,20716,328000,2,2.5,RIDGEVIEW ESTATES,1120,1500,1982,,293,89,Sold,,,https://www.redfin.com/MD/Bowie/1232-Patriot-Ln-20716/home/10652755,BRIGHT MLS,MDPG2075516,N,Y,38.9066231,-76.7208568
PAST SALE,October-12-2023,Single Family Residential,15220 Dalebrooke Dr,Bowie,MD,20721,685000,5,3.5,EAST HAMPTON-PLAT 1>,2948,19114,1998,,232,60,Sold,,,https://www.redfin.com/MD/Bowie/15220-Dalebrooke-Dr-20721/home/10671848,BRIGHT MLS,MDPG2085972,N,Y,38.9041564,-76.7398971
PAST SALE,October-2-2023,Single Family Residential,12217 Quadrille Ln,Bowie,MD,20720,670000,4,3.5,NORTHRIDGE PLAT 25,3882,7272,1998,,173,60,Sold,,,https://www.redfin.com/MD/Bowie/12217-Quadrille-Ln-20720/home/10879297,BRIGHT MLS,MDPG2084818,N,Y,38.9937407,-76.7934065
PAST SALE,August-4-2023,Single Family Residential,11804 Frost Dr,Bowie,MD,20720,650000,5,3.0,SPRINGFIELD MANOR,2464,16615,1987,,264,74,Sold,,,https://www.redfin.com/MD/Bowie/11804-Frost-Dr-20720/home/10895151,BRIGHT MLS,MDPG2080510,N,Y,39.0012338,-76.8014737
PAST SALE,July-26-2023,Single Family Residential,12426 Shawmont Ln,Bowie,MD,20715,575000,4,3.0,SOMERSET AT BELAIR,2686,13136,1962,,214,,Sold,,,https://www.redfin.com/MD/Bowie/12426-Shawmont-Ln-20715/home/10640224,BRIGHT MLS,MDPG2081408,N,Y,38.9760345,-76.7380034
PAST SALE,June-28-2023,Single Family Residential,3004 Tarragon Ln,Bowie,MD,20715,480000,4,2.0,TULIP GROVE AT BELAIR,1856,9357,1964,,259,,Sold,,,https://www.redfin.com/MD/Bowie/3004-Tarragon-Ln-20715/home/10640626,BRIGHT MLS,MDPG2077616,N,Y,38.9708299,-76.7470661
PAST SALE,October-2-2023,Townhouse,2707 Princess Victoria Way,Bowie,MD,20721,475000,3,2.5,WOODMORE OVERLOOK,1440,1800,2020,,330,89,Sold,,,https://www.redfin.com/MD/Bowie/2707-Princess-Victoria-Way-20721/home/171292449,BRIGHT MLS,MDPG2085714,N,Y,38.916854,-76.836695
PAST SALE,September-7-2023,Townhouse,2116 Garden Grove Ln,Bowie,MD,20721,500000,4,3.5,BALK HILL VILLAGE,1799,2712,2016,,278,68,Sold,,,https://www.redfin.com/MD/Bowie/2116-Garden-Grove-Ln-20721/home/108432949,BRIGHT MLS,MDPG2081146,N,Y,38.920815,-76.8410702
PAST SALE,June-16-2023,Single Family Residential,3820 Irongate Ln,Bowie,MD,20715,475000,4,2.0,IDLEWILD AT BELAIR,1575,12199,1966,,302,,Sold,,,https://www.redfin.com/MD/Bowie/3820-Irongate-Ln-20715/home/10882594,BRIGHT MLS,MDPG2072180,N,Y,38.9906108,-76.7237542
PAST SALE,September-25-2023,Single Family Residential,3225 Courtside Rd,Bowie,MD,20721,1356500,5,6.0,WOODMORE-RESUB-PLAT 5>,8529,11599,2005,,159,278,Sold,,,https://www.redfin.com/MD/Bowie/3225-Courtside-Rd-20721/home/10676674,BRIGHT MLS,MDPG2084668,N,Y,38.9325604,-76.7955018
PAST SALE,August-2-2023,Single Family Residential,2614 Rose Mount Ln,Bowie,MD,20721,699000,5,3.5,BALK HILL VILLAGE,3016,6127,2015,,232,68,Sold,,,https://www.redfin.com/MD/Bowie/2614-Rose-Mount-Ln-20721/home/109736846,BRIGHT MLS,MDPG2081368,N,Y,38.9236773,-76.8398153
PAST SALE,June-28-2023,Single Family Residential,3012 Traymore Ln,Bowie,MD,20715,421000,3,2.0,TULIP GROVE AT BELAIR,1583,14246,1964,,266,,Sold,,,https://www.redfin.com/MD/Bowie/3012-Traymore-Ln-20715/home/10643151,BRIGHT MLS,MDPG2079272,N,Y,38.9717972,-76.7509435
PAST SALE,September-21-2023,Townhouse,16144 Edenwood Dr,Bowie,MD,20716,420000,4,3.0,COVINGTON,1384,1600,1998,,303,57,Sold,,,https://www.redfin.com/MD/Bowie/16144-Edenwood-Dr-20716/home/10672765,BRIGHT MLS,MDPG2086990,N,Y,38.9385298,-76.7265839
PAST SALE,September-14-2023,Single Family Residential,1400 Baytree Ter,Bowie,MD,20721,550000,4,3.5,NEWBRIDGE PLAT 11,3276,8970,1991,,168,100,Sold,,,https://www.redfin.com/MD/Bowie/1400-Baytree-Ter-20721/home/10847110,BRIGHT MLS,MDPG2086424,N,Y,38.9096501,-76.8254303
PAST SALE,September-19-2023,Townhouse,1739 Stourbridge Ct,Bowie,MD,20721,467000,4,3.5,WOODVIEW VILLAGE,1468,1600,1993,,318,68,Sold,,,https://www.redfin.com/MD/Bowie/1739-Stourbridge-Ct-20721/home/10861250,BRIGHT MLS,MDPG2083346,N,Y,38.91362,-76.828444
PAST SALE,July-20-2023,Single Family Residential,15605 Overchase Ln,Bowie,MD,20715,709000,5,3.5,SADDLEBROOK PLAT 1>,3116,15331,1998,,228,75,Sold,,,https://www.redfin.com/MD/Bowie/15605-Overchase-Ln-20715/home/10911767,BRIGHT MLS,MDPG2069036,N,Y,39.0011624,-76.7343511
PAST SALE,August-4-2023,Single Family Residential,11104 Queens Wood Ter,Bowie,MD,20721,815000,4,5.5,CANTERBURY HEIGHTS-PLAT 1>,5694,11547,2002,,143,63,Sold,,,https://www.redfin.com/MD/Bowie/11104-Queens-Wood-Ter-20721/home/10872372,BRIGHT MLS,MDPG2084700,N,Y,38.9206334,-76.8131906
PAST SALE,July-7-2023,Single Family Residential,12305 Thompson Rd,Bowie,MD,20720,432000,3,2.0,BRIGHT MANOR,2252,14650,1960,,192,,Sold,,,https://www.redfin.com/MD/Bowie/12305-Thompson-Rd-20720/home/10877730,BRIGHT MLS,MDPG2078308,N,Y,38.9840314,-76.7929107
PAST SALE,May-15-2023,Single Family Residential,8410 Bates Dr,Bowie,MD,20720,633000,4,2.5,SPRINGFIELD MANOR CLUSTER PLAT 1,2946,11836,1995,,215,79,Sold,,,https://www.redfin.com/MD/Bowie/8410-Bates-Dr-20720/home/10895757,BRIGHT MLS,MDPG2075404,N,Y,39.004176,-76.7971022
PAST SALE,September-29-2023,Single Family Residential,15762 Pointer Ridge Dr,Bowie,MD,20716,517000,3,2.0,POINTER RIDGE,2018,13072,1968,,256,,Sold,,,https://www.redfin.com/MD/Bowie/15762-Pointer-Ridge-Dr-20716/home/10653108,BRIGHT MLS,MDPG2085444,N,Y,38.9070565,-76.7320063
PAST SALE,September-28-2023,Townhouse,12752 Midwood Ln,Bowie,MD,20715,310000,2,1.0,BELAIR TOWN,918,2958,1968,,338,42,Sold,,,https://www.redfin.com/MD/Bowie/12752-Midwood-Ln-20715/home/10896959,BRIGHT MLS,MDPG2087594,N,Y,38.9810677,-76.7402842
PAST SALE,August-3-2023,Townhouse,16310 Ellipse Ter Unit 12-45,Bowie,MD,20716,350000,3,2.0,SUMMERFIELD IN COVINGTON CONDO-PHASE 1>,1656,,1998,,211,215,Sold,,,https://www.redfin.com/MD/Bowie/16310-Ellipse-Ter-20716/unit-12-45/home/10677180,BRIGHT MLS,MDPG2078960,N,Y,38.9431976,-76.7228368
PAST SALE,July-20-2023,Single Family Residential,14606 Arabian Ln,Bowie,MD,20715,550000,5,3.0,PATUXENT RIDING,3920,19158,1999,,140,13,Sold,,,https://www.redfin.com/MD/Bowie/14606-Arabian-Ln-20715/home/10899300,BRIGHT MLS,MDPG2080446,N,Y,39.0165777,-76.7513943
PAST SALE,June-30-2023,Townhouse,3927 Elite St,Bowie,MD,20716,435000,3,3.0,BOWIE NEW TOWN CENTER,1312,1654,1995,,332,40,Sold,,,https://www.redfin.com/MD/Bowie/3927-Elite-St-20716/home/10669308,BRIGHT MLS,MDPG2079616,N,Y,38.9426526,-76.727497
PAST SALE,September-1-2023,Single Family Residential,13227 5th St,Bowie,MD,20720,670000,4,3.5,BOWIE,2946,10000,2007,,227,,Sold,,,https://www.redfin.com/MD/Bowie/13227-5th-St-20720/home/11159790,BRIGHT MLS,MDPG2082922,N,Y,39.0117689,-76.7736193
PAST SALE,July-11-2023,Single Family Residential,2926 Tarragon Ln,Bowie,MD,20715,489000,3,2.5,TULIP GROVE AT BELAIR,1872,24693,1965,,261,,Sold,,,https://www.redfin.com/MD/Bowie/2926-Tarragon-Ln-20715/home/10642964,BRIGHT MLS,MDPG2080952,N,Y,38.9699034,-76.747021
PAST SALE,July-7-2023,Single Family Residential,12813 Brunswick Ln,Bowie,MD,20715,435000,4,2.5,BUCKINGHAM AT BELAIR,1872,14241,1962,,232,,Sold,,,https://www.redfin.com/MD/Bowie/12813-Brunswick-Ln-20715/home/10644910,BRIGHT MLS,MDPG2078790,N,Y,38.9674608,-76.7258285
PAST SALE,October-25-2023,Townhouse,16220 Bright Star Way,Bowie,MD,20716,460280,3,2.5,SOUTHLAKE,1730,,2023,,266,130,Sold,,,https://www.redfin.com/MD/Bowie/16220-Bright-Star-Way-20716/home/179309402,BRIGHT MLS,MDPG2066946,N,Y,38.895921,-76.7234299
PAST SALE,September-22-2023,Single Family Residential,1305 Paddock Ln,Bowie,MD,20716,485000,3,2.0,POINTER RIDGE,2240,12231,1969,,217,,Sold,,,https://www.redfin.com/MD/Bowie/1305-Paddock-Ln-20716/home/10666524,BRIGHT MLS,MDPG2087256,N,Y,38.9068819,-76.7249267
PAST SALE,July-18-2023,Single Family Residential,11510 Lottsford Ter,Bowie,MD,20721,805000,5,3.5,CANTERBURY ESTATESPLAT SIX,6056,15812,1992,,133,81,Sold,,,https://www.redfin.com/MD/Bowie/11510-Lottsford-Ter-20721/home/10859447,BRIGHT MLS,MDPG2078698,N,Y,38.9216928,-76.8060438
PAST SALE,September-29-2023,Townhouse,901 Pleasant Hill Ln,Bowie,MD,20716,375000,2,2.5,RIDGEVIEW ESTATES ADDITION PLAT 3,1120,2375,1987,,335,85,Sold,,,https://www.redfin.com/MD/Bowie/901-Pleasant-Hill-Ln-20716/home/10667560,BRIGHT MLS,MDPG2089300,N,Y,38.9027286,-76.7208117
PAST SALE,September-19-2023,Single Family Residential,12319 Manvel Ln,Bowie,MD,20715,400000,5,2.0,MEADOWBROOK AT BELAIR,1512,13127,1964,,265,,Sold,,,https://www.redfin.com/MD/Bowie/12319-Manvel-Ln-20715/home/10899032,BRIGHT MLS,MDPG2089248,N,Y,38.9838099,-76.748306
PAST SALE,September-14-2023,Single Family Residential,14300 Driftwood Rd,Bowie,MD,20721,906000,4,4.5,TALL OAK ESTATES,5436,41219,2012,,167,30,Sold,,,https://www.redfin.com/MD/Bowie/14300-Driftwood-Rd-20721/home/10654752,BRIGHT MLS,MDPG2083482,N,Y,38.9200632,-76.7575708
PAST SALE,May-26-2023,Single Family Residential,12300 Manship Ln,Bowie,MD,20715,455000,3,2.0,MEADOWBROOK AT BELAIR,1849,12717,1965,,246,,Sold,,,https://www.redfin.com/MD/Bowie/12300-Manship-Ln-20715/home/10907207,BRIGHT MLS,MDPG2077996,N,Y,38.9810067,-76.7477875
PAST SALE,,Townhouse,4225 Begonia Dr,Bowie,MD,20720,430000,,3.0,,1616,1729,2002,,266,,,,,https://www.redfin.com/MD/Bowie/4225-Begonia-Dr-20720/home/10869739,,,N,Y,38.9491693,-76.8213507
PAST SALE,June-2-2023,Single Family Residential,2213 Davit Ct,Bowie,MD,20721,1038500,5,4.5,ASHLEIGH,2644,40491,2012,,393,39,Sold,,,https://www.redfin.com/MD/Bowie/2213-Davit-Ct-20721/home/10676849,BRIGHT MLS,MDPG2073800,N,Y,38.9189516,-76.7513943
PAST SALE,October-19-2023,Single Family Residential,11109 Maiden Dr,Bowie,MD,20720,582500,5,3.5,GLENN DALE ESTATES PLAT 1>,2742,14931,1987,,212,,Sold,,,https://www.redfin.com/MD/Bowie/11109-Maiden-Dr-20720/home/10825517,BRIGHT MLS,MDPG2089430,N,Y,38.9473678,-76.813506
PAST SALE,June-20-2023,Townhouse,147 Lawndale Dr,Bowie,MD,20716,441490,3,3.0,SOUTHLAKE,1916,,2022,,230,130,Sold,,,https://www.redfin.com/MD/Bowie/147-Lawndale-Dr-20716/home/179309406,BRIGHT MLS,MDPG2064234,N,Y,38.896256,-76.723462
PAST SALE,October-20-2023,Single Family Residential,4010 William Ln,Bowie,MD,20715,494900,4,2.5,WHITEHALL AT BELAIR,2202,9909,1966,,225,,Sold,,,https://www.redfin.com/MD/Bowie/4010-William-Ln-20715/home/10907322,BRIGHT MLS,MDPG2088850,N,Y,38.9926615,-76.7516198
PAST SALE,May-10-2023,Single Family Residential,1740 Peachtree Ln,Bowie,MD,20721,680000,5,4.0,TALL OAKS CROSSING -PLAT 1,3017,11514,1989,,225,46,Sold,,,https://www.redfin.com/MD/Bowie/1740-Peachtree-Ln-20721/home/10658853,BRIGHT MLS,MDPG2071504,N,Y,38.9147677,-76.7439551
PAST SALE,September-15-2023,Single Family Residential,12211 American Chestnut Rd,Bowie,MD,20720,499990,3,2.5,Bowie,2159,3100,2023,,232,170,Sold,,,https://www.redfin.com/MD/Bowie/12211-American-Chestnut-Rd-20720/home/174577161,BRIGHT MLS,MDPG2085374,N,Y,38.9464151,-76.7927151
PAST SALE,June-8-2023,Townhouse,2221 Ruby TURN,Bowie,MD,20721,580000,4,3.5,WOODMORE OVERLOOK,2872,2295,2021,,202,89,Sold,,,https://www.redfin.com/MD/Bowie/2221-Ruby-Turn-20721/home/171292542,BRIGHT MLS,MDPG2076348,N,Y,38.918611,-76.8388669
PAST SALE,October-6-2023,Single Family Residential,108 Bottsford Ave,Upper Marlboro,MD,20774,800000,5,3.5,OAK CREEK CLUB,3356,10501,2017,,238,217,Sold,,,https://www.redfin.com/MD/Upper-Marlboro/108-Bottsford-Ave-20774/home/109736003,BRIGHT MLS,MDPG2084930,N,Y,38.8887908,-76.748554
PAST SALE,July-14-2023,Single Family Residential,13501 Forest Dr,Bowie,MD,20715,455000,3,2.0,FOREST HILLS,1423,44431,1987,,320,,Sold,,,https://www.redfin.com/MD/Bowie/13501-Forest-Dr-20715/home/10646768,BRIGHT MLS,MDPG2078560,N,Y,38.9729086,-76.7178466
PAST SALE,June-20-2023,Single Family Residential,3807 Deep Hollow Way,Bowie,MD,20721,1150000,5,5.0,COLLINGBROOK,6422,45665,2008,,179,50,Sold,,,https://www.redfin.com/MD/Bowie/3807-Deep-Hollow-Way-20721/home/11755388,BRIGHT MLS,MDPG2075144,N,Y,38.941445,-76.7518001
PAST SALE,July-28-2023,Single Family Residential,12413 Shelter Ln,Bowie,MD,20715,612500,4,3.0,SOMERSET AT BELAIR,2926,13109,1962,,209,,Sold,,,https://www.redfin.com/MD/Bowie/12413-Shelter-Ln-20715/home/10645832,BRIGHT MLS,MDPG2082888,N,Y,38.9673236,-76.7401
PAST SALE,July-7-2023,Single Family Residential,13017 Weiss Dr,Bowie,MD,20715,715000,5,3.5,OLD CHAPEL ESTATES,3980,20041,1995,,180,,Sold,,,https://www.redfin.com/MD/Bowie/13017-Weiss-Dr-20715/home/10910341,BRIGHT MLS,MDPG2079588,N,Y,38.9951919,-76.7426475
PAST SALE,June-30-2023,Townhouse,823 Saint Michaels Dr,Bowie,MD,20721,327000,3,2.0,ENTERPRISE KNOLLS-PLAT SIX,1080,1500,1985,,303,51,Sold,,,https://www.redfin.com/MD/Bowie/823-Saint-Michaels-Dr-20721/home/10836601,BRIGHT MLS,MDPG2081358,N,Y,38.90125,-76.7971426
PAST SALE,August-23-2023,Townhouse,15533 Norwegian Ct,Bowie,MD,20716,340000,3,1.5,OAK POND PLAT FIVEPHASE C,1160,1500,1987,,293,42,Sold,,,https://www.redfin.com/MD/Bowie/15533-Norwegian-Ct-20716/home/10665250,BRIGHT MLS,MDPG2083028,N,Y,38.9266477,-76.7350274
PAST SALE,June-30-2023,Townhouse,2346 Mitchellville Rd,Bowie,MD,20716,355000,4,2.0,LAKE VILLAGE MANOR AT LAKE VILLAGE-PLAT 2>,1680,1600,1984,,211,66,Sold,,,https://www.redfin.com/MD/Bowie/2346-Mitchellville-Rd-20716/home/10656895,BRIGHT MLS,MDPG2070708,N,Y,38.921608,-76.733323
PAST SALE,April-28-2023,Single Family Residential,12924 Vicar Woods Ln,Bowie,MD,20720,979000,4,4.5,WESTWOOD,6657,45506,2008,,147,100,Sold,,,https://www.redfin.com/MD/Bowie/12924-Vicar-Woods-Ln-20720/home/11121228,BRIGHT MLS,MDPG2071572,N,Y,38.9719416,-76.7781494
PAST SALE,August-17-2023,Single Family Residential,3604 Violetwood Pl,Bowie,MD,20715,435000,4,2.0,VICTORIA HEIGHTS AT BELAIR,1928,12381,1968,,226,,Sold,,,https://www.redfin.com/MD/Bowie/3604-Violetwood-Pl-20715/home/10883457,BRIGHT MLS,MDPG2084100,N,Y,38.9849426,-76.7360645
PAST SALE,October-20-2023,Single Family Residential,9609 Oxbridge Way,Bowie,MD,20721,670000,5,3.5,BALK HILL-PLAT 1>,2851,14316,2007,,235,68,Sold,,,https://www.redfin.com/MD/Bowie/9609-Oxbridge-Way-20721/home/11153324,BRIGHT MLS,MDPG2086632,N,Y,38.9280091,-76.8394594
PAST SALE,June-23-2023,Single Family Residential,2804 Stonybrook Dr,Bowie,MD,20715,493000,3,2.5,SOMERSET AT BELAIR,2040,9984,1962,,242,,Sold,,,https://www.redfin.com/MD/Bowie/2804-Stonybrook-Dr-20715/home/10651635,BRIGHT MLS,MDPG2076108,N,Y,38.9647376,-76.7366056
PAST SALE,August-31-2023,Single Family Residential,12422 Stafford Ln,Bowie,MD,20715,460000,3,2.0,SOMERSET AT BELAIR,1781,8400,1962,,258,,Sold,,,https://www.redfin.com/MD/Bowie/12422-Stafford-Ln-20715/home/10647824,BRIGHT MLS,MDPG2085428,N,Y,38.9709439,-76.738319
PAST SALE,August-1-2023,Single Family Residential,14104 Weybridge Ct,Bowie,MD,20715,537000,3,2.0,BELAIR GREENS PLAT TWO,2154,14066,1988,,249,34,Sold,,,https://www.redfin.com/MD/Bowie/14104-Weybridge-Ct-20715/home/10893400,BRIGHT MLS,MDPG2081318,N,Y,38.9871212,-76.7605463
PAST SALE,June-9-2023,Single Family Residential,4708 Redding Ln,Bowie,MD,20715,499900,4,2.0,ROCKLEDGE AT BELAIR,2204,11447,1967,,227,,Sold,,,https://www.redfin.com/MD/Bowie/4708-Redding-Ln-20715/home/10877911,BRIGHT MLS,MDPG2074992,N,Y,38.9978611,-76.7526116
PAST SALE,September-15-2023,Single Family Residential,2101 Ardleigh Ct,Bowie,MD,20716,489900,3,2.5,AMBER MEADOWS,1950,22239,1971,,251,,Sold,,,https://www.redfin.com/MD/Bowie/2101-Ardleigh-Ct-20716/home/10648654,BRIGHT MLS,MDPG2083412,N,Y,38.9178775,-76.7220631
PAST SALE,August-4-2023,Single Family Residential,15903 Acre Ct,Bowie,MD,20716,555000,4,2.5,OAKTREE SUB PLAT ONE,2656,15199,1984,,209,,Sold,,,https://www.redfin.com/MD/Bowie/15903-Acre-Ct-20716/home/10657019,BRIGHT MLS,MDPG2084058,N,Y,38.9277259,-76.7280381
PAST SALE,September-29-2023,Townhouse,3525 Easton Dr,Bowie,MD,20716,338000,3,1.5,ENFIELD CHASE PLATTHREE-STAGE ONE,1276,1742,1985,,265,30,Sold,,,https://www.redfin.com/MD/Bowie/3525-Easton-Dr-20716/home/10659069,BRIGHT MLS,MDPG2087534,N,Y,38.9374387,-76.7339791
PAST SALE,October-4-2023,Townhouse,3807 Elmcrest Ln,Bowie,MD,20716,370000,3,2.5,COVINGTON,1560,900,2001,,237,60,Sold,,,https://www.redfin.com/MD/Bowie/3807-Elmcrest-Ln-20716/home/10675513,BRIGHT MLS,MDPG2090318,N,Y,38.940194,-76.720335
PAST SALE,August-3-2023,Single Family Residential,2504 Kitmore Ln,Bowie,MD,20715,505000,4,2.5,KENILWORTH AT BELAIR,2112,9000,1963,,239,,Sold,,,https://www.redfin.com/MD/Bowie/2504-Kitmore-Ln-20715/home/10649711,BRIGHT MLS,MDPG2081704,N,Y,38.9585386,-76.7415654
PAST SALE,July-20-2023,Townhouse,16201 Presidio Way,Bowie,MD,20716,435000,3,3.0,NATIONAL RESEARCH HOME PARK PLAT 6,1650,3188,1995,,264,42,Sold,,,https://www.redfin.com/MD/Bowie/16201-Presidio-Way-20716/home/10667797,BRIGHT MLS,MDPG2081626,N,Y,38.9007152,-76.7256933
PAST SALE,September-7-2023,Single Family Residential,2802 Spiral Ln,Bowie,MD,20715,589990,4,2.5,SOMERSET AT BELAIR,2507,9510,1962,,235,,Sold,,,https://www.redfin.com/MD/Bowie/2802-Spiral-Ln-20715/home/10671796,BRIGHT MLS,MDPG2085828,N,Y,38.9657222,-76.7385445
PAST SALE,August-24-2023,Single Family Residential,11926 Galaxy Ln,Bowie,MD,20715,502000,3,2.5,GLENRIDGE AT BELAIR,1849,15169,1968,,271,,Sold,,,https://www.redfin.com/MD/Bowie/11926-Galaxy-Ln-20715/home/10894001,BRIGHT MLS,MDPG2082962,N,Y,38.9747513,-76.75712
PAST SALE,May-19-2023,Townhouse,4404 Stockbridge Ct,Bowie,MD,20720,315000,4,3.5,LOTTSFORD COMMUNITY PLAT FIVE,2196,1931,1982,,143,52,Sold,,,https://www.redfin.com/MD/Bowie/4404-Stockbridge-Ct-20720/home/10837331,BRIGHT MLS,MDPG2072556,N,Y,38.9497315,-76.8094924
PAST SALE,August-31-2023,Single Family Residential,2711 Ancient Ct,Bowie,MD,20716,548000,4,2.5,OAKTREE SUB PLAT ONE,2468,10596,1983,,222,,Sold,,,https://www.redfin.com/MD/Bowie/2711-Ancient-Ct-20716/home/10656455,BRIGHT MLS,MDPG2082326,N,Y,38.927473,-76.7310594
PAST SALE,April-28-2023,Single Family Residential,3421 Medina Ln,Bowie,MD,20715,485000,4,2.0,MEADOWBROOK AT BELAIR,1908,11186,1964,,254,,Sold,,,https://www.redfin.com/MD/Bowie/3421-Medina-Ln-20715/home/10880333,BRIGHT MLS,MDPG2071930,N,Y,38.9783083,-76.7539191
PAST SALE,July-31-2023,Single Family Residential,1309 Peachwood Ln,Bowie,MD,20716,475000,4,3.0,POINTER RIDGE,2069,10000,1969,,230,,Sold,,,https://www.redfin.com/MD/Bowie/1309-Peachwood-Ln-20716/home/10666835,BRIGHT MLS,MDPG2080824,N,Y,38.9083389,-76.7227847
PAST SALE,October-2-2023,Single Family Residential,13313 Mockingbird Ln,Bowie,MD,20720,540000,4,3.5,DAVIS SUB OF HIGH BRIDGE-TRACT D,2360,11245,1996,,229,,Sold,,,https://www.redfin.com/MD/Bowie/13313-Mockingbird-Ln-20720/home/10911911,BRIGHT MLS,MDPG2087786,N,Y,38.9890053,-76.774781
PAST SALE,May-26-2023,Townhouse,6314 Gwinnett Ln,Bowie,MD,20720,460000,3,3.0,HIGHBRIDGE PLAT 11,1584,2488,1993,,290,45,Sold,,,https://www.redfin.com/MD/Bowie/6314-Gwinnett-Ln-20720/home/10888973,BRIGHT MLS,MDPG2074872,N,Y,38.9771431,-76.7653299
PAST SALE,June-15-2023,Townhouse,16471 Fife Way,Bowie,MD,20716,512990,4,3.5,AMBER RIDGE,2034,,2023,,252,92,Sold,,,https://www.redfin.com/MD/Bowie/16471-Fife-Way-20716/home/179309292,BRIGHT MLS,MDPG2076466,N,Y,38.911892,-76.72048
PAST SALE,August-10-2023,Townhouse,16457 Fife Way,Bowie,MD,20716,487650,3,2.5,AMBER RIDGE,2034,,2023,,240,92,Sold,,,https://www.redfin.com/MD/Bowie/16457-Fife-Way-20716/home/179309272,BRIGHT MLS,MDPG2074384,N,Y,38.911777,-76.7210209
PAST SALE,September-1-2023,Single Family Residential,6420 Grendel Pl,Bowie,MD,20720,620000,4,2.5,HIGHBRIDGE PLAT 8,1986,11816,1994,,312,46,Sold,,,https://www.redfin.com/MD/Bowie/6420-Grendel-Pl-20720/home/10888733,BRIGHT MLS,MDPG2083984,N,Y,38.9782766,-76.7686156
PAST SALE,July-11-2023,Single Family Residential,12404 Melody TURN,Bowie,MD,20715,551000,4,2.5,MEADOWBROOK AT BELAIR,2503,12196,1965,,220,,Sold,,,https://www.redfin.com/MD/Bowie/12404-Melody-Turn-20715/home/10880691,BRIGHT MLS,MDPG2081160,N,Y,38.9825268,-76.7455106
PAST SALE,October-13-2023,Single Family Residential,4507 Declairmonts Field Dr,Bowie,MD,20720,865000,5,4.5,FAIRWOOD,3412,14597,2016,,254,195,Sold,,,https://www.redfin.com/MD/Bowie/4507-Declairmonts-Field-Dr-20720/home/12483595,BRIGHT MLS,MDPG2086674,N,Y,38.9518957,-76.7668801
PAST SALE,October-18-2023,Single Family Residential,12013 Terra Ln,Bowie,MD,20715,425000,4,2.0,TULIP GROVE AT BELAIR,2058,9493,1967,,207,,Sold,,,https://www.redfin.com/MD/Bowie/12013-Terra-Ln-20715/home/10649231,BRIGHT MLS,MDPG2091570,N,Y,38.9696384,-76.7520255
PAST SALE,July-31-2023,Single Family Residential,8300 Quill Point Dr,Bowie,MD,20720,689900,5,3.5,NORTHRIDGE PLAT 2,2872,15307,1996,,240,9,Sold,,,https://www.redfin.com/MD/Bowie/8300-Quill-Point-Dr-20720/home/10875933,BRIGHT MLS,MDPG2080336,N,Y,38.9950961,-76.7866488
PAST SALE,June-26-2023,Single Family Residential,12306 Round Tree Ln,Bowie,MD,20715,308000,3,2.0,ROCKLEDGE AT BELAIR,1293,15200,1967,,238,,Sold,,,https://www.redfin.com/MD/Bowie/12306-Round-Tree-Ln-20715/home/10880251,BRIGHT MLS,MDPG2080382,N,Y,38.9987665,-76.7524764
PAST SALE,June-21-2023,Single Family Residential,13202 Vanessa Ave,Bowie,MD,20720,650000,5,4.0,PROSPECT KNOLLLS,3016,87556,1983,,216,,Sold,,,https://www.redfin.com/MD/Bowie/13202-Vanessa-Ave-20720/home/10897139,BRIGHT MLS,MDPG2079746,N,Y,38.9791706,-76.7804032
PAST SALE,April-28-2023,Townhouse,947 Saint Michaels Dr,Bowie,MD,20721,322000,3,2.0,ENTERPRISE KNOLLS-PLAT FIVE,1080,1500,1986,,298,51,Sold,,,https://www.redfin.com/MD/Bowie/947-Saint-Michaels-Dr-20721/home/10836721,BRIGHT MLS,MDPG2071972,N,Y,38.9027024,-76.7969006
PAST SALE,May-19-2023,Single Family Residential,2701 Lyn Pl,Bowie,MD,20715,575000,4,3.0,LONGRIDGE AT BELAIR,2410,44856,1962,,239,,Sold,,,https://www.redfin.com/MD/Bowie/2701-Lyn-Pl-20715/home/10645939,BRIGHT MLS,MDPG2070630,N,Y,38.9668851,-76.7559478
PAST SALE,October-20-2023,Townhouse,1003 Westlake Dr,Bowie,MD,20721,345100,3,3.5,WESTLAKE PLAT 2,1292,1500,1993,,267,95,Sold,,,https://www.redfin.com/MD/Bowie/1003-Westlake-Dr-20721/home/10814655,BRIGHT MLS,MDPG2091052,N,Y,38.9038756,-76.8226589
PAST SALE,July-17-2023,Single Family Residential,11604 Silvergate Ln,Bowie,MD,20720,760000,5,3.5,SILVERBROOK PLAT 1>,4456,15026,1990,,171,29,Sold,,,https://www.redfin.com/MD/Bowie/11604-Silvergate-Ln-20720/home/10860147,BRIGHT MLS,MDPG2080244,N,Y,38.9561498,-76.8034116
PAST SALE,June-9-2023,Single Family Residential,2508 Korvale Ln,Bowie,MD,20715,490000,4,2.0,KENILWORTH AT BELAIR,1823,14362,1963,,269,,Sold,,,https://www.redfin.com/MD/Bowie/2508-Korvale-Ln-20715/home/10645883,BRIGHT MLS,MDPG2075956,N,Y,38.9571539,-76.7361547
PAST SALE,June-30-2023,Single Family Residential,13800 Pleasant View Dr,Bowie,MD,20720,680000,4,3.5,WOODMONT ESTATES PLAT 1,2276,17429,1995,,299,30,Sold,,,https://www.redfin.com/MD/Bowie/13800-Pleasant-View-Dr-20720/home/10669600,BRIGHT MLS,MDPG2078440,N,Y,38.9611318,-76.7599151
PAST SALE,August-24-2023,Single Family Residential,3520 Maureen Ln,Bowie,MD,20715,550000,3,2.5,MEADOWBROOK AT BELAIR,2512,9750,1964,,219,,Sold,,,https://www.redfin.com/MD/Bowie/3520-Maureen-Ln-20715/home/10898488,BRIGHT MLS,MDPG2085054,N,Y,38.983822,-76.743369
PAST SALE,July-14-2023,Single Family Residential,12624 Kernwood Ln,Bowie,MD,20715,515000,4,3.0,KENILWORTH AT BELAIR,2396,9769,1963,,215,,Sold,,,https://www.redfin.com/MD/Bowie/12624-Kernwood-Ln-20715/home/10639217,BRIGHT MLS,MDPG2077946,N,Y,38.9580979,-76.7307888
PAST SALE,May-19-2023,Single Family Residential,3800 Poe Ct,Bowie,MD,20721,460000,4,4.0,ENTERPRISE ESTATES,2332,9712,1980,,197,,Sold,,,https://www.redfin.com/MD/Bowie/3800-Poe-Ct-20721/home/10819916,BRIGHT MLS,MDPG2071836,N,Y,38.9429487,-76.8030048
PAST SALE,August-17-2023,Single Family Residential,12007 Tempo Ln,Bowie,MD,20715,420000,4,2.0,TULIP GROVE AT BELAIR,1782,11662,1964,,236,,Sold,,,https://www.redfin.com/MD/Bowie/12007-Tempo-Ln-20715/home/10649944,BRIGHT MLS,MDPG2083640,N,Y,38.97226,-76.7514845
PAST SALE,June-13-2023,Single Family Residential,3814 Irongate Ln,Bowie,MD,20715,480000,4,2.5,IDLEWILD AT BELAIR,2328,22405,1966,,206,,Sold,,,https://www.redfin.com/MD/Bowie/3814-Irongate-Ln-20715/home/10873518,BRIGHT MLS,MDPG2074576,N,Y,38.9901527,-76.7242953
PAST SALE,May-5-2023,Single Family Residential,902 Cypress Point Cir,Bowie,MD,20721,559000,4,3.0,NEWBRIDGE,2232,11541,1987,,250,15,Sold,,,https://www.redfin.com/MD/Bowie/902-Cypress-Point-Cir-20721/home/10845722,BRIGHT MLS,MDPG2071272,N,Y,38.904029,-76.8093151
PAST SALE,July-13-2023,Single Family Residential,12923 Victoria Heights Dr,Bowie,MD,20715,525000,4,2.5,VICTORIA HEIGHTS AT BELAIR,2292,11031,1968,,229,,Sold,,,https://www.redfin.com/MD/Bowie/12923-Victoria-Heights-Dr-20715/home/10877948,BRIGHT MLS,MDPG2080680,N,Y,38.9867156,-76.7351176
PAST SALE,July-21-2023,Single Family Residential,719 Jennings Mill Dr,Bowie,MD,20721,700000,4,3.5,COLLINGTON STATIONPLAT 13,4100,11751,1998,,171,75,Sold,,,https://www.redfin.com/MD/Bowie/719-Jennings-Mill-Dr-20721/home/10642136,BRIGHT MLS,MDPG2082876,N,Y,38.8923359,-76.746773
PAST SALE,June-2-2023,Single Family Residential,12713 Blossom Ln,Bowie,MD,20715,445000,4,2.0,BUCKINGHAM AT BELAIR,1656,8857,1962,,269,,Sold,,,https://www.redfin.com/MD/Bowie/12713-Blossom-Ln-20715/home/10645831,BRIGHT MLS,MDPG2072346,N,Y,38.96419,-76.7290753
PAST SALE,May-12-2023,Single Family Residential,12302 Shadow Ln,Bowie,MD,20715,450000,4,2.5,SOMERSET AT BELAIR,2112,17028,1961,,213,,Sold,,,https://www.redfin.com/MD/Bowie/12302-Shadow-Ln-20715/home/10640361,BRIGHT MLS,MDPG2072968,N,Y,38.9726731,-76.7411596
PAST SALE,,Other,12309 Beechfield Dr,Bowie,MD,20720,699990,,,,,5228,,,,,,,,https://www.redfin.com/MD/Bowie/12309-Beechfield-Dr-20720/home/174577055,,,N,Y,38.945535,-76.791152
PAST SALE,September-29-2023,Single Family Residential,12123 American Chestnut Rd,Bowie,MD,20720,499990,3,2.5,Bowie,2159,3100,2023,,232,170,Sold,,,https://www.redfin.com/MD/Bowie/12123-American-Chestnut-Rd-20720/home/174577174,BRIGHT MLS,MDPG2085370,N,Y,38.946263,-76.794056
PAST SALE,August-25-2023,Single Family Residential,4309 Saddle River Dr,Bowie,MD,20720,675000,4,3.5,LOTTSFORD COMMUNITY PLAT 17,3712,12350,1989,,182,52,Sold,,,https://www.redfin.com/MD/Bowie/4309-Saddle-River-Dr-20720/home/10837493,BRIGHT MLS,MDPG2082140,N,Y,38.9486982,-76.8055297
PAST SALE,October-12-2023,Townhouse,12060 Hallandale Ter,Bowie,MD,20721,340000,3,1.5,ENTERPRISE KNOLLS PLAT TWO,1404,1900,1982,,242,55,Sold,,,https://www.redfin.com/MD/Bowie/12060-Hallandale-Ter-20721/home/10836072,BRIGHT MLS,MDPG2087132,N,Y,38.9023261,-76.7953527
PAST SALE,May-12-2023,Single Family Residential,12011 Tulip Grove Dr,Bowie,MD,20715,449500,4,2.0,FOXHILL AT BELAIR,1644,9125,1965,,273,,Sold,,,https://www.redfin.com/MD/Bowie/12011-Tulip-Grove-Dr-20715/home/10647288,BRIGHT MLS,MDPG2076294,N,Y,38.9676366,-76.7523021
PAST SALE,May-15-2023,Single Family Residential,13321 Landsdales Hope Way,Bowie,MD,20720,690000,4,3.5,FAIRWOOD,3432,7963,2010,,201,162,Sold,,,https://www.redfin.com/MD/Bowie/13321-Landsdales-Hope-Way-20720/home/11161235,BRIGHT MLS,MDPG2075142,N,Y,38.955794,-76.7744757
PAST SALE,June-12-2023,Townhouse,11728 Bishops Content Rd,Bowie,MD,20721,595000,4,3.5,BISHOPS CONTENT VILLAS AT WOODMORE PLAT 5>,2232,3751,1991,,267,278,Sold,,,https://www.redfin.com/MD/Mitchellville/11728-Bishops-Content-Rd-20721/home/10661387,BRIGHT MLS,MDPG2077400,N,Y,38.9233895,-76.8016273
PAST SALE,May-31-2023,Townhouse,2220 Prince Of Wales Ct,Bowie,MD,20716,360000,4,2.0,LAKE VILLAGE MANOR AT LAKE VILLAGE-PLAT 2>,1160,1600,1981,,310,67,Sold,,,https://www.redfin.com/MD/Bowie/2220-Prince-of-Wales-Ct-20716/home/10656636,BRIGHT MLS,MDPG2071108,N,Y,38.9198979,-76.7321979
PAST SALE,,Single Family Residential,13212 12th St,Bowie,MD,20715,564800,,2.5,,3520,10000,2007,,160,,,,,https://www.redfin.com/MD/Bowie/13212-12th-St-20715/home/10906199,,,N,Y,39.0061525,-76.7745659
