PAST SALE,August-21-2023,Single Family Residential,7318 Bobolink Ct,Columbia,MD,21046,612500,4,2.5,VILLAGE OF KINGS CONTRIVANCE,3422,9475,1986,,179,126,Sold,,,https://www.redfin.com/MD/Columbia/7318-Bobolink-Ct-21046/home/9989474,BRIGHT MLS,MDHW2030616,N,Y,39.1696901,-76.8716682
PAST SALE,August-1-2023,Townhouse,5914 Trumpet Sound Ct Unit A3-17,Clarksville,MD,21029,630000,4,3.5,RIVER HILL,2720,,2001,,232,170,Sold,,,https://www.redfin.com/MD/Clarksville/5914-Trumpet-Sound-Ct-21029/unit-A3-17/home/10212254,BRIGHT MLS,MDHW2029970,N,Y,39.208795,-76.934507
PAST SALE,October-25-2023,Single Family Residential,5454 Phelps Luck Dr,Columbia,MD,21045,525000,4,2.5,PHELPS LUCK,2540,11151,1972,,207,141,Sold,,,https://www.redfin.com/MD/Columbia/5454-Phelps-Luck-Dr-21045/home/9953209,BRIGHT MLS,MDHW2032494,N,Y,39.2214778,-76.8243835
PAST SALE,May-4-2023,Townhouse,9475 Clocktower Ln,Columbia,MD,21046,420000,3,2.5,VILLAGE OF KINGS CONTRIVANCE,1939,1804,1984,,217,150,Sold,,,https://www.redfin.com/MD/Columbia/9475-Clocktower-Ln-21046/home/9988380,BRIGHT MLS,MDHW2026448,N,Y,39.164143,-76.8437722
PAST SALE,June-30-2023,Townhouse,5477 Enberend Ter,Columbia,MD,21045,411000,3,3.5,VILLAGE OF LONG REACH,1952,1466,1977,,211,98,Sold,,,https://www.redfin.com/MD/Columbia/5477-Enberend-Ter-21045/home/9967867,BRIGHT MLS,MDHW2028412,N,Y,39.2223242,-76.8231965
PAST SALE,September-11-2023,Townhouse,5744 Yellowrose Ct,Columbia,MD,21045,377000,3,2.5,VILLAGE OF LONG REACH,1876,1437,1974,,201,22,Sold,,,https://www.redfin.com/MD/Columbia/5744-Yellowrose-Ct-21045/home/9951814,BRIGHT MLS,MDHW2031426,N,Y,39.2132491,-76.8154289
PAST SALE,August-4-2023,Townhouse,9013 Constant Crse,Columbia,MD,21046,415000,3,3.0,SNOWDEN RIDGE,1570,2368,1997,,264,62,Sold,,,https://www.redfin.com/MD/Columbia/9013-Constant-Crse-21046/home/10200074,BRIGHT MLS,MDHW2029510,N,Y,39.1758574,-76.8242679
PAST SALE,August-15-2023,Single Family Residential,6310 Eastern Star Way,Clarksville,MD,21029,803500,4,3.5,VILLAGE OF RIVER HILL,2006,13416,1996,,401,175,Sold,,,https://www.redfin.com/MD/Clarksville/6310-Eastern-Star-Way-21029/home/9944213,BRIGHT MLS,MDHW2030524,N,Y,39.1933129,-76.9254359
PAST SALE,August-21-2023,Single Family Residential,12112 Blue Paper Trl,Columbia,MD,21044,627000,4,3.5,Columbia,2307,7205,1986,,272,126,Sold,,,https://www.redfin.com/MD/Columbia/12112-Blue-Paper-Trl-21044/home/9928657,BRIGHT MLS,MDHW2030846,N,Y,39.2142042,-76.8962427
PAST SALE,September-12-2023,Single Family Residential,6214 Hidden Clearing,Columbia,MD,21045,473000,4,2.0,JEFFERS HILL,1512,11970,1972,,313,92,Sold,,,https://www.redfin.com/MD/Columbia/6214-Hidden-Clearing-21045/home/9959111,BRIGHT MLS,MDHW2031532,N,Y,39.2007723,-76.8295473
PAST SALE,May-12-2023,Single Family Residential,8120 Tamar Dr,Columbia,MD,21045,635000,3,3.5,LONG REACH,2781,7564,1989,,228,119,Sold,,,https://www.redfin.com/MD/Columbia/8120-Tamar-Dr-21045/home/9998973,BRIGHT MLS,MDHW2026482,N,Y,39.1996371,-76.7966966
PAST SALE,September-29-2023,Townhouse,7359 Swan Point Way Unit 11-4,Columbia,MD,21045,456500,4,3.5,VILLAGE OF OWEN BROWN,2232,,1984,,205,266,Sold,,,https://www.redfin.com/MD/Columbia/7359-Swan-Point-Way-21045/unit-11-4/home/9995550,BRIGHT MLS,MDHW2031732,N,Y,39.1841639,-76.8420005
PAST SALE,August-1-2023,Townhouse,6168 Silver Arrows Way,Columbia,MD,21045,485000,3,2.5,THE RIDINGS AT KENDALL RIDGE,1840,1306,1997,,264,47,Sold,,,https://www.redfin.com/MD/Columbia/6168-Silver-Arrows-Way-21045/home/10008619,BRIGHT MLS,MDHW2029968,N,Y,39.2010525,-76.8047622
PAST SALE,June-9-2023,Single Family Residential,4922 Good Hours Pl,Columbia,MD,21044,585000,5,3.0,Columbia,1831,13634,1972,,319,114,Sold,,,https://www.redfin.com/MD/Columbia/4922-Good-Hours-Pl-21044/home/9911263,BRIGHT MLS,MDHW2025558,N,Y,39.2372387,-76.8604524
PAST SALE,July-31-2023,Single Family Residential,9475 Black Velvet,Columbia,MD,21046,550000,3,2.5,KINGS CONTRIVANCE,2056,11875,1980,,268,103,Sold,,,https://www.redfin.com/MD/Columbia/9475-Black-Velvet-21046/home/9984963,BRIGHT MLS,MDHW2029070,N,Y,39.1579577,-76.8354496
PAST SALE,May-26-2023,Townhouse,9336 Pirates Cv,Columbia,MD,21046,370000,3,2.5,CARTERS COVE,1594,2047,1988,,232,58,Sold,,,https://www.redfin.com/MD/Columbia/9336-Pirates-Cv-21046/home/10186624,BRIGHT MLS,MDHW2026752,N,Y,39.1719569,-76.8328714
PAST SALE,June-30-2023,Townhouse,8614 Secret Waves Way #63,Columbia,MD,21045,665000,3,3.5,SNOWDEN OVERLOOK,3574,,2005,,186,457,Sold,,,https://www.redfin.com/MD/Columbia/8614-Secret-Waves-Way-21045/unit-63/home/10225720,BRIGHT MLS,MDHW2027306,N,Y,39.1912618,-76.8074336
PAST SALE,July-28-2023,Single Family Residential,10625 Green Mountain Cir,Columbia,MD,21044,563000,4,3.0,BRYANT WOODS,2410,9775,1968,,234,109,Sold,,,https://www.redfin.com/MD/Columbia/10625-Green-Mountain-Cir-21044/home/9908622,BRIGHT MLS,MDHW2027492,N,Y,39.2249587,-76.8706773
PAST SALE,,Townhouse,11207 Avalanche Way Unit B3-2,Columbia,MD,21044,300000,,1.5,,1064,293302,1976,,282,,,,,https://www.redfin.com/MD/Columbia/11207-Avalanche-Way-21044/unit-B3-2/home/9918013,,,N,Y,39.2116146,-76.8878013
PAST SALE,July-28-2023,Single Family Residential,10621 Harpoon Hl,Columbia,MD,21044,775000,4,2.5,VILLAGE OF HICKORY RIDGE,3420,13793,1991,,227,147,Sold,,,https://www.redfin.com/MD/Columbia/10621-Harpoon-Hill-21044/home/9936213,BRIGHT MLS,MDHW2029094,N,Y,39.1908347,-76.884054
PAST SALE,September-26-2023,Single Family Residential,10738 Mcgregor Dr Unit 54 A,Columbia,MD,21044,785000,5,4.0,SCOT'S GLEN,4408,,2011,,178,490,Sold,,,https://www.redfin.com/MD/Columbia/10738-Mcgregor-Dr-21044/unit-54/home/40196168,BRIGHT MLS,MDHW2032602,N,Y,39.1987189,-76.8857212
PAST SALE,August-7-2023,Single Family Residential,12200 Summer Sky Path,Clarksville,MD,21029,1200000,5,4.5,VILLAGE OF RIVER HILL,4414,13802,2000,,272,209,Sold,,,https://www.redfin.com/MD/Clarksville/12200-Summer-Sky-Path-21029/home/9950718,BRIGHT MLS,MDHW2029750,N,Y,39.2125487,-76.9284974
PAST SALE,May-3-2023,Single Family Residential,7802 Cross Creek Dr,Columbia,MD,21044,1411772,6,5.5,CEDAR CREEK,,9423,2023,,,95,Sold,,,https://www.redfin.com/MD/Columbia/7802-Cross-Creek-Dr-21044/home/174789747,BRIGHT MLS,MDHW2028924,N,Y,39.1969311,-76.9008411
PAST SALE,July-24-2023,Townhouse,9830 Softwater Way,Columbia,MD,21046,420000,3,3.5,VILLAGE OF KINGS CONTRIVANCE,1347,1219,1982,,312,45,Sold,,,https://www.redfin.com/MD/Columbia/9830-Softwater-Way-21046/home/9992739,BRIGHT MLS,MDHW2030240,N,Y,39.1651644,-76.8459551
PAST SALE,,Townhouse,7469 Swan Point Way Unit 4-6,Columbia,MD,21045,455000,,3.5,,2062,638816,1979,,221,,,,,https://www.redfin.com/MD/Columbia/7469-Swan-Point-Way-21045/unit-4-6/home/9986664,,,N,Y,39.1853913,-76.8409515
PAST SALE,July-18-2023,Single Family Residential,10337 Whitewasher Way,Columbia,MD,21044,600000,4,2.5,VILLAGE OF HICKORY RIDGE,1944,9453,1977,,309,104,Sold,,,https://www.redfin.com/MD/Columbia/10337-Whitewasher-Way-21044/home/9914452,BRIGHT MLS,MDHW2029326,N,Y,39.1950852,-76.8721411
PAST SALE,,Townhouse,9752 Early Spring Way,Columbia,MD,21046,185000,,3.0,,1440,1219,1981,,128,,,,,https://www.redfin.com/MD/Columbia/9752-Early-Spring-Way-21046/home/9989006,,,N,Y,39.1612726,-76.8451247
PAST SALE,,Single Family Residential,9451 Keepsake Way,Columbia,MD,21046,635000,5,3.0,,3016,10578,1979,,211,,,,,https://www.redfin.com/MD/Columbia/9451-Keepsake-Way-21046/home/9984826,,,N,Y,39.1574386,-76.8382429
PAST SALE,June-20-2023,Single Family Residential,6502 Allview Dr,Columbia,MD,21046,270000,4,3.0,OWEN BROWN WOODS,1968,23391,1974,,137,,Sold,,,https://www.redfin.com/MD/Columbia/6502-Allview-Dr-21046/home/10157760,BRIGHT MLS,MDHW2028076,N,Y,39.1920472,-76.8618037
PAST SALE,April-28-2023,Single Family Residential,7247 Riding Hood Cir,Columbia,MD,21045,475000,3,2.5,OWEN BROWN ESTATES,1580,3397,1986,,301,94,Sold,,,https://www.redfin.com/MD/Columbia/7247-Riding-Hood-Cir-21045/home/9988069,BRIGHT MLS,MDHW2026154,N,Y,39.181204,-76.8444264
PAST SALE,August-18-2023,Townhouse,6139 Good Hunters Ride,Columbia,MD,21045,445000,3,3.5,LONG REACH,2157,2025,1994,,206,38,Sold,,,https://www.redfin.com/MD/Columbia/6139-Good-Hunters-Ride-21045/home/10004357,BRIGHT MLS,MDHW2031584,N,Y,39.203537,-76.8052236
PAST SALE,,Townhouse,7491 Setting Sun Way,Columbia,MD,21046,340000,,3.5,,1879,1700,1985,,181,,,,,https://www.redfin.com/MD/Columbia/7491-Setting-Sun-Way-21046/home/9996213,,,N,Y,39.1689542,-76.8713456
PAST SALE,,Townhouse,6113 Starburn Path,Columbia,MD,21045,450000,,2.5,,1680,1875,1995,,268,,,,,https://www.redfin.com/MD/Columbia/6113-Starburn-Path-21045/home/10005474,,,N,Y,39.2022774,-76.8102915
PAST SALE,,Townhouse,6812 Sanctuary Ct,Elkridge,MD,21075,422000,,2.5,,1760,1558,1998,,240,,,,,https://www.redfin.com/MD/Elkridge/6812-Sanctuary-Ct-21075/home/9899480,,,N,Y,39.1867711,-76.7882342
PAST SALE,,Townhouse,10812 Beech Creek Dr,Columbia,MD,21044,420000,,2.5,,1800,1873,1987,,233,,,,,https://www.redfin.com/MD/Columbia/10812-Beech-Creek-Dr-21044/home/10133944,,,N,Y,39.2342363,-76.8873529
PAST SALE,,Single Family Residential,9251 Brush Run,Columbia,MD,21045,352000,,2.0,,1601,7500,1977,,220,,,,,https://www.redfin.com/MD/Columbia/9251-Brush-Run-21045/home/9960379,,,N,Y,39.1818337,-76.8315298
PAST SALE,,Townhouse,5732 Thunder Hill Rd,Columbia,MD,21045,340000,3,1.5,,1512,1517,1973,,225,,,,,https://www.redfin.com/MD/Columbia/5732-Thunder-Hill-Rd-21045/home/9966815,,,N,Y,39.2137835,-76.8421642
PAST SALE,October-13-2023,Single Family Residential,9481 Cameldriver Ct,Columbia,MD,21045,150000,3,2.5,OAKLAND MILLS,1576,5914,1973,,95,83,Sold,,,https://www.redfin.com/MD/Columbia/9481-Cameldriver-Ct-21045/home/9954955,BRIGHT MLS,MDHW2033896,N,Y,39.1992783,-76.8409011
PAST SALE,July-13-2023,Single Family Residential,7744 Cross Creek Dr,Columbia,MD,21044,1174189,4,3.5,CEDAR CREEK,4611,7206,2023,,255,95,Sold,,,https://www.redfin.com/MD/Columbia/7744-Cross-Creek-Dr-21044/home/174789780,BRIGHT MLS,MDHW2030870,N,Y,39.194885,-76.9027884
PAST SALE,,Townhouse,7156 Lasting Light Way,Columbia,MD,21045,390000,,3.0,,2078,2003,1977,,188,,,,,https://www.redfin.com/MD/Columbia/7156-Lasting-Light-Way-21045/home/9981032,,,N,Y,39.1856953,-76.839004
PAST SALE,,Townhouse,6596 Waning Moon Way,Columbia,MD,21045,340000,,2.5,,1601,1611,1984,,212,,,,,https://www.redfin.com/MD/Columbia/6596-Waning-Moon-Way-21045/home/9984021,,,N,Y,39.1898607,-76.8485105
PAST SALE,,Townhouse,8811 Hayshed Ln Unit 6-7,Columbia,MD,21045,240000,,1.5,,1080,353759,1979,,222,,,,,https://www.redfin.com/MD/Columbia/8811-Hayshed-Ln-21045/unit-6-7/home/9986791,,,N,Y,39.2089972,-76.8138102
PAST SALE,May-2-2023,Townhouse,12215 Green Shoot Ct,Columbia,MD,21044,430000,3,3.0,CLARY'S FOREST,2448,2079,1995,,176,94,Sold,,,https://www.redfin.com/MD/Columbia/12215-Green-Shoot-Ct-21044/home/9941427,BRIGHT MLS,MDHW2026772,N,Y,39.2117685,-76.8960457
PAST SALE,,Townhouse,5353 Chase Lions Way,Columbia,MD,21044,300000,,2.5,,2208,2221,1993,,136,,,,,https://www.redfin.com/MD/Columbia/5353-Chase-Lions-Way-21044/home/9937562,,,N,Y,39.2355116,-76.8481769
PAST SALE,September-11-2023,Townhouse,9405 Clocktower Ln,Columbia,MD,21046,310000,3,2.5,VILLAGE OF KINGS CONTRIVANCE,2240,1873,1981,,138,67,Sold,,,https://www.redfin.com/MD/Columbia/9405-Clocktower-Ln-21046/home/9988287,BRIGHT MLS,MDHW2032624,N,Y,39.1634932,-76.8462148
PAST SALE,,Single Family Residential,10637 Faulkner Ridge Cir,Columbia,MD,21044,470000,,1.5,,1442,10063,1967,,326,,,,,https://www.redfin.com/MD/Columbia/10637-Faulkner-Ridge-Cir-21044/home/9913718,,,N,Y,39.2255724,-76.8750012
PAST SALE,,Single Family Residential,6420 Lochridge Rd,Columbia,MD,21044,799000,,3.5,,3180,43560,1966,,251,,,,,https://www.redfin.com/MD/Columbia/6420-Lochridge-Rd-21044/home/10119327,,,N,Y,39.1959399,-76.8913497
PAST SALE,,Townhouse,8738 Warm Waves Way #68,Columbia,MD,21045,670000,,2.5,,3913,12905,2005,,171,,,,,https://www.redfin.com/MD/Columbia/8738-Warm-Waves-Way-21045/unit-68/home/10225740,,,N,Y,39.1911875,-76.8080766
PAST SALE,,Single Family Residential,5396 Iron Pen Pl,Columbia,MD,21044,400000,,2.0,,1648,10105,1968,,243,,,,,https://www.redfin.com/MD/Columbia/5396-Iron-Pen-Pl-21044/home/9908394,,,N,Y,39.227794,-76.8797754
PAST SALE,,Single Family Residential,6695 Possum Ct,Columbia,MD,21045,400000,,2.5,,1421,7909,1976,,281,,,,,https://www.redfin.com/MD/Columbia/6695-Possum-Ct-21045/home/9971651,,,N,Y,39.1861782,-76.8293671
PAST SALE,,Single Family Residential,11620 State Route 108,Ellicott City,MD,21042,1900000,,6.0,,9684,49441,2015,,196,,,,,https://www.redfin.com/MD/Ellicott-City/11620-State-Route-108-21042/home/44625249,,,N,Y,39.2311006,-76.9157241
PAST SALE,,Single Family Residential,6761 Springing Step,Columbia,MD,21044,375000,,1.5,,1540,6882,1975,,244,,,,,https://www.redfin.com/MD/Columbia/6761-Springing-Step-21044/home/9912298,,,N,Y,39.186035,-76.8772536
PAST SALE,July-27-2023,Single Family Residential,9531 Caboose Ct,Columbia,MD,21045,585000,4,2.5,VILLAGE OF OAKLAND MILLS,1810,10380,1971,,323,104,Sold,,,https://www.redfin.com/MD/Columbia/9531-Caboose-Ct-21045/home/9954206,BRIGHT MLS,MDHW2029906,N,Y,39.2149225,-76.8416641
PAST SALE,,Townhouse,5835 Harness Ct Unit 9-11,Columbia,MD,21044,305000,,2.5,,2130,172933,1978,,143,,,,,https://www.redfin.com/MD/Columbia/5835-Harness-Ct-21044/unit-9-11/home/9920167,,,N,Y,39.214044,-76.888084
PAST SALE,,Townhouse,5513 Vantage Point Rd #36,Columbia,MD,21044,430500,3,2.5,,1978,65340,1984,,218,,,,,https://www.redfin.com/MD/Columbia/5513-Vantage-Point-Rd-21044/unit-36/home/9926496,,,N,Y,39.2223921,-76.8535967
PAST SALE,,Townhouse,9162 Emersons Reach,Columbia,MD,21045,342000,,2.5,,1248,1742,1987,,274,,,,,https://www.redfin.com/MD/Columbia/9162-Emersons-Reach-21045/home/9997142,,,N,Y,39.206815,-76.827765
PAST SALE,,Townhouse,8873 Spiral Cut Unit T-13,Columbia,MD,21045,255000,,1.5,,1256,448083,1975,,203,,,,,https://www.redfin.com/MD/Columbia/8873-Spiral-Cut-21045/unit-T-13/home/9976850,,,N,Y,39.210457,-76.8184288
PAST SALE,June-8-2023,Single Family Residential,6108 Swift Current Way,Clarksville,MD,21029,1175000,5,4.0,RIVER HILL,4380,24471,1999,,268,226,Sold,,,https://www.redfin.com/MD/Clarksville/6108-Swift-Current-Way-21029/home/9946629,BRIGHT MLS,MDHW2027964,N,Y,39.2031716,-76.9262688
PAST SALE,August-31-2023,Townhouse,6180 Good Hunters Ride,Columbia,MD,21045,465000,4,3.5,VILLAGE OF LONG REACH,2382,1742,1993,,195,38,Sold,,,https://www.redfin.com/MD/Columbia/6180-Good-Hunters-Ride-21045/home/10004461,BRIGHT MLS,MDHW2031796,N,Y,39.2030529,-76.8043898
PAST SALE,September-15-2023,Townhouse,8428 Gold Sunset Way,Columbia,MD,21045,306000,3,3.5,BROOKSIDE,1680,1480,1997,,182,43,Sold,,,https://www.redfin.com/MD/Columbia/8428-Gold-Sunset-Way-21045/home/10009927,BRIGHT MLS,MDHW2033068,N,Y,39.1947099,-76.8056926
PAST SALE,July-21-2023,Single Family Residential,6105 Thompson Dr,Clarksville,MD,21029,502500,3,2.0,Clarksville,1781,19994,1957,,282,,Sold,,,https://www.redfin.com/MD/Clarksville/6105-Thompson-Dr-21029/home/10119024,BRIGHT MLS,MDHW2029524,N,Y,39.2032469,-76.939752
PAST SALE,,Single Family Residential,6420 Saddle Dr,Columbia,MD,21045,690000,4,2.5,,2934,14305,1989,,235,,,,,https://www.redfin.com/MD/Columbia/6420-Saddle-Dr-21045/home/9999554,,,N,Y,39.1940844,-76.7962045
PAST SALE,,Townhouse,10727 McGregor Dr Unit DR10N,Columbia,MD,21044,790000,,2.5,,3860,2298,2007,,205,,,,,https://www.redfin.com/MD/Columbia/10727-McGregor-Dr-21044/unit-DR10N/home/11744385,,,N,Y,39.1993657,-76.885202
PAST SALE,May-12-2023,Townhouse,8747 Sage Brush Way #65,Columbia,MD,21045,635000,3,3.0,SNOWDEN OVERLOOK,2118,,2010,,300,504,Sold,,,https://www.redfin.com/MD/Columbia/8747-Sage-Brush-Way-21045/unit-65/home/40025874,BRIGHT MLS,MDHW2026278,N,Y,39.1940868,-76.8085598
PAST SALE,September-29-2023,Townhouse,11763 Lone Tree Ct,Columbia,MD,21044,420000,3,2.5,VILLAGE OF HICKORY RIDGE,1906,3484,1985,,220,58,Sold,,,https://www.redfin.com/MD/Columbia/11763-Lone-Tree-Ct-21044/home/9927823,BRIGHT MLS,MDHW2032728,N,Y,39.208253,-76.8995346
PAST SALE,,Single Family Residential,5306 Slipper Ct,Columbia,MD,21045,250000,,1.5,,1733,12728,1970,,144,,,,,https://www.redfin.com/MD/Columbia/5306-Slipper-Ct-21045/home/9956746,,,N,Y,39.2256923,-76.8303583
PAST SALE,October-10-2023,Townhouse,11241 Snowflake Ct Unit A-8-2,Columbia,MD,21044,350000,3,2.0,VILLAGE OF CLARYS FOREST,1274,,1975,,275,373,Sold,,,https://www.redfin.com/MD/Columbia/11241-Snowflake-Ct-21044/unit-A-8-2/home/9918212,BRIGHT MLS,MDHW2032454,N,Y,39.2117192,-76.888445
PAST SALE,June-27-2023,Single Family Residential,7510 Waterlily Way,Columbia,MD,21046,585000,3,3.0,VILLAGE OF KINGS CONTRIVANCE,2282,9327,1986,,256,116,Sold,,,https://www.redfin.com/MD/Columbia/7510-Waterlily-Way-21046/home/9990165,BRIGHT MLS,MDHW2028240,N,Y,39.1638056,-76.8680648
PAST SALE,,Single Family Residential,5347 Five Fingers Way,Columbia,MD,21045,515000,,2.0,,1595,14984,1979,,323,,,,,https://www.redfin.com/MD/Columbia/5347-Five-Fingers-Way-21045/home/10163335,,,N,Y,39.2228996,-76.8254921
PAST SALE,August-14-2023,Townhouse,6450 Sewells Orchard Dr,Columbia,MD,21045,441000,3,2.5,SEWELLS ORCHARD,1828,4268,1985,,241,24,Sold,,,https://www.redfin.com/MD/Columbia/6450-Sewells-Orchard-Dr-21045/home/10175911,BRIGHT MLS,MDHW2029966,N,Y,39.1976473,-76.8274589
PAST SALE,May-24-2023,Single Family Residential,10013 Evergreen Ave,Columbia,MD,21046,775000,6,3.5,ALLVIEW ESTATES,3410,44867,1984,,227,,Sold,,,https://www.redfin.com/MD/Columbia/10013-Evergreen-Ave-21046/home/10160142,BRIGHT MLS,MDHW2027280,N,Y,39.1873623,-76.8595965
PAST SALE,August-18-2023,Single Family Residential,6113 Swift Current Way NE,Clarksville,MD,21029,1200000,5,4.0,VILLAGE OF RIVER HILL,4318,13396,1998,,278,226,Sold,,,https://www.redfin.com/MD/Clarksville/6113-Swift-Current-Way-21029/home/9946582,BRIGHT MLS,MDHW2030264,N,Y,39.2038412,-76.925661
PAST SALE,June-20-2023,Townhouse,9620 Basket Ring Rd,Columbia,MD,21045,360000,3,3.0,OAKLAND MILLS,1860,,1972,,194,34,Sold,,,https://www.redfin.com/MD/Columbia/9620-Basket-Ring-Rd-21045/home/9963245,BRIGHT MLS,MDHW2028360,N,Y,39.2146568,-76.8452043
PAST SALE,August-15-2023,Single Family Residential,7305 Little Bird Path,Columbia,MD,21046,550000,3,2.0,VILLAGE OF KINGS CONTRIVANCE,1914,9335,1984,,287,97,Sold,,,https://www.redfin.com/MD/Columbia/7305-Little-Bird-Path-21046/home/9989566,BRIGHT MLS,MDHW2030732,N,Y,39.1693893,-76.8731907
PAST SALE,July-31-2023,Townhouse,5709 Cedar Ln,Columbia,MD,21044,385000,3,3.5,CLARY'S FOREST,1200,1500,1981,,321,42,Sold,,,https://www.redfin.com/MD/Columbia/5709-Cedar-Ln-21044/home/9922423,BRIGHT MLS,MDHW2029786,N,Y,39.2162781,-76.8866731
PAST SALE,July-7-2023,Single Family Residential,11175 Wood Elves Way,Columbia,MD,21044,850000,4,3.0,HOBBITS GLEN,2791,20271,1974,,305,128,Sold,,,https://www.redfin.com/MD/Columbia/11175-Wood-Elves-Way-21044/home/9902077,BRIGHT MLS,MDHW2028764,N,Y,39.2200644,-76.9014145
PAST SALE,August-21-2023,Townhouse,5206 Winding Star Cir,Columbia,MD,21044,485000,3,2.5,HERITAGE GREEN,2208,1742,1993,,220,76,Sold,,,https://www.redfin.com/MD/Columbia/5206-Winding-Star-Cir-21044/home/9935262,BRIGHT MLS,MDHW2031214,N,Y,39.2274793,-76.8897175
PAST SALE,May-25-2023,Single Family Residential,5456 Antrim Ct,Columbia,MD,21045,636000,4,2.5,VILLAGE OF LONG REACH,2108,12806,1976,,302,86,Sold,,,https://www.redfin.com/MD/Columbia/5456-Antrim-Ct-21045/home/9969775,BRIGHT MLS,MDHW2027926,N,Y,39.2221593,-76.8162548
PAST SALE,June-30-2023,Townhouse,11873 Blue February Way,Columbia,MD,21044,420000,4,3.5,STONEGATE,1847,4356,1985,,227,58,Sold,,,https://www.redfin.com/MD/Columbia/11873-Blue-February-Way-21044/home/9927496,BRIGHT MLS,MDHW2029034,N,Y,39.2068488,-76.9040314
PAST SALE,May-26-2023,Single Family Residential,6500 Burgundy Ln,Clarksville,MD,21029,856000,4,3.5,RIVER HILL,3154,13188,1998,,271,,Sold,,,https://www.redfin.com/MD/Clarksville/6500-Burgundy-Ln-21029/home/10144091,BRIGHT MLS,MDHW2027810,N,Y,39.1943337,-76.9333595
PAST SALE,September-28-2023,Townhouse,9010 Watchlight Ct,Columbia,MD,21045,265000,3,2.0,JEFFERS GLEN,1395,1152,1972,,190,65,Sold,,,https://www.redfin.com/MD/Columbia/9010-Watchlight-Ct-21045/home/9976107,BRIGHT MLS,MDHW2032866,N,Y,39.2027712,-76.8219524
PAST SALE,October-10-2023,Single Family Residential,9628 Rocksparkle Row,Columbia,MD,21045,476000,4,2.5,VILLAGE OF OAKLAND MILLS,2151,5239,1972,,221,79,Sold,,,https://www.redfin.com/MD/Columbia/9628-Rocksparkle-Row-21045/home/9968914,BRIGHT MLS,MDHW2032954,N,Y,39.1998358,-76.8478685
PAST SALE,July-14-2023,Townhouse,8811 Stonebrook Ln,Columbia,MD,21046,438000,3,3.0,STONEBROOK,1399,2295,1984,,313,152,Sold,,,https://www.redfin.com/MD/Columbia/8811-Stonebrook-Ln-21046/home/9992262,BRIGHT MLS,MDHW2028466,N,Y,39.1688573,-76.8573256
PAST SALE,September-5-2023,Single Family Residential,6413 Spicewind Ct,Columbia,MD,21045,545000,4,2.5,VILLAGE OF OWEN BROWN,2606,8355,1977,,209,108,Sold,,,https://www.redfin.com/MD/Columbia/6413-Spicewind-Ct-21045/home/9970773,BRIGHT MLS,MDHW2031528,N,Y,39.1981458,-76.838333
PAST SALE,July-28-2023,Townhouse,10312 Daystar Ct,Columbia,MD,21044,372000,4,3.5,WILDE LAKE,1980,1500,1973,,188,105,Sold,,,https://www.redfin.com/MD/Columbia/10312-Daystar-Ct-21044/home/9913408,BRIGHT MLS,MDHW2029672,N,Y,39.2174367,-76.8701802
PAST SALE,June-30-2023,Townhouse,5697 Phelps Luck Dr,Columbia,MD,21045,425000,3,3.5,PHELPS LUCK,1946,1524,1977,,218,97,Sold,,,https://www.redfin.com/MD/Columbia/5697-Phelps-Luck-Dr-21045/home/9976627,BRIGHT MLS,MDHW2028866,N,Y,39.2143883,-76.820868
PAST SALE,August-11-2023,Townhouse,6724 Quiet Hours Pl,Columbia,MD,21045,340000,3,1.5,CRADLEROCK MEWS,1160,1916,1982,,293,60,Sold,,,https://www.redfin.com/MD/Columbia/6724-Quiet-Hours-21045/home/9990751,BRIGHT MLS,MDHW2030670,N,Y,39.1878537,-76.8499007
PAST SALE,,Single Family Residential,5985 The Bowl,Columbia,MD,21045,670000,,2.5,,2324,9510,1969,,288,,,,,https://www.redfin.com/MD/Columbia/5985-The-Bowl-21045/home/9955660,,,N,Y,39.2074547,-76.8509474
PAST SALE,April-28-2023,Single Family Residential,11813 Gaslight Pl,Columbia,MD,21044,750000,4,3.5,VILLAGE OF HICKORY RIDGE,3827,9681,1988,,196,,Sold,,,https://www.redfin.com/MD/Columbia/11813-Gaslight-Pl-21044/home/9932119,BRIGHT MLS,MDHW2025694,N,Y,39.2020073,-76.8969338
PAST SALE,October-23-2023,Single Family Residential,10918 Cedar Oaks Ln,Columbia,MD,21044,770000,4,3.5,Columbia,3174,6001,2011,,243,58,Sold,,,https://www.redfin.com/MD/Columbia/10918-Cedar-Oaks-Ln-21044/home/39959830,BRIGHT MLS,MDHW2032528,N,Y,39.2336402,-76.8914848
PAST SALE,August-7-2023,Townhouse,9632 Stirling Bridge Dr,Columbia,MD,21046,330000,2,1.5,GLENSHIRE TOWNE,1120,1524,1987,,295,61,Sold,,,https://www.redfin.com/MD/Columbia/9632-Stirling-Bridge-Dr-21046/home/10182481,BRIGHT MLS,MDHW2029998,N,Y,39.1628375,-76.8226897
PAST SALE,,Townhouse,9327 Matador Rd,Columbia,MD,21045,290000,,2.5,,1482,1306,1971,,196,,,,,https://www.redfin.com/MD/Columbia/9327-Matador-Rd-21045/home/9952625,,,N,Y,39.2070468,-76.8333452
PAST SALE,June-9-2023,Single Family Residential,10252 Shaker Dr,Columbia,MD,21046,550000,3,2.5,KINGS CONTRIVANCE,2106,5700,1978,,261,,Sold,,,https://www.redfin.com/MD/Columbia/10252-Shaker-Dr-21046/home/9979947,BRIGHT MLS,MDHW2028250,N,Y,39.1811322,-76.8697314
PAST SALE,August-11-2023,Single Family Residential,7534 Summer Leave Ln,Columbia,MD,21046,700000,5,3.5,KINGS CONTRIVANCE,2728,10692,1985,,257,106,Sold,,,https://www.redfin.com/MD/Columbia/7534-Summer-Leave-Ln-21046/home/9991495,BRIGHT MLS,MDHW2028526,N,Y,39.1625273,-76.8667198
PAST SALE,August-7-2023,Townhouse,9531 Sea Shadow,Columbia,MD,21046,467500,3,3.5,VILLAGE OF KINGS CONTRIVANCE,2080,1481,1982,,225,77,Sold,,,https://www.redfin.com/MD/Columbia/9531-Sea-Shadow-21046/home/9990335,BRIGHT MLS,MDHW2030058,N,Y,39.1607544,-76.8445599
PAST SALE,May-26-2023,Townhouse,5702 Thunder Hill Rd,Columbia,MD,21045,318000,3,1.5,CINNAMON TREE,1248,1481,1973,,255,98,Sold,,,https://www.redfin.com/MD/Columbia/5702-Thunder-Hill-Rd-21045/home/9973459,BRIGHT MLS,MDHW2025610,N,Y,39.2142526,-76.8418774
PAST SALE,May-5-2023,Single Family Residential,11107 Willow Bottom Dr,Columbia,MD,21044,850000,3,3.5,HOBBITS GLEN,3349,15772,1976,,254,144,Sold,,,https://www.redfin.com/MD/Columbia/11107-Willow-Bottom-Dr-21044/home/9908159,BRIGHT MLS,MDHW2027168,N,Y,39.2255325,-76.8973842
PAST SALE,October-6-2023,Single Family Residential,6525 Ballymore Ln,Clarksville,MD,21029,1100000,5,3.5,CLARKS GLEN,3550,10694,1998,,310,21,Sold,,,https://www.redfin.com/MD/Clarksville/6525-Ballymore-Ln-21029/home/10142202,BRIGHT MLS,MDHW2032754,N,Y,39.1992743,-76.9355429
PAST SALE,June-1-2023,Townhouse,8525 Pine Run Ct,Ellicott City,MD,21043,425000,3,3.5,TIMBER RUN VALLEY,1800,1830,1982,,236,42,Sold,,,https://www.redfin.com/MD/Ellicott-City/8525-Pine-Run-Ct-21043/home/10037372,BRIGHT MLS,MDHW2028050,N,Y,39.2266671,-76.8066555
PAST SALE,August-11-2023,Townhouse,8951 Queen Maria Ct,Columbia,MD,21045,423500,3,3.0,KING CHARLES COMMONS,1616,2356,1972,,262,55,Sold,,,https://www.redfin.com/MD/Columbia/8951-Queen-Maria-Ct-21045/home/9953118,BRIGHT MLS,MDHW2029596,N,Y,39.2191497,-76.819723
PAST SALE,May-15-2023,Townhouse,10300 Greek Boy Pl,Columbia,MD,21044,440000,4,2.5,VILLAGE OF WILDE LAKE,2014,10890,1969,,218,65,Sold,,,https://www.redfin.com/MD/Columbia/10300-Greek-Boy-Pl-21044/home/9902453,BRIGHT MLS,MDHW2027458,N,Y,39.2199188,-76.8637922
PAST SALE,June-23-2023,Townhouse,9332 Matador Rd,Columbia,MD,21045,310000,4,2.0,VILLAGE OF OAKLAND MILLS,1284,1350,1971,,241,46,Sold,,,https://www.redfin.com/MD/Columbia/9332-Matador-Rd-21045/home/9958081,BRIGHT MLS,MDHW2028002,N,Y,39.2063544,-76.8333216
PAST SALE,August-10-2023,Townhouse,10840 Faulkner Ridge Cir,Columbia,MD,21044,343250,3,2.5,CROSS FOX,1511,,1975,,227,452,Sold,,,https://www.redfin.com/MD/Columbia/10840-Faulkner-Ridge-Cir-21044/home/9911555,BRIGHT MLS,MDHW2030752,N,Y,39.2216541,-76.8788792
PAST SALE,May-30-2023,Single Family Residential,11837 Winterlong Way,Columbia,MD,21044,700000,4,2.5,CLARY'S FOREST,2308,14105,1986,,303,155,Sold,,,https://www.redfin.com/MD/Columbia/11837-Winterlong-Way-21044/home/9929998,BRIGHT MLS,MDHW2026710,N,Y,39.2093895,-76.9044626
PAST SALE,June-15-2023,Townhouse,5958 Gentle Call,Clarksville,MD,21029,725000,4,3.5,VILLAGE OF RIVER HILL,2788,4356,2000,,260,30,Sold,,,https://www.redfin.com/MD/Clarksville/5958-Gentle-Call-21029/home/9949504,BRIGHT MLS,MDHW2027202,N,Y,39.2065932,-76.9359931
PAST SALE,August-29-2023,Single Family Residential,10922 Shadow Ln,Columbia,MD,21044,807000,6,3.5,HICKORY RIDGE,3422,13229,1988,,236,157,Sold,,,https://www.redfin.com/MD/Columbia/10922-Shadow-Ln-21044/home/9932687,BRIGHT MLS,MDHW2031444,N,Y,39.1978772,-76.8915299
PAST SALE,October-6-2023,Single Family Residential,11101 Wood Elves Way,Columbia,MD,21044,727500,4,2.5,HOBBITS GLEN,3146,15238,1974,,231,134,Sold,,,https://www.redfin.com/MD/Columbia/11101-Wood-Elves-Way-21044/home/9902689,BRIGHT MLS,MDHW2032070,N,Y,39.223336,-76.8970239
PAST SALE,June-29-2023,Single Family Residential,9528 Longlook Ln,Columbia,MD,21045,525000,4,3.0,VILLAGE OF OAKLAND MILLS,1725,18009,1971,,304,91,Sold,,,https://www.redfin.com/MD/Columbia/9528-Long-Look-Ln-21045/home/9956912,BRIGHT MLS,MDHW2028942,N,Y,39.2162135,-76.8420274
PAST SALE,July-18-2023,Townhouse,7254 Maidstone Pl #247,Elkridge,MD,21075,440000,3,2.5,VILLAGE TOWNS,2100,,2010,,210,219,Sold,,,https://www.redfin.com/MD/Elkridge/7254-Maidstone-Pl-21075/unit-247/home/40023637,BRIGHT MLS,MDHW2029412,N,Y,39.1788422,-76.7856513
PAST SALE,August-30-2023,Townhouse,7469 Swan Point Way,Columbia,MD,21045,455000,4,3.5,SWAN POINT,2200,,1979,,207,188,Sold,,,https://www.redfin.com/MD/Columbia/7469-Swan-Point-Way-21045/home/186156120,BRIGHT MLS,MDHW2030952,N,Y,39.1853913,-76.8409515
PAST SALE,September-29-2023,Townhouse,11527 Little Patuxent Pkwy,Columbia,MD,21044,415000,3,3.0,VILLAGE OF HICKORY RIDGE,2101,,1984,,198,38,Sold,,,https://www.redfin.com/MD/Columbia/11527-Little-Patuxent-Pkwy-21044/home/9925832,BRIGHT MLS,MDHW2032686,N,Y,39.2066906,-76.8944926
PAST SALE,October-23-2023,Townhouse,8864 Stonebrook Ln,Columbia,MD,21046,450000,4,3.5,VILLAGE OF KINGS CONTRIVANCE,2088,2295,1983,,216,79,Sold,,,https://www.redfin.com/MD/Columbia/8864-Stonebrook-Ln-21046/home/9992547,BRIGHT MLS,MDHW2033158,N,Y,39.1694964,-76.8549892
PAST SALE,July-27-2023,Single Family Residential,9332 Spring Water Path,Jessup,MD,20794,650000,5,3.0,VILLAGE OF KINGS CONTRIVANCE,2268,17511,1988,,287,,Sold,,,https://www.redfin.com/MD/Jessup/9332-Spring-Water-Path-20794/home/10187135,BRIGHT MLS,MDHW2028816,N,Y,39.1513658,-76.8382429
PAST SALE,September-15-2023,Single Family Residential,6214 Resting Sea,Columbia,MD,21044,550000,4,2.5,VILLAGE OF HICKORY RIDGE,1947,10802,1977,,282,,Sold,,,https://www.redfin.com/MD/Columbia/6214-Resting-Sea-21044/home/9919439,BRIGHT MLS,MDHW2031596,N,Y,39.2044502,-76.8822975
PAST SALE,May-3-2023,Single Family Residential,5435 Watercress Pl,Columbia,MD,21045,776000,6,3.5,VILLAGE OF LONG REACH,3134,8043,1976,,248,107,Sold,,,https://www.redfin.com/MD/Columbia/5435-Watercress-Pl-21045/home/9969858,BRIGHT MLS,MDHW2026588,N,Y,39.2212784,-76.8155338
PAST SALE,September-29-2023,Townhouse,7511 Swan Point Way Unit 18-2,Columbia,MD,21045,450000,4,3.5,VILLAGE OF OWEN BROWN,2200,1952,1985,,205,188,Sold,,,https://www.redfin.com/MD/Columbia/7511-Swan-Point-Way-21045/unit-18-2/home/9996676,BRIGHT MLS,MDHW2032574,N,Y,39.1844433,-76.8413486
PAST SALE,June-9-2023,Townhouse,9733 Early Spring Way,Columbia,MD,21046,460000,4,3.5,HUNTINGTON,1855,1568,1981,,248,,Sold,,,https://www.redfin.com/MD/Columbia/9733-Early-Spring-Way-21046/home/9988818,BRIGHT MLS,MDHW2027186,N,Y,39.1609078,-76.8460657
PAST SALE,May-19-2023,Single Family Residential,6093 Loventree Rd,Columbia,MD,21044,725000,4,2.5,HICKORY RIDGE,3148,19994,1985,,230,125,Sold,,,https://www.redfin.com/MD/Columbia/6093-Loventree-Rd-21044/home/9921859,BRIGHT MLS,MDHW2026966,N,Y,39.2036202,-76.8664658
PAST SALE,April-28-2023,Single Family Residential,6112 Eternal Ocean Pl,Clarksville,MD,21029,1200000,5,4.5,RIVER HILL,5347,12925,1999,,224,236,Sold,,,https://www.redfin.com/MD/Clarksville/6112-Eternal-Ocean-Pl-21029/home/9946716,BRIGHT MLS,MDHW2026104,N,Y,39.2017627,-76.9258186
PAST SALE,August-14-2023,Townhouse,5519 Mystic Ct,Columbia,MD,21044,350000,3,2.5,LONGFELLOW,1480,1800,1969,,236,69,Sold,,,https://www.redfin.com/MD/Columbia/5519-Mystic-Ct-21044/home/9911703,BRIGHT MLS,MDHW2030484,N,Y,39.2244872,-76.8805709
PAST SALE,July-3-2023,Single Family Residential,6516 Apple Blossom Ride,Columbia,MD,21044,900000,4,2.5,VILLAGE OF RIVER HILL,3992,10498,1992,,225,159,Sold,,,https://www.redfin.com/MD/Columbia/6516-Apple-Blossom-Ride-21044/home/9937894,BRIGHT MLS,MDHW2028502,N,Y,39.2079082,-76.9185924
PAST SALE,June-20-2023,Townhouse,9593 Standon Pl,Columbia,MD,21045,337000,3,1.5,VILLAGE OF OAKLAND MILLS,1248,1481,1972,,270,80,Sold,,,https://www.redfin.com/MD/Columbia/9593-Standon-Pl-21045/home/9976311,BRIGHT MLS,MDHW2028550,N,Y,39.2068424,-76.846765
PAST SALE,August-30-2023,Townhouse,11236 Crystal Run Unit B-21-1,Columbia,MD,21044,337000,3,2.0,SIERRA VILLAS,1274,,1974,,265,371,Sold,,,https://www.redfin.com/MD/Columbia/11236-Crystal-Run-21044/unit-B-21-1/home/9901438,BRIGHT MLS,MDHW2031402,N,Y,39.2122593,-76.8909776
PAST SALE,May-19-2023,Townhouse,5730 April Journey #76,Columbia,MD,21044,507500,3,3.5,VILLAGE OF DORSEY SEARCH,2072,,1990,,245,208,Sold,,,https://www.redfin.com/MD/Columbia/5730-April-Journey-21044/unit-76/home/9935795,BRIGHT MLS,MDHW2027520,N,Y,39.2316417,-76.8498078
PAST SALE,October-20-2023,Townhouse,11527 Shell Flower Ln,Columbia,MD,21044,330000,2,3.0,VILLAGE OF HICKORY RIDGE,2057,1873,1984,,160,39,Sold,,,https://www.redfin.com/MD/Columbia/11527-Shell-Flower-Ln-21044/home/9925901,BRIGHT MLS,MDHW2033444,N,Y,39.205871,-76.8942295
PAST SALE,July-20-2023,Townhouse,8983 Queen Maria Ct,Columbia,MD,21045,410000,3,2.5,KING CHARLES COMMONS,1685,1752,1973,,243,48,Sold,,,https://www.redfin.com/MD/Columbia/8983-Queen-Maria-Ct-21045/home/9956604,BRIGHT MLS,MDHW2029660,N,Y,39.2192445,-76.8188523
PAST SALE,July-31-2023,Townhouse,6264 Blue Dart Pl,Columbia,MD,21045,368000,3,1.5,MARBELLA II,1134,2657,1980,,325,31,Sold,,,https://www.redfin.com/MD/Columbia/6264-Blue-Dart-Pl-21045/home/10164686,BRIGHT MLS,MDHW2029886,N,Y,39.1998136,-76.8355619
PAST SALE,June-30-2023,Townhouse,6161 Quiet Times,Columbia,MD,21045,398500,4,3.0,LONG REACH,1724,1399,1998,,231,52,Sold,,,https://www.redfin.com/MD/Columbia/6161-Quiet-Times-21045/home/10010828,BRIGHT MLS,MDHW2029232,N,Y,39.2013994,-76.8058487
PAST SALE,July-14-2023,Townhouse,7486 Hickory Log Cir,Columbia,MD,21045,405000,3,3.5,VILLAGE OF OWEN BROWN,1870,1350,1976,,217,65,Sold,,,https://www.redfin.com/MD/Columbia/7486-Hickory-Log-Cir-21045/home/9977884,BRIGHT MLS,MDHW2029358,N,Y,39.1871311,-76.8477927
PAST SALE,July-12-2023,Townhouse,5713 Cedar Ln,Columbia,MD,21044,362500,3,1.5,HARPERS CHOICE,1620,,1981,,224,108,Sold,,,https://www.redfin.com/MD/Columbia/5713-Cedar-Ln-21044/home/9922434,BRIGHT MLS,MDHW2029138,N,Y,39.216141,-76.886518
PAST SALE,October-6-2023,Single Family Residential,9503 Sweet Grass Rdg,Columbia,MD,21046,645000,4,3.5,KINGS CONTRIVANCE,2530,8905,1979,,255,106,Sold,,,https://www.redfin.com/MD/Columbia/9503-Sweet-Grass-Rdg-21046/home/9985079,BRIGHT MLS,MDHW2032160,N,Y,39.1585421,-76.8422977
PAST SALE,May-15-2023,Single Family Residential,6900 Bugledrum Way,Columbia,MD,21045,475000,3,1.5,OWEN BROWN ESTATES,1670,6577,1976,,284,85,Sold,,,https://www.redfin.com/MD/Columbia/6900-Bugledrum-Way-21045/home/9961843,BRIGHT MLS,MDHW2026804,N,Y,39.1950392,-76.8360465
PAST SALE,October-13-2023,Single Family Residential,7000 Long View Rd,Columbia,MD,21044,710000,4,3.0,HOLIDAY HILLS,2537,43560,1959,,280,,Sold,,,https://www.redfin.com/MD/Columbia/7000-Long-View-Rd-21044/home/10120430,BRIGHT MLS,MDHW2032216,N,Y,39.1791037,-76.878199
PAST SALE,May-17-2023,Townhouse,10832 Green Mountain Cir #2,Columbia,MD,21044,310000,3,2.5,VILLAGE OF WILDE LAKE,1505,,1983,,206,476,Sold,,,https://www.redfin.com/MD/Columbia/10832-Green-Mountain-Cir-21044/unit-2/home/9925010,BRIGHT MLS,MDHW2027630,N,Y,39.2229542,-76.8728295
PAST SALE,July-31-2023,Townhouse,9280 Pirates Cv S,Columbia,MD,21046,410000,3,2.5,CARTERS COVE,1820,1568,1988,,225,70,Sold,,,https://www.redfin.com/MD/Columbia/9280-Pirates-Cv-21046/home/10186661,BRIGHT MLS,MDHW2029862,N,Y,39.1711939,-76.83251
PAST SALE,September-29-2023,Townhouse,6315 Wild Swan Way #101,Columbia,MD,21045,382960,3,2.5,VILLAGE OF LONG REACH,1254,,1996,,305,318,Sold,,,https://www.redfin.com/MD/Columbia/6315-Wild-Swan-Way-21045/unit-101/home/10010669,BRIGHT MLS,MDHW2029372,N,Y,39.1966948,-76.8079511
PAST SALE,September-14-2023,Townhouse,6377 Gray Sea Way,Columbia,MD,21045,480000,3,2.5,ARBORSIDE II TOWNHOMES,1986,1742,1998,,242,65,Sold,,,https://www.redfin.com/MD/Columbia/6377-Gray-Sea-Way-21045/home/10010386,BRIGHT MLS,MDHW2025532,N,Y,39.1976707,-76.807715
PAST SALE,October-6-2023,Townhouse,8796 Tamar Dr Unit 14-4,Columbia,MD,21045,310000,3,1.5,HEARTHSTONE,1080,,1979,,287,132,Sold,,,https://www.redfin.com/MD/Columbia/8796-Tamar-Dr-21045/unit-14-4/home/9986452,BRIGHT MLS,MDHW2029466,N,Y,39.2093316,-76.8144636
PAST SALE,September-29-2023,Single Family Residential,5503 Bluecoat Ln,Columbia,MD,21045,525000,3,2.0,THUNDER HILL,1548,8050,1971,,339,89,Sold,,,https://www.redfin.com/MD/Columbia/5503-Bluecoat-Ln-21045/home/9963585,BRIGHT MLS,MDHW2031760,N,Y,39.2175063,-76.8355045
PAST SALE,June-12-2023,Single Family Residential,5478 Bright Hawk Ct,Columbia,MD,21045,510000,3,2.5,OAKLAND MILLS,1952,6153,1983,,261,,Sold,,,https://www.redfin.com/MD/Columbia/5478-Bright-Hawk-Ct-21045/home/9982268,BRIGHT MLS,MDHW2026958,N,Y,39.2195494,-76.8363056
PAST SALE,June-28-2023,Townhouse,10327 Wilde Lake Ter,Columbia,MD,21044,755500,3,3.0,TIDESFALL,2556,1742,1971,,296,29,Sold,,,https://www.redfin.com/MD/Columbia/10327-Wilde-Lake-Ter-21044/home/9902468,BRIGHT MLS,MDHW2027742,N,Y,39.2226855,-76.8624615
PAST SALE,June-15-2023,Single Family Residential,10620 Harpoon Hl,Columbia,MD,21044,808000,5,3.5,HICKORY RIDGE,3168,10954,1991,,255,163,Sold,,,https://www.redfin.com/MD/Columbia/10620-Harpoon-Hill-21044/home/9936194,BRIGHT MLS,MDHW2028682,N,Y,39.1903709,-76.8841891
PAST SALE,April-28-2023,Townhouse,8722 Endless Ocean Way #7,Columbia,MD,21045,660000,4,3.5,SNOWDEN OVERLOOK,3673,,2005,,180,512,Sold,,,https://www.redfin.com/MD/Columbia/8722-Endless-Ocean-Way-21045/unit-7/home/10225662,BRIGHT MLS,MDHW2024678,N,Y,39.1911176,-76.8048338
PAST SALE,June-6-2023,Townhouse,5747 Richards Valley Rd,Ellicott City,MD,21043,546000,3,2.5,SHIPLEYS GRANT,1664,2614,2016,,328,120,Sold,,,https://www.redfin.com/MD/Ellicott-City/5747-Richards-Valley-Rd-21043/home/103969657,BRIGHT MLS,MDHW2027966,N,Y,39.2141675,-76.8013763
PAST SALE,June-7-2023,Townhouse,5590 April Journey #34,Columbia,MD,21044,460000,2,3.0,DORSEY SEARCH,2284,,1991,,201,208,Sold,,,https://www.redfin.com/MD/Columbia/5590-April-Journey-21044/unit-34/home/9938088,BRIGHT MLS,MDHW2027720,N,Y,39.2332635,-76.8493369
PAST SALE,July-3-2023,Single Family Residential,6407 Sunset Lgt,Columbia,MD,21045,553000,5,3.5,VILLAGE OF OWEN BROWN,2688,13321,1974,,206,,Sold,,,https://www.redfin.com/MD/Columbia/6407-Sunset-Lgt-21045/home/9954286,BRIGHT MLS,MDHW2028620,N,Y,39.196325,-76.841571
PAST SALE,July-8-2023,Townhouse,9509 Oakhurst Dr,Columbia,MD,21046,455000,3,3.5,OAKHURST,2080,2178,1999,,219,109,Sold,,,https://www.redfin.com/MD/Columbia/9509-Oakhurst-Dr-21046/home/10200954,BRIGHT MLS,MDHW2028974,N,Y,39.1640769,-76.8299696
PAST SALE,October-19-2023,Townhouse,6344 Gray Sea Way,Columbia,MD,21045,464000,3,2.5,ARBORSIDE II TOWNHOMES,2040,871,1997,,227,65,Sold,,,https://www.redfin.com/MD/Columbia/6344-Gray-Sea-Way-21045/home/10010277,BRIGHT MLS,MDHW2033078,N,Y,39.1971575,-76.8063373
PAST SALE,July-5-2023,Townhouse,5425 Fallriver Row Ct,Columbia,MD,21044,365000,3,2.5,VILLAGE OF HARPERS CHOICE,1509,5000,1969,,242,59,Sold,,,https://www.redfin.com/MD/Columbia/5425-Fallriver-Row-Ct-21044/home/9916961,BRIGHT MLS,MDHW2029430,N,Y,39.2239843,-76.8820419
PAST SALE,August-4-2023,Single Family Residential,10803 Hunting Ln,Columbia,MD,21044,980000,4,3.5,HOLIDAY HILLS,4091,22873,2013,,240,,Sold,,,https://www.redfin.com/MD/Columbia/10803-Hunting-Ln-21044/home/59254895,BRIGHT MLS,MDHW2028324,N,Y,39.17762,-76.8863733
PAST SALE,May-12-2023,Single Family Residential,6617 Windsor Ct,Columbia,MD,21044,661000,4,2.5,CAROLINE ESTATES,2464,8624,1983,,268,,Sold,,,https://www.redfin.com/MD/Columbia/6617-Windsor-Ct-21044/home/10130270,BRIGHT MLS,MDHW2026102,N,Y,39.1895529,-76.8738752
PAST SALE,June-5-2023,Single Family Residential,6535 Burgundy Ln,Clarksville,MD,21029,1105500,5,3.5,Clarksville,4940,17715,1997,,224,,Sold,,,https://www.redfin.com/MD/Clarksville/6535-Burgundy-Ln-21029/home/10144156,BRIGHT MLS,MDHW2027616,N,Y,39.1925846,-76.9327292
PAST SALE,July-28-2023,Single Family Residential,7075 Garden Walk,Columbia,MD,21044,960000,4,3.5,VILLAGE OF RIVER HILL,4082,19520,1995,,235,,Sold,,,https://www.redfin.com/MD/Columbia/7075-Garden-Walk-21044/home/9941797,BRIGHT MLS,MDHW2030078,N,Y,39.19075,-76.9144952
PAST SALE,June-20-2023,Single Family Residential,6924 S Carlinda Ave,Columbia,MD,21046,652000,4,3.5,MACGILLS COMMON,1931,7826,1978,,338,111,Sold,,,https://www.redfin.com/MD/Columbia/6924-S-Carlinda-Ave-21046/home/9980189,BRIGHT MLS,MDHW2028082,N,Y,39.1799814,-76.8583249
PAST SALE,May-30-2023,Single Family Residential,6136 Gatsby Grn,Columbia,MD,21045,650000,4,2.5,OAKLAND MILLS,3104,12382,1971,,209,113,Sold,,,https://www.redfin.com/MD/Columbia/6136-Gatsby-Grn-21045/home/9958630,BRIGHT MLS,MDHW2026970,N,Y,39.2046087,-76.8504969
PAST SALE,June-7-2023,Single Family Residential,6316 Victorious Song Ln,Clarksville,MD,21029,852000,5,3.5,RIVER HILL,3093,6805,1995,,275,,Sold,,,https://www.redfin.com/MD/Clarksville/6316-Victorious-Song-Ln-21029/home/9944129,BRIGHT MLS,MDHW2027570,N,Y,39.1917748,-76.9278896
PAST SALE,May-16-2023,Single Family Residential,10568 Owen Brown Rd,Columbia,MD,21044,610000,5,3.5,BASSLER,2830,52708,1975,,216,,Sold,,,https://www.redfin.com/MD/Columbia/10568-Owen-Brown-Rd-21044/home/10118661,BRIGHT MLS,MDHW2024640,N,Y,39.2011888,-76.8788625
PAST SALE,June-30-2023,Townhouse,8527 Pine Run Ct,Ellicott City,MD,21043,425000,3,3.5,TIMBER RUN VALLEY,2120,1830,1982,,200,42,Sold,,,https://www.redfin.com/MD/Ellicott-City/8527-Pine-Run-Ct-21043/home/10037369,BRIGHT MLS,MDHW2028248,N,Y,39.2267252,-76.8066218
PAST SALE,July-26-2023,Townhouse,9832 Softwater Way,Columbia,MD,21046,415000,3,3.5,VILLAGE OF KINGS CONTRIVANCE,1664,1219,1982,,249,43,Sold,,,https://www.redfin.com/MD/Columbia/9832-Softwater-Way-21046/home/9992744,BRIGHT MLS,MDHW2029580,N,Y,39.1651792,-76.8459102
PAST SALE,May-24-2023,Townhouse,7018 Knighthood Ln,Columbia,MD,21045,340000,3,2.5,OWEN BROWN ESTATES,1518,1263,1974,,224,115,Sold,,,https://www.redfin.com/MD/Columbia/7018-Knighthood-Ln-21045/home/9963850,BRIGHT MLS,MDHW2027374,N,Y,39.1917352,-76.8392851
PAST SALE,June-23-2023,Townhouse,8724 Sage Brush Way #75,Columbia,MD,21045,775000,3,4.5,SNOWDEN OVERLOOK,3708,,2009,,209,504,Sold,,,https://www.redfin.com/MD/Columbia/8724-Sage-Brush-Way-21045/unit-75/home/28481072,BRIGHT MLS,MDHW2028500,N,Y,39.194421,-76.8077551
PAST SALE,August-22-2023,Townhouse,10411 Maywind Ct,Columbia,MD,21044,413500,3,4.0,BEECHIN HILLS,2284,1701,1968,,181,75,Sold,,,https://www.redfin.com/MD/Columbia/10411-Maywind-Ct-21044/home/9911109,BRIGHT MLS,MDHW2030818,N,Y,39.2189493,-76.8659214
PAST SALE,September-18-2023,Single Family Residential,6373 Barefoot Boy,Columbia,MD,21045,510000,4,2.5,VILLAGE OF OWEN BROWN,2100,6816,1973,,243,89,Sold,,,https://www.redfin.com/MD/Columbia/6373-Barefoot-Boy-21045/home/9967262,BRIGHT MLS,MDHW2032064,N,Y,39.1966721,-76.8446404
PAST SALE,July-25-2023,Townhouse,6241 Wild Swan Way #201,Columbia,MD,21045,337500,2,2.0,VILLAGE OF LONG REACH,1037,,1998,,325,200,Sold,,,https://www.redfin.com/MD/Columbia/6241-Wild-Swan-Way-21045/unit-201/home/10011138,BRIGHT MLS,MDHW2029758,N,Y,39.1954605,-76.8070197
PAST SALE,June-2-2023,Single Family Residential,10912 Beech Creek Dr,Columbia,MD,21044,715000,5,3.5,BEECH CREEK,2674,12327,1987,,267,59,Sold,,,https://www.redfin.com/MD/Columbia/10912-Beech-Creek-Dr-21044/home/10134586,BRIGHT MLS,MDHW2027494,N,Y,39.2311811,-76.8870714
PAST SALE,June-30-2023,Single Family Residential,6224 20 Year CHASE,Columbia,MD,21045,660000,3,2.5,LONG REACH,2804,9622,1999,,235,128,Sold,,,https://www.redfin.com/MD/Columbia/6224-Twenty-Year-Chase-21045/home/10007144,BRIGHT MLS,MDHW2028670,N,Y,39.1980281,-76.8021497
PAST SALE,October-3-2023,Townhouse,7559 Rain Flower Way,Columbia,MD,21046,345000,2,1.5,KINGS CONTRIVANCE,1160,1750,1985,,297,40,Sold,,,https://www.redfin.com/MD/Columbia/7559-Rain-Flower-Way-21046/home/9993548,BRIGHT MLS,MDHW2031764,N,Y,39.1642974,-76.851128
PAST SALE,May-26-2023,Single Family Residential,6325 Morning Time Ln,Columbia,MD,21044,754990,5,3.5,VILLAGE OF RIVER HILL,3736,6966,1995,,202,132,Sold,,,https://www.redfin.com/MD/Columbia/6325-Morning-Time-Ln-21044/home/9943292,BRIGHT MLS,MDHW2027050,N,Y,39.1936393,-76.9191777
PAST SALE,October-6-2023,Single Family Residential,6111 Larricks Way,Columbia,MD,21045,1015000,6,5.5,Columbia,5100,15607,2021,,199,,Sold,,,https://www.redfin.com/MD/Columbia/6111-Larricks-Way-21045/home/167607691,BRIGHT MLS,MDHW2031284,N,Y,39.18877034,-76.80444876
PAST SALE,July-10-2023,Townhouse,9862 Softwater Way,Columbia,MD,21046,460000,4,3.5,KINGS CONTRIVANCE,2280,1481,1982,,202,41,Sold,,,https://www.redfin.com/MD/Columbia/9862-Softwater-Way-21046/home/9992819,BRIGHT MLS,MDHW2029594,N,Y,39.1658241,-76.8459435
PAST SALE,June-23-2023,Townhouse,5907 Trumpet Sound Ct #7,Clarksville,MD,21029,660000,3,3.5,SUMMERFIELD AT RIVER HILL,2178,,2001,,303,316,Sold,,,https://www.redfin.com/MD/Clarksville/5907-Trumpet-Sound-Ct-21029/unit-7/home/10212155,BRIGHT MLS,MDHW2028998,N,Y,39.2081087,-76.935115
PAST SALE,May-5-2023,Single Family Residential,6380 Weatherwise Way,Columbia,MD,21045,442000,3,2.5,VILLAGE OF OWEN BROWN,1425,11151,1977,,310,84,Sold,,,https://www.redfin.com/MD/Columbia/6380-Weatherwise-Way-21045/home/9960230,BRIGHT MLS,MDHW2026416,N,Y,39.1975605,-76.8353144
PAST SALE,June-16-2023,Single Family Residential,9735 Polished Stone,Columbia,MD,21046,700000,4,3.5,KINGS CONTRIVANCE,3052,8000,1990,,229,140,Sold,,,https://www.redfin.com/MD/Columbia/9735-Polished-Stone-21046/home/10000594,BRIGHT MLS,MDHW2028298,N,Y,39.1586182,-76.8454062
PAST SALE,May-26-2023,Single Family Residential,11720 Bright Psge,Columbia,MD,21044,675000,3,3.5,HICKORY RIDGE,3050,12627,1988,,221,149,Sold,,,https://www.redfin.com/MD/Columbia/11720-Bright-Psge-21044/home/9931893,BRIGHT MLS,MDHW2027538,N,Y,39.2054404,-76.901482
PAST SALE,June-2-2023,Single Family Residential,6412 Silent Moon Run,Clarksville,MD,21029,1040000,4,3.5,RIVER HILL,3114,9126,1998,,334,180,Sold,,,https://www.redfin.com/MD/Clarksville/6412-Silent-Moon-Run-21029/home/9943920,BRIGHT MLS,MDHW2027294,N,Y,39.1939171,-76.9272368
PAST SALE,July-17-2023,Single Family Residential,6309 April Brook Cir,Columbia,MD,21045,725000,4,3.0,VILLAGE OF LONG REACH,3358,9153,1998,,216,155,Sold,,,https://www.redfin.com/MD/Columbia/6309-April-Brook-Cir-21045/home/10007745,BRIGHT MLS,MDHW2029806,N,Y,39.1969509,-76.8035468
PAST SALE,June-23-2023,Single Family Residential,6916 Deerpasture,Columbia,MD,21045,639000,4,2.5,VILLAGE OF OWEN BROWN,2328,7000,1974,,274,111,Sold,,,https://www.redfin.com/MD/Columbia/6916-Deerpasture-21045/home/9970133,BRIGHT MLS,MDHW2027536,N,Y,39.1823353,-76.8282406
PAST SALE,August-31-2023,Townhouse,10750 Cordage Walk,Columbia,MD,21044,381000,4,3.5,HICKORY RIDGE,1907,1742,1980,,200,72,Sold,,,https://www.redfin.com/MD/Columbia/10750-Cordage-Walk-21044/home/9922047,BRIGHT MLS,MDHW2031612,N,Y,39.2097918,-76.8812196
PAST SALE,September-12-2023,Single Family Residential,6315 Leafy Screen,Columbia,MD,21045,460000,4,2.0,VILLAGE OF OWEN BROWN,1720,21350,1973,,267,85,Sold,,,https://www.redfin.com/MD/Columbia/6315-Leafy-Screen-21045/home/9963526,BRIGHT MLS,MDHW2031442,N,Y,39.1941764,-76.8500464
PAST SALE,June-26-2023,Single Family Residential,6318 Dewey Dr,Columbia,MD,21044,660000,3,2.5,HICKORY RIDGE,2808,30535,1957,,235,,Sold,,,https://www.redfin.com/MD/Columbia/6318-Dewey-Dr-21044/home/10123914,BRIGHT MLS,MDHW2027138,N,Y,39.197201,-76.8661955
PAST SALE,August-14-2023,Single Family Residential,6165 Commadore Ct,Columbia,MD,21045,640000,4,2.0,STEVENS FOREST,2354,20300,1971,,272,98,Sold,,,https://www.redfin.com/MD/Columbia/6165-Commadore-Ct-21045/home/9951451,BRIGHT MLS,MDHW2030412,N,Y,39.2002608,-76.8501816
PAST SALE,July-28-2023,Townhouse,5528 Green Dory Ln,Columbia,MD,21044,347500,3,2.0,VILLAGE OF HARPERS CHOICE,1456,,1970,,239,22,Sold,,,https://www.redfin.com/MD/Columbia/5528-Green-Dory-Ln-21044/home/9913692,BRIGHT MLS,MDHW2030032,N,Y,39.2191275,-76.8857613
PAST SALE,July-31-2023,Single Family Residential,6022 River Meadows Dr,Columbia,MD,21045,725000,5,4.5,OAKLAND MILLS,4194,43560,1960,,173,,Sold,,,https://www.redfin.com/MD/Columbia/6022-River-Meadows-Dr-21045/home/10152951,BRIGHT MLS,MDHW2030476,N,Y,39.2049407,-76.8541338
PAST SALE,September-19-2023,Single Family Residential,9239 Curtis Dr,Columbia,MD,21045,751000,4,3.5,OAK TREE,3183,9844,1993,,236,146,Sold,,,https://www.redfin.com/MD/Columbia/9239-Curtis-Dr-21045/home/10196371,BRIGHT MLS,MDHW2031576,N,Y,39.1776694,-76.8352694
PAST SALE,June-6-2023,Single Family Residential,5341 High Tor Hl,Columbia,MD,21045,477000,3,2.0,LONG REACH,1859,6900,1972,,257,,Sold,,,https://www.redfin.com/MD/Columbia/5341-High-Tor-Hl-21045/home/9956663,BRIGHT MLS,MDHW2025786,N,Y,39.2241899,-76.817171
PAST SALE,May-31-2023,Single Family Residential,6309 Soft Thunder Trl,Columbia,MD,21045,720000,5,3.5,VILLAGE OF LONG REACH,3110,11269,1999,,232,136,Sold,,,https://www.redfin.com/MD/Columbia/6309-Soft-Thunder-Trl-21045/home/10007204,BRIGHT MLS,MDHW2027366,N,Y,39.1975764,-76.8027356
PAST SALE,October-6-2023,Single Family Residential,6380 Scarlet Petal,Columbia,MD,21045,580000,4,2.5,OWEN BROWN ESTATES,2100,9843,1973,,276,,Sold,,,https://www.redfin.com/MD/Columbia/6380-Scarlet-Petal-21045/home/9958970,BRIGHT MLS,MDHW2032684,N,Y,39.1956198,-76.8428633
PAST SALE,October-20-2023,Townhouse,8853 Warm Granite Dr #35,Columbia,MD,21045,729000,4,4.5,SNOWDEN OVERLOOK,4607,,2006,,158,453,Sold,,,https://www.redfin.com/MD/Columbia/8853-Warm-Granite-Dr-21045/unit-35/home/11744455,BRIGHT MLS,MDHW2030008,N,Y,39.1914833,-76.8094597
PAST SALE,June-16-2023,Townhouse,9176 Emersons Reach,Columbia,MD,21045,460000,3,2.5,LONG REACH,1760,2962,1987,,261,128,Sold,,,https://www.redfin.com/MD/Columbia/9176-Emersons-Reach-21045/home/9997114,BRIGHT MLS,MDHW2026850,N,Y,39.2066332,-76.8281524
PAST SALE,July-27-2023,Townhouse,6368 Wind Rider Way,Columbia,MD,21045,421000,3,2.5,BROOKSIDE,1840,1306,1999,,229,43,Sold,,,https://www.redfin.com/MD/Columbia/6368-Wind-Rider-Way-21045/home/10009372,BRIGHT MLS,MDHW2029884,N,Y,39.1943073,-76.8047506
PAST SALE,August-21-2023,Single Family Residential,6449 Mellow Wine Way,Columbia,MD,21044,815000,5,3.5,VILLAGE OF RIVER HILL,2728,10722,1994,,299,164,Sold,,,https://www.redfin.com/MD/Columbia/6449-Mellow-Wine-Way-21044/home/9940818,BRIGHT MLS,MDHW2031098,N,Y,39.1941771,-76.9140512
PAST SALE,April-28-2023,Townhouse,7350 Hidden Cv,Columbia,MD,21046,460000,4,3.5,CARTERS COVE,1800,1916,1987,,256,58,Sold,,,https://www.redfin.com/MD/Columbia/7350-Hidden-Cove-21046/home/10186493,BRIGHT MLS,MDHW2026792,N,Y,39.1709072,-76.8326548
PAST SALE,June-29-2023,Townhouse,10388 College Sq,Columbia,MD,21044,440000,3,3.5,HICKORY RIDGE,1873,1306,1986,,235,53,Sold,,,https://www.redfin.com/MD/Columbia/10388-College-Sq-21044/home/9930232,BRIGHT MLS,MDHW2028362,N,Y,39.2088654,-76.870643
PAST SALE,July-18-2023,Single Family Residential,6148 Night Street Hl,Columbia,MD,21045,450000,4,1.5,STEVENS FOREST,1440,9564,1971,,313,76,Sold,,,https://www.redfin.com/MD/Columbia/6148-Night-Street-Hl-21045/home/9951195,BRIGHT MLS,MDHW2029268,N,Y,39.2015563,-76.8482444
PAST SALE,May-17-2023,Single Family Residential,5086 Whetstone Rd,Columbia,MD,21044,604990,4,2.5,RUNNING BROOK,2715,14069,1972,,223,,Sold,,,https://www.redfin.com/MD/Columbia/5086-Whetstone-Rd-21044/home/9914367,BRIGHT MLS,MDHW2025446,N,Y,39.2317261,-76.8534251
PAST SALE,June-30-2023,Townhouse,11244 Snowflake Ct Unit A-12-8,Columbia,MD,21044,327000,3,2.0,VILLAGE OF CLARYS FOREST,1274,,1974,,257,371,Sold,,,https://www.redfin.com/MD/Columbia/11244-Snowflake-Ct-21044/unit-A-12-8/home/9917313,BRIGHT MLS,MDHW2028616,N,Y,39.2111541,-76.8894806
PAST SALE,October-18-2023,Single Family Residential,6126 Triangle Dr N,Columbia,MD,21044,765500,5,3.5,CLARY'S FOREST,3500,14229,1987,,219,162,Sold,,,https://www.redfin.com/MD/Columbia/6126-Triangle-Dr-21044/home/9931770,BRIGHT MLS,MDHW2032322,N,Y,39.2049618,-76.8937816
PAST SALE,June-21-2023,Single Family Residential,5171 Eliots Oak Rd,Columbia,MD,21044,675000,5,2.0,LONGFELLOW,2394,8973,1968,,282,,Sold,,,https://www.redfin.com/MD/Columbia/5171-Eliots-Oak-Rd-21044/home/9917087,BRIGHT MLS,MDHW2028794,N,Y,39.2285094,-76.8818471
PAST SALE,August-31-2023,Single Family Residential,6672 Hawkeye Run,Columbia,MD,21044,465000,4,2.0,VILLAGE OF HICKORY RIDGE,1120,8973,1974,,415,85,Sold,,,https://www.redfin.com/MD/Columbia/6672-Hawkeye-Run-21044/home/9912396,BRIGHT MLS,MDHW2030942,N,Y,39.1876549,-76.8777163
PAST SALE,September-22-2023,Single Family Residential,5204 Even Star Pl,Columbia,MD,21044,631575,4,2.5,LONGFELLOW,3024,10987,1968,,209,121,Sold,,,https://www.redfin.com/MD/Columbia/5204-Even-Star-Pl-21044/home/9903428,BRIGHT MLS,MDHW2032704,N,Y,39.2270131,-76.8834234
PAST SALE,April-28-2023,Townhouse,6060 Wild Ginger Ct,Columbia,MD,21044,401000,3,2.5,HICKORY RIDGE,1830,1437,1985,,219,71,Sold,,,https://www.redfin.com/MD/Columbia/6060-Wild-Ginger-Ct-21044/home/9926241,BRIGHT MLS,MDHW2026578,N,Y,39.2069513,-76.8930385
PAST SALE,May-26-2023,Single Family Residential,5371 Red Lake Ct,Columbia,MD,21045,579200,3,2.0,VILLAGE OF LONG REACH,1859,7250,1972,,312,97,Sold,,,https://www.redfin.com/MD/Columbia/5371-Red-Lake-Ct-21045/home/9976050,BRIGHT MLS,MDHW2027378,N,Y,39.2245781,-76.8161196
PAST SALE,October-3-2023,Townhouse,7259 Procopio Cir,Columbia,MD,21046,405000,3,2.5,OAK VIEW VILLAGE,1554,1698,1985,,261,75,Sold,,,https://www.redfin.com/MD/Columbia/7259-Procopio-Cir-21046/home/10173931,BRIGHT MLS,MDHW2032114,N,Y,39.1734165,-76.8281997
PAST SALE,August-14-2023,Townhouse,5364 Tarkington Pl,Columbia,MD,21044,515000,3,3.5,VILLAGE OF DORSEY SEARCH,2186,871,1994,,236,62,Sold,,,https://www.redfin.com/MD/Columbia/5364-Tarkington-Pl-21044/home/9937267,BRIGHT MLS,MDHW2029936,N,Y,39.2348432,-76.8492806
PAST SALE,August-11-2023,Townhouse,5501 April Journey #125,Columbia,MD,21044,503000,3,2.5,DORSEY SEARCH,2182,1,1993,,231,208,Sold,,,https://www.redfin.com/MD/Columbia/5501-April-Journey-21044/unit-125/home/9938756,BRIGHT MLS,MDHW2030370,N,Y,39.2321309,-76.8477445
PAST SALE,August-3-2023,Single Family Residential,6317 Canyon Head Ln,Columbia,MD,21045,725000,4,3.5,VILLAGE OF LONG REACH,3864,10890,1997,,188,155,Sold,,,https://www.redfin.com/MD/Columbia/6317-Canyon-Head-Ln-21045/home/10007451,BRIGHT MLS,MDHW2029458,N,Y,39.1968186,-76.8016991
PAST SALE,May-11-2023,Townhouse,5169 Columbia Rd Unit 12 41,Columbia,MD,21044,515000,4,2.5,FORSGATE,2320,,1989,,222,396,Sold,,,https://www.redfin.com/MD/Columbia/5169-Columbia-Rd-21044/unit-1241/home/9934864,BRIGHT MLS,MDHW2026782,N,Y,39.2342937,-76.8421492
PAST SALE,August-30-2023,Single Family Residential,7117 Morning Light Trl,Columbia,MD,21044,981000,4,3.0,RIVER HILL,4542,12008,1995,,216,189,Sold,,,https://www.redfin.com/MD/Columbia/7117-Morning-Light-Trl-21044/home/9941809,BRIGHT MLS,MDHW2029612,N,Y,39.1898079,-76.9149904
PAST SALE,June-5-2023,Single Family Residential,12129 Shining Stars Ln,Clarksville,MD,21029,985000,5,3.5,RIVER HILL,3576,8642,2001,,275,,Sold,,,https://www.redfin.com/MD/Clarksville/12129-Shining-Stars-Ln-21029/home/9949941,BRIGHT MLS,MDHW2027398,N,Y,39.2080584,-76.9290376
PAST SALE,July-14-2023,Single Family Residential,5368 Storm Drift,Columbia,MD,21045,552000,4,3.0,PHELPS LUCK,1744,7215,1972,,317,90,Sold,,,https://www.redfin.com/MD/Columbia/5368-Storm-Drift-21045/home/9969349,BRIGHT MLS,MDHW2029830,N,Y,39.2236335,-76.8151251
PAST SALE,July-11-2023,Single Family Residential,9554 Standon Pl,Columbia,MD,21045,295000,2,1.0,OAKLAND MILLS,858,2090,1972,,344,80,Sold,,,https://www.redfin.com/MD/Columbia/9554-Standon-Pl-21045/home/9968648,BRIGHT MLS,MDHW2029490,N,Y,39.2063212,-76.8460507
PAST SALE,August-4-2023,Single Family Residential,6500 Evening Shadows Ct,Clarksville,MD,21029,795000,4,2.5,VILLAGE OF RIVER HILL,3694,11599,1995,,215,200,Sold,,,https://www.redfin.com/MD/Clarksville/6500-Evening-Shadows-Ct-21029/home/9944034,BRIGHT MLS,MDHW2029826,N,Y,39.1945826,-76.9313336
PAST SALE,October-23-2023,Single Family Residential,6395 Wishing Brg,Columbia,MD,21045,600000,5,3.5,Columbia,2816,7092,1974,,213,,Sold,,,https://www.redfin.com/MD/Columbia/6395-Wishing-Brg-21045/home/9956685,BRIGHT MLS,MDHW2033180,N,Y,39.1942867,-76.842651
PAST SALE,August-17-2023,Single Family Residential,9413 Bullring Ln,Columbia,MD,21045,549500,3,2.0,VILLAGE OF OAKLAND MILLS,1553,10374,1971,,354,78,Sold,,,https://www.redfin.com/MD/Columbia/9413-Bullring-Ln-21045/home/9962810,BRIGHT MLS,MDHW2030658,N,Y,39.2030708,-76.8395044
PAST SALE,May-26-2023,Townhouse,7383 Eden Brook Dr Unit C-16,Columbia,MD,21046,486000,3,2.5,KINGS GATE,1840,,1988,,264,147,Sold,,,https://www.redfin.com/MD/Columbia/7383-Eden-Brook-Dr-21046/unit-C-16/home/9998647,BRIGHT MLS,MDHW2027748,N,Y,39.166788,-76.8685935
PAST SALE,June-1-2023,Townhouse,7358 Mossy Brink Ct,Columbia,MD,21045,425000,4,3.5,WOODLAKE,2072,1873,1976,,205,53,Sold,,,https://www.redfin.com/MD/Columbia/7358-Mossy-Brink-Ct-21045/home/9978013,BRIGHT MLS,MDHW2028162,N,Y,39.1860985,-76.8484696
PAST SALE,August-30-2023,Townhouse,11866 Blue February Way,Columbia,MD,21044,485000,4,3.5,VILLAGE OF HICKORY RIDGE,3120,871,1985,,155,58,Sold,,,https://www.redfin.com/MD/Columbia/11866-Blue-February-Way-21044/home/9927330,BRIGHT MLS,MDHW2029928,N,Y,39.2074682,-76.9041742
PAST SALE,July-5-2023,Single Family Residential,7231 Life Quest Ln,Columbia,MD,21045,486000,4,2.5,VILLAGE OF OWEN BROWN,1680,4748,1984,,289,103,Sold,,,https://www.redfin.com/MD/Columbia/7231-Life-Quest-Ln-21045/home/9985950,BRIGHT MLS,MDHW2028622,N,Y,39.180405,-76.8438052
PAST SALE,May-30-2023,Single Family Residential,6308 Burnt Mountain Path,Columbia,MD,21045,715000,4,3.5,LONG REACH,3255,11330,1998,,220,,Sold,,,https://www.redfin.com/MD/Columbia/6308-Burnt-Mountain-Path-21045/home/10007712,BRIGHT MLS,MDHW2026766,N,Y,39.1966944,-76.8030511
PAST SALE,July-19-2023,Townhouse,7502 Summer Blossom Ln,Columbia,MD,21046,370000,3,2.5,HUNTINGTON,1280,1797,1983,,289,43,Sold,,,https://www.redfin.com/MD/Columbia/7502-Summer-Blossom-Ln-21046/home/9993608,BRIGHT MLS,MDHW2028236,N,Y,39.164749,-76.8513303
PAST SALE,July-11-2023,Single Family Residential,6216 Ashton Park Ct,Columbia,MD,21044,750000,4,2.5,VILLAGE OF HICKORY RIDGE,1854,37092,1994,,405,131,Sold,,,https://www.redfin.com/MD/Columbia/6216-Ashton-Park-Ct-21044/home/9938890,BRIGHT MLS,MDHW2028802,N,Y,39.205322,-76.867209
PAST SALE,May-1-2023,Townhouse,9063 Early April Way,Columbia,MD,21046,377500,4,3.5,VILLAGE OF KINGS CONTRIVANCE,2200,1300,1983,,172,48,Sold,,,https://www.redfin.com/MD/Columbia/9063-Early-April-Way-21046/home/9994266,BRIGHT MLS,MDHW2025408,N,Y,39.1650437,-76.8569166
PAST SALE,October-18-2023,Single Family Residential,6324 Sunhigh Pl,Columbia,MD,21045,660000,5,2.5,SEWELLS ORCHARD,2388,7318,1983,,276,25,Sold,,,https://www.redfin.com/MD/Columbia/6324-Sunhigh-Pl-21045/home/10167529,BRIGHT MLS,MDHW2032040,N,Y,39.1995932,-76.8318001
PAST SALE,June-5-2023,Townhouse,7223 Procopio Cir,Columbia,MD,21046,325000,2,1.5,OAK VIEW VILLAGE,1167,1742,1985,,278,75,Sold,,,https://www.redfin.com/MD/Columbia/7223-Procopio-Cir-21046/home/10173868,BRIGHT MLS,MDHW2027034,N,Y,39.1734452,-76.8294105
PAST SALE,June-8-2023,Townhouse,7150 Talisman Ln,Columbia,MD,21045,430000,3,3.5,SOUTHWICK,1536,1437,1975,,280,110,Sold,,,https://www.redfin.com/MD/Columbia/7150-Talisman-Ln-21045/home/9959504,BRIGHT MLS,MDHW2027518,N,Y,39.1914024,-76.8391553
PAST SALE,October-12-2023,Townhouse,8404 Gold Sunset Way,Columbia,MD,21045,460000,3,3.5,BROOKSIDE,1940,1480,1996,,237,43,Sold,,,https://www.redfin.com/MD/Columbia/8404-Gold-Sunset-Way-21045/home/10009988,BRIGHT MLS,MDHW2030656,N,Y,39.1950497,-76.8063585
PAST SALE,October-10-2023,Townhouse,6245 Deep Earth Ln,Columbia,MD,21045,455000,3,3.5,KENDALL RIDGE,2280,2020,1996,,200,56,Sold,,,https://www.redfin.com/MD/Columbia/6245-Deep-Earth-Ln-21045/home/10005234,BRIGHT MLS,MDHW2032616,N,Y,39.2015875,-76.8086339
PAST SALE,October-13-2023,Townhouse,7322 Shady Glen Dr #37,Columbia,MD,21046,515000,3,2.5,CLARKS CROSSING,2156,,1998,,239,250,Sold,,,https://www.redfin.com/MD/Columbia/7322-Shady-Glen-Dr-21046/unit-37/home/10201273,BRIGHT MLS,MDHW2030976,N,Y,39.1703571,-76.8805112
PAST SALE,August-21-2023,Single Family Residential,10371 Launcelot Ln,Columbia,MD,21044,625000,4,2.5,VILLAGE OF HICKORY RIDGE,2413,17990,1977,,259,128,Sold,,,https://www.redfin.com/MD/Columbia/10371-Launcelot-Ln-21044/home/9914948,BRIGHT MLS,MDHW2030690,N,Y,39.200056,-76.8742355
PAST SALE,July-31-2023,Townhouse,10830 Olde Woods Way,Columbia,MD,21044,420000,3,3.5,BEECH CREEK,1870,2352,1987,,225,62,Sold,,,https://www.redfin.com/MD/Columbia/10830-Olde-Woods-Way-21044/home/10134462,BRIGHT MLS,MDHW2030526,N,Y,39.233436,-76.8882085
PAST SALE,August-9-2023,Townhouse,6809 Flour Mill Ct,Columbia,MD,21044,655000,4,3.5,SIMPSON MILL,2932,1944,2014,,223,71,Sold,,,https://www.redfin.com/MD/Columbia/6809-Flour-Mill-Ct-21044/home/52912254,BRIGHT MLS,MDHW2030508,N,Y,39.1858071,-76.8921074
PAST SALE,September-21-2023,Single Family Residential,6613 Oxhorn Ct,Columbia,MD,21044,378500,3,1.0,VILLAGE OF HICKORY RIDGE,1596,7492,1974,,237,78,Sold,,,https://www.redfin.com/MD/Columbia/6613-Oxhorn-Ct-21044/home/9912935,BRIGHT MLS,MDHW2032570,N,Y,39.1876269,-76.873389
PAST SALE,July-25-2023,Townhouse,5762 Yellowrose Ct,Columbia,MD,21045,330000,3,2.5,VILLAGE OF LONG REACH,1700,1481,1974,,194,61,Sold,,,https://www.redfin.com/MD/Columbia/5762-Yellowrose-Ct-21045/home/9951892,BRIGHT MLS,MDHW2029756,N,Y,39.2127955,-76.814833
PAST SALE,October-6-2023,Townhouse,9635 Stirling Bridge Dr,Columbia,MD,21046,335000,2,1.5,GLENSHIRE TOWNE,1132,1524,1986,,296,61,Sold,,,https://www.redfin.com/MD/Columbia/9635-Stirling-Bridge-Dr-21046/home/10182253,BRIGHT MLS,MDHW2032106,N,Y,39.1630711,-76.8233692
PAST SALE,July-21-2023,Townhouse,9140 Emersons Reach,Columbia,MD,21045,445000,3,3.0,VILLAGE OF LONG REACH,1553,1742,1986,,287,128,Sold,,,https://www.redfin.com/MD/Columbia/9140-Emersons-Reach-21045/home/9997193,BRIGHT MLS,MDHW2029682,N,Y,39.2063434,-76.827645
PAST SALE,May-12-2023,Townhouse,7252 Lasting Light Way,Columbia,MD,21045,402200,4,3.5,VILLAGE OF OWEN BROWN,1796,1524,1977,,224,57,Sold,,,https://www.redfin.com/MD/Columbia/7252-Lasting-Light-Way-21045/home/9981212,BRIGHT MLS,MDHW2026734,N,Y,39.1858942,-76.8379526
PAST SALE,June-12-2023,Single Family Residential,6398 Lookinglass Ln,Columbia,MD,21045,480000,3,2.0,VILLAGE OF OWEN BROWN,1872,7056,1978,,256,,Sold,,,https://www.redfin.com/MD/Columbia/6398-Lookinglass-Ln-21045/home/9961092,BRIGHT MLS,MDHW2026656,N,Y,39.1964608,-76.8361704
PAST SALE,May-1-2023,Single Family Residential,10214 Dottys Way,Columbia,MD,21044,1125000,5,4.5,METZLER'S GARDEN,7084,16010,2006,,159,33,Sold,,,https://www.redfin.com/MD/Columbia/10214-Dottys-Way-21044/home/10225267,BRIGHT MLS,MDHW2026138,N,Y,39.2013762,-76.869889
PAST SALE,July-3-2023,Townhouse,7207 Harbor Ln Unit 3-4,Columbia,MD,21045,454000,4,3.5,SWAN POINT,1952,,1981,,233,266,Sold,,,https://www.redfin.com/MD/Columbia/7207-Harbor-Ln-21045/unit-3-4/home/9989147,BRIGHT MLS,MDHW2027700,N,Y,39.1853107,-76.8416838
PAST SALE,October-25-2023,Single Family Residential,6460 Sundown Trl,Columbia,MD,21044,935000,5,3.5,VILLAGE OF RIVER HILL,4258,16421,1999,,220,225,Sold,,,https://www.redfin.com/MD/Columbia/6460-Sundown-Trl-21044/home/9945615,BRIGHT MLS,MDHW2031936,N,Y,39.2000717,-76.9109606
PAST SALE,June-14-2023,Single Family Residential,10959 Hickory Ridge Rd,Columbia,MD,21044,560000,3,3.5,HICKORY RIDGE,2110,6664,1986,,265,97,Sold,,,https://www.redfin.com/MD/Columbia/10959-Hickory-Ridge-Rd-21044/home/9929433,BRIGHT MLS,MDHW2028640,N,Y,39.2091663,-76.8911172
PAST SALE,August-31-2023,Single Family Residential,9440 Brett Ln,Columbia,MD,21045,400000,4,2.0,Columbia,1842,9703,1971,,217,,Sold,,,https://www.redfin.com/MD/Columbia/9440-Brett-Ln-21045/home/9969051,BRIGHT MLS,MDHW2031120,N,Y,39.2013368,-76.8395269
PAST SALE,June-22-2023,Single Family Residential,11097 Swansfield Rd,Columbia,MD,21044,577000,4,2.5,VILLAGE OF HARPERS CHOICE,1975,14303,1970,,292,107,Sold,,,https://www.redfin.com/MD/Columbia/11097-Swansfield-Rd-21044/home/9913362,BRIGHT MLS,MDHW2026822,N,Y,39.217358,-76.8953577
PAST SALE,June-26-2023,Single Family Residential,12148 Red Stream Way,Columbia,MD,21044,670000,4,3.0,CLARY'S FOREST,2301,7198,1987,,291,139,Sold,,,https://www.redfin.com/MD/Columbia/12148-Red-Stream-Way-21044/home/9928691,BRIGHT MLS,MDHW2028300,N,Y,39.2150675,-76.8961007
PAST SALE,June-6-2023,Single Family Residential,6701 Thorn Free Ct,Columbia,MD,21045,610750,4,3.0,SEWELLS ORCHARD,2461,9583,1985,,248,26,Sold,,,https://www.redfin.com/MD/Columbia/6701-Thorn-Free-Ct-21045/home/10178751,BRIGHT MLS,MDHW2028040,N,Y,39.1959148,-76.8284434
PAST SALE,May-3-2023,Single Family Residential,9217 Crazyquilt Ct,Columbia,MD,21045,471000,4,2.0,HOPEWELL,1494,7801,1976,,315,86,Sold,,,https://www.redfin.com/MD/Columbia/9217-Crazyquilt-Ct-21045/home/9960795,BRIGHT MLS,MDHW2026094,N,Y,39.1802115,-76.8302682
PAST SALE,June-2-2023,Townhouse,9573 Transfer Row,Columbia,MD,21045,335000,3,1.5,CINNAMON TREE,1248,1263,1972,,268,140,Sold,,,https://www.redfin.com/MD/Columbia/9573-Transfer-Row-21045/home/9955983,BRIGHT MLS,MDHW2027784,N,Y,39.207294,-76.8460898
PAST SALE,May-31-2023,Single Family Residential,9218 Curtis Dr,Columbia,MD,21045,752500,4,2.5,OAK TREE,2588,12109,1993,,291,140,Sold,,,https://www.redfin.com/MD/Columbia/9218-Curtis-Dr-21045/home/10196341,BRIGHT MLS,MDHW2027584,N,Y,39.1786988,-76.8355397
PAST SALE,May-15-2023,Single Family Residential,12229 Summer Sky Path,Clarksville,MD,21029,1060000,6,3.5,VILLAGE OF RIVER HILL,4584,12895,2000,,231,208,Sold,,,https://www.redfin.com/MD/Clarksville/12229-Summer-Sky-Path-21029/home/9950877,BRIGHT MLS,MDHW2026450,N,Y,39.2137719,-76.9260887
PAST SALE,September-29-2023,Single Family Residential,9017 Blue Pool,Columbia,MD,21045,505000,3,2.0,LONG REACH,1416,7338,1971,,357,,Sold,,,https://www.redfin.com/MD/Columbia/9017-Blue-Pool-21045/home/9972547,BRIGHT MLS,MDHW2032018,N,Y,39.2146695,-76.8243696
PAST SALE,July-18-2023,Single Family Residential,11394 High Hay Dr,Columbia,MD,21044,880000,4,2.5,HOBBITS GLEN,4171,20284,1978,,211,54,Sold,,,https://www.redfin.com/MD/Columbia/11394-High-Hay-Dr-21044/home/9920215,BRIGHT MLS,MDHW2029586,N,Y,39.2199221,-76.9045441
PAST SALE,June-22-2023,Townhouse,6702 Quiet Hours,Columbia,MD,21045,360000,2,2.5,CRADLEROCK MEWS,1610,1960,1982,,224,61,Sold,,,https://www.redfin.com/MD/Columbia/6702-Quiet-Hours-21045/home/9990676,BRIGHT MLS,MDHW2027984,N,Y,39.188519,-76.8501987
PAST SALE,,Single Family Residential,4921 Snowy Reach,Columbia,MD,21044,620000,,2.5,,2313,13764,1972,,268,,,,,https://www.redfin.com/MD/Columbia/4921-Snowy-Reach-21044/home/9911005,,,N,Y,39.2362566,-76.8605875
PAST SALE,June-12-2023,Townhouse,5220 Lightfoot Path,Columbia,MD,21044,502000,3,3.0,HERITAGE GREEN,2448,1742,1991,,205,76,Sold,,,https://www.redfin.com/MD/Columbia/5220-Lightfoot-Path-21044/home/9935546,BRIGHT MLS,MDHW2028486,N,Y,39.2285607,-76.8903749
PAST SALE,August-31-2023,Townhouse,5655 Thicket Ln,Columbia,MD,21044,455000,3,3.5,HOLLOW OAKS,2153,1742,1970,,211,93,Sold,,,https://www.redfin.com/MD/Columbia/5655-Thicket-Ln-21044/home/9915445,BRIGHT MLS,MDHW2031084,N,Y,39.2180634,-76.8670996
PAST SALE,October-10-2023,Townhouse,10577 Tolling Clock Way,Columbia,MD,21044,500000,4,2.5,WILDE LAKE,2413,,1969,,207,41,Sold,,,https://www.redfin.com/MD/Columbia/10577-Tolling-Clock-Way-21044/home/9902799,BRIGHT MLS,MDHW2033080,N,Y,39.2232197,-76.8779198
PAST SALE,September-18-2023,Townhouse,6072 Wild Ginger Ct,Columbia,MD,21044,385000,3,3.0,VILLAGE OF HICKORY RIDGE,1830,1481,1985,,210,91,Sold,,,https://www.redfin.com/MD/Columbia/6072-Wild-Ginger-Ct-21044/home/9926211,BRIGHT MLS,MDHW2032168,N,Y,39.2065276,-76.8930847
PAST SALE,July-12-2023,Single Family Residential,6693 Old Waterloo Rd,Elkridge,MD,21075,560000,4,2.0,THE SANCTUARY,2737,17436,1952,,205,,Sold,,,https://www.redfin.com/MD/Elkridge/6693-Old-Waterloo-Rd-21075/home/9899197,BRIGHT MLS,MDHW2029502,N,Y,39.1870486,-76.7889445
PAST SALE,September-20-2023,Townhouse,7527 Rain Flower Way,Columbia,MD,21046,350000,3,2.0,MURRAY HILL,1400,1500,1983,,250,50,Sold,,,https://www.redfin.com/MD/Columbia/7527-Rain-Flower-Way-21046/home/9993601,BRIGHT MLS,MDHW2031124,N,Y,39.1648956,-76.8514767
PAST SALE,July-27-2023,Single Family Residential,6589 Robin Song,Columbia,MD,21045,487000,3,2.0,VILLAGE OF OWEN BROWN,1788,7964,1976,,272,80,Sold,,,https://www.redfin.com/MD/Columbia/6589-Robin-Song-21045/home/9971083,BRIGHT MLS,MDHW2029024,N,Y,39.1904432,-76.8299978
PAST SALE,June-30-2023,Single Family Residential,9516 Twilight Ct,Columbia,MD,21046,615000,4,3.0,MAPLESIDE,2440,5488,1992,,252,,Sold,,,https://www.redfin.com/MD/Columbia/9516-Twilight-Ct-21046/home/10004728,BRIGHT MLS,MDHW2028184,N,Y,39.1617376,-76.8269779
PAST SALE,August-23-2023,Townhouse,5691 Phelps Luck Dr,Columbia,MD,21045,475000,3,2.5,VILLAGE OF LONG REACH,2217,1524,1977,,214,97,Sold,,,https://www.redfin.com/MD/Columbia/5691-Phelps-Luck-Dr-21045/home/9976608,BRIGHT MLS,MDHW2031368,N,Y,39.2145715,-76.8208116
PAST SALE,August-31-2023,Townhouse,11746 Lone Tree Ct,Columbia,MD,21044,468000,3,3.0,HICKORY RIDGE,2028,,1985,,231,145,Sold,,,https://www.redfin.com/MD/Columbia/11746-Lone-Tree-Ct-21044/home/9928020,BRIGHT MLS,MDHW2031388,N,Y,39.2075708,-76.8990252
PAST SALE,August-10-2023,Single Family Residential,6382 Lookinglass Ln,Columbia,MD,21045,500000,3,2.5,VILLAGE OF OWEN BROWN,1416,9670,1977,,353,87,Sold,,,https://www.redfin.com/MD/Columbia/6382-Lookinglass-Ln-21045/home/9960210,BRIGHT MLS,MDHW2030062,N,Y,39.1971936,-76.8359452
PAST SALE,August-3-2023,Townhouse,11207 Avalanche Way Unit B 3-2,Columbia,MD,21044,300000,3,1.5,SIERRA VILLAS,1064,,1976,,282,390,Sold,,,https://www.redfin.com/MD/Columbia/11207-Avalanche-Way-21044/unit-B/home/143530529,BRIGHT MLS,MDHW2030202,N,Y,39.2116146,-76.8878013
PAST SALE,April-28-2023,Single Family Residential,6413 Snowman Ct,Columbia,MD,21045,485000,3,2.0,VILLAGE OF OWEN BROWN,1560,12458,1977,,311,96,Sold,,,https://www.redfin.com/MD/Columbia/6413-Snowman-Ct-21045/home/9970916,BRIGHT MLS,MDHW2026234,N,Y,39.1989685,-76.8368012
PAST SALE,June-12-2023,Townhouse,11529 Little Patuxent Pkwy,Columbia,MD,21044,418000,3,3.0,HICKORY RIDGE,2101,1742,1984,,199,39,Sold,,,https://www.redfin.com/MD/Columbia/11529-Little-Patuxent-Pkwy-21044/home/9925836,BRIGHT MLS,MDHW2026848,N,Y,39.2066957,-76.8945416
PAST SALE,June-6-2023,Townhouse,5623 Vantage Point Rd,Columbia,MD,21044,437419,3,2.5,WATERS EDGE,1951,,1976,,224,246,Sold,,,https://www.redfin.com/MD/Columbia/5623-Vantage-Point-Rd-21044/home/9918344,BRIGHT MLS,MDHW2028198,N,Y,39.2217421,-76.8529596
PAST SALE,April-28-2023,Townhouse,7313 Rocky Creek Dr #13,Columbia,MD,21046,540000,3,3.0,CLARKS CROSSING,2300,,1996,,235,250,Sold,,,https://www.redfin.com/MD/Columbia/7313-Rocky-Creek-Dr-21046/unit-13/home/10200559,BRIGHT MLS,MDHW2024886,N,Y,39.1706954,-76.8807237
PAST SALE,May-18-2023,Single Family Residential,6630 Seneca Dr,Columbia,MD,21046,580000,5,3.5,ALLVIEW ESTATES,3025,22912,1964,,192,,Sold,,,https://www.redfin.com/MD/Columbia/6630-Seneca-Dr-21046/home/10160190,BRIGHT MLS,MDHW2026222,N,Y,39.1892916,-76.8645965
PAST SALE,May-8-2023,Townhouse,11117 Slalom Ln Unit 11-2,Columbia,MD,21044,370000,3,2.5,BARNSIDE,2366,,1979,,156,259,Sold,,,https://www.redfin.com/MD/Columbia/11117-Slalom-Ln-21044/unit-11-2/home/9920953,BRIGHT MLS,MDHW2026660,N,Y,39.213332,-76.889364
PAST SALE,April-28-2023,Townhouse,5602 Freshaire Ln,Columbia,MD,21044,376000,3,2.5,MERION STATION,1675,,1972,,224,20,Sold,,,https://www.redfin.com/MD/Columbia/5602-Freshaire-Ln-21044/home/9906954,BRIGHT MLS,MDHW2026454,N,Y,39.2170736,-76.8850785
PAST SALE,September-22-2023,Townhouse,10036-B American Pharoah Ln #84,Laurel,MD,20723,499000,3,2.5,PADDOCK POINTE,2540,,2022,,196,225,Sold,,,https://www.redfin.com/MD/Laurel/10036-American-Pharoah-Ln-20723/unit-84/home/184788882,BRIGHT MLS,MDHW2031516,N,Y,39.161183,-76.830521
PAST SALE,May-23-2023,Single Family Residential,6271 Dusty Glass,Columbia,MD,21044,582000,4,2.5,VILLAGE OF HICKORY RIDGE,2784,7492,1977,,209,118,Sold,,,https://www.redfin.com/MD/Columbia/6271-Dusty-Glass-Ct-21044/home/9919384,BRIGHT MLS,MDHW2026900,N,Y,39.1998407,-76.8814418
PAST SALE,August-18-2023,Townhouse,6028 Wild Ginger Ct,Columbia,MD,21044,388000,3,2.5,VILLAGE OF HICKORY RIDGE,1780,1611,1985,,218,91,Sold,,,https://www.redfin.com/MD/Columbia/6028-Wild-Ginger-Ct-21044/home/9926307,BRIGHT MLS,MDHW2030108,N,Y,39.2074464,-76.8926159
PAST SALE,August-17-2023,Single Family Residential,11418 High Hay Dr,Columbia,MD,21044,735000,4,3.0,HOBBITS GLEN,3109,23660,1969,,236,122,Sold,,,https://www.redfin.com/MD/Columbia/11418-High-Hay-Dr-21044/home/9915381,BRIGHT MLS,MDHW2030220,N,Y,39.2217007,-76.9036885
PAST SALE,October-5-2023,Townhouse,6912 Knighthood Ln,Columbia,MD,21045,391000,3,3.0,VILLAGE OF OWEN BROWN,1774,1350,1975,,220,111,Sold,,,https://www.redfin.com/MD/Columbia/6912-Knighthood-Ln-21045/home/9959464,BRIGHT MLS,MDHW2032016,N,Y,39.1934141,-76.8393715
PAST SALE,July-27-2023,Single Family Residential,6425 Skyward Ct,Columbia,MD,21045,566000,4,2.5,VILLAGE OF OWEN BROWN,2510,8842,1977,,225,95,Sold,,,https://www.redfin.com/MD/Columbia/6425-Skyward-Ct-21045/home/9970664,BRIGHT MLS,MDHW2029406,N,Y,39.1971683,-76.8385133
PAST SALE,May-31-2023,Single Family Residential,5214 Eliots Oak Rd,Columbia,MD,21044,425000,4,2.5,LONGFELLOW,1870,13071,1968,,227,99,Sold,,,https://www.redfin.com/MD/Columbia/5214-Eliots-Oak-Rd-21044/home/9901518,BRIGHT MLS,MDHW2027950,N,Y,39.2281769,-76.8838288
PAST SALE,May-19-2023,Single Family Residential,5357 Mad River Ln,Columbia,MD,21044,542000,6,3.0,Columbia,1409,10045,1969,,385,,Sold,,,https://www.redfin.com/MD/Columbia/5357-Mad-River-Ln-21044/home/9908724,BRIGHT MLS,MDHW2026378,N,Y,39.2276501,-76.8771181
PAST SALE,June-5-2023,Single Family Residential,6148 Llanfair Dr,Columbia,MD,21044,850000,4,4.0,OWEN BROWN WOODS,3272,17424,1980,,260,,Sold,,,https://www.redfin.com/MD/Columbia/6148-Llanfair-Dr-21044/home/10129616,BRIGHT MLS,MDHW2027846,N,Y,39.2044073,-76.8747535
PAST SALE,September-7-2023,Townhouse,10704 Shady Summer Dr #8,Columbia,MD,21044,510000,2,2.0,HICKORY CREST,2133,,2002,,239,239,Sold,,,https://www.redfin.com/MD/Columbia/10704-Shady-Summer-Dr-21044/unit-8/home/10212671,BRIGHT MLS,MDHW2031484,N,Y,39.1978715,-76.8809771
PAST SALE,May-30-2023,Townhouse,9044 Moving Water Ln,Columbia,MD,21046,435000,4,3.5,VILLAGE OF KINGS CONTRIVANCE,1882,1334,1984,,231,50,Sold,,,https://www.redfin.com/MD/Columbia/9044-Moving-Water-Ln-21046/home/9994521,BRIGHT MLS,MDHW2027254,N,Y,39.1643832,-76.8541571
PAST SALE,May-5-2023,Townhouse,9054 Watchlight Ct,Columbia,MD,21045,331000,3,2.0,JEFFERS HILL,1395,1393,1972,,237,65,Sold,,,https://www.redfin.com/MD/Columbia/9054-Watchlight-Ct-21045/home/9958573,BRIGHT MLS,MDHW2026882,N,Y,39.2026401,-76.8210376
PAST SALE,July-28-2023,Single Family Residential,5102 Starsplit Ln,Columbia,MD,21044,545000,4,3.0,WILDE LAKE,2140,14091,1969,,255,110,Sold,,,https://www.redfin.com/MD/Columbia/5102-Starsplit-Ln-21044/home/9905921,BRIGHT MLS,MDHW2029246,N,Y,39.2313907,-76.8613082
PAST SALE,June-9-2023,Townhouse,10807 Warfield Pl #208,Columbia,MD,21044,400000,2,2.0,THE WHITNEY TOWN CENTER,1474,,2000,,271,405,Sold,,,https://www.redfin.com/MD/Columbia/10807-Warfield-Pl-21044/unit-208/home/10205090,BRIGHT MLS,MDHW2027448,N,Y,39.2141524,-76.8688854
PAST SALE,August-4-2023,Single Family Residential,5714 Margrave Mews,Columbia,MD,21045,525000,4,2.5,Columbia,1781,9692,1972,,295,89,Sold,,,https://www.redfin.com/MD/Columbia/5714-Margrave-Mews-21045/home/9954501,BRIGHT MLS,MDHW2029496,N,Y,39.2150826,-76.8168406
PAST SALE,May-9-2023,Single Family Residential,10367 Cullen Ter,Columbia,MD,21044,515000,4,3.5,BRYANT WOODS,2639,10708,1969,,195,126,Sold,,,https://www.redfin.com/MD/Columbia/10367-Cullen-Ter-21044/home/9909733,BRIGHT MLS,MDHW2027012,N,Y,39.2200239,-76.8676594
PAST SALE,June-7-2023,Single Family Residential,5986 Jacobs Ladder,Columbia,MD,21045,646000,5,3.5,VILLAGE OF OWEN BROWN,2296,13613,1971,,281,81,Sold,,,https://www.redfin.com/MD/Columbia/5986-Jacobs-Ladder-21045/home/9957401,BRIGHT MLS,MDHW2028130,N,Y,39.2064816,-76.8488976
PAST SALE,May-31-2023,Single Family Residential,8807 Drystraw Dr,Columbia,MD,21045,488000,4,3.0,VILLAGE OF LONG REACH,2140,8900,1973,,228,100,Sold,,,https://www.redfin.com/MD/Columbia/8807-Drystraw-Dr-21045/home/9958037,BRIGHT MLS,MDHW2027298,N,Y,39.2160812,-76.8158042
PAST SALE,September-11-2023,Townhouse,7533 Broken Staff,Columbia,MD,21045,530000,4,3.5,VILLAGE OF OWEN BROWN,2114,1960,1979,,251,82,Sold,,,https://www.redfin.com/MD/Columbia/7533-Broken-Staff-21045/home/9981988,BRIGHT MLS,MDHW2032066,N,Y,39.1836385,-76.8469909
PAST SALE,May-12-2023,Townhouse,7283 Procopio Cir,Columbia,MD,21046,375000,3,2.0,OAK VIEW VILLAGE,1545,1698,1985,,243,46,Sold,,,https://www.redfin.com/MD/Columbia/7283-Procopio-Cir-21046/home/10174149,BRIGHT MLS,MDHW2026954,N,Y,39.1730227,-76.828602
PAST SALE,August-4-2023,Townhouse,9585 Sea Shadow,Columbia,MD,21046,465000,4,3.0,HUNTINGTON,1877,1742,1982,,248,77,Sold,,,https://www.redfin.com/MD/Columbia/9585-Sea-Shadow-21046/home/9990427,BRIGHT MLS,MDHW2029602,N,Y,39.1615813,-76.844198
PAST SALE,October-20-2023,Single Family Residential,5029 Broken Oak Ln,Columbia,MD,21044,480000,4,2.5,LONGFELLOW,1940,16115,1971,,247,108,Sold,,,https://www.redfin.com/MD/Columbia/5029-Broken-Oak-Ln-21044/home/9916903,BRIGHT MLS,MDHW2031902,N,Y,39.2332679,-76.8801807
PAST SALE,July-5-2023,Single Family Residential,8581 Davis Rd,Columbia,MD,21045,712500,4,3.5,LONG MEADOW II,3208,9147,1992,,222,25,Sold,,,https://www.redfin.com/MD/Columbia/8581-Davis-Rd-21045/home/10193021,BRIGHT MLS,MDHW2028336,N,Y,39.215788,-76.8111628
PAST SALE,July-20-2023,Townhouse,10539 Tolling Clock Way,Columbia,MD,21044,430000,3,2.5,VILLAGE OF WILDE LAKE,2153,,1969,,200,41,Sold,,,https://www.redfin.com/MD/Columbia/10539-Tolling-Clock-Way-21044/home/9901457,BRIGHT MLS,MDHW2029764,N,Y,39.2223878,-76.8770843
PAST SALE,May-4-2023,Townhouse,5239 Columbia Rd Unit 5 70,Columbia,MD,21044,500000,4,2.5,FORSGATE,2320,,1990,,216,402,Sold,,,https://www.redfin.com/MD/Columbia/5239-Columbia-Rd-21044/unit-570/home/9936077,BRIGHT MLS,MDHW2026348,N,Y,39.2350737,-76.8424693
PAST SALE,September-8-2023,Single Family Residential,12550 Vincents Way,Clarksville,MD,21029,1160000,4,4.5,ENCLAVE AT RIVER HILL,4232,6405,2018,,274,87,Sold,,,https://www.redfin.com/MD/Clarksville/12550-Vincents-Way-21029/home/144922178,BRIGHT MLS,MDHW2030830,N,Y,39.1998123,-76.9415076
PAST SALE,May-2-2023,Townhouse,8939 Footed Rdg,Columbia,MD,21045,305000,3,2.0,JEFFERS GLEN,1395,1332,1972,,219,65,Sold,,,https://www.redfin.com/MD/Columbia/8939-Footed-Rdg-21045/home/9973763,BRIGHT MLS,MDHW2027356,N,Y,39.2036831,-76.8209394
PAST SALE,August-11-2023,Single Family Residential,12127 Red Stream Way,Columbia,MD,21044,775000,5,3.0,HICKORY RIDGE,2626,13979,1986,,295,140,Sold,,,https://www.redfin.com/MD/Columbia/12127-Red-Stream-Way-21044/home/9928796,BRIGHT MLS,MDHW2029116,N,Y,39.2136658,-76.897812
PAST SALE,June-22-2023,Single Family Residential,7408 Pink Wood,Columbia,MD,21046,672000,4,2.5,VILLAGE OF KINGS CONTRIVANCE,2582,9174,1985,,260,119,Sold,,,https://www.redfin.com/MD/Columbia/7408-Pink-Wood-21046/home/9989789,BRIGHT MLS,MDHW2028214,N,Y,39.1672234,-76.8748907
PAST SALE,May-5-2023,Townhouse,9632 Lambeth Ct,Columbia,MD,21046,330000,2,2.5,GLENSHIRE TOWNE,1355,2221,1985,,244,54,Sold,,,https://www.redfin.com/MD/Columbia/9632-Lambeth-Ct-21046/home/10178250,BRIGHT MLS,MDHW2026532,N,Y,39.1611738,-76.8226995
PAST SALE,May-31-2023,Townhouse,5615 Suffield Ct,Columbia,MD,21044,447500,3,2.5,SCARBOROUGH,2206,2787,1982,,203,246,Sold,,,https://www.redfin.com/MD/Columbia/5615-Suffield-Ct-21044/home/10130931,BRIGHT MLS,MDHW2027634,N,Y,39.2194062,-76.8923636
PAST SALE,May-29-2023,Single Family Residential,10174 Pasture Gate Ln,Columbia,MD,21044,880000,4,2.5,VILLAGE OF WILDE LAKE,3461,11935,1968,,254,,Sold,,,https://www.redfin.com/MD/Columbia/10174-Pasture-Gate-Ln-21044/home/9916948,BRIGHT MLS,MDHW2026726,N,Y,39.2261312,-76.8657451
PAST SALE,September-29-2023,Townhouse,7076 Melting Shadows Ln,Columbia,MD,21045,365000,3,1.5,VILLAGE OF OWEN BROWN,1550,3267,1979,,235,37,Sold,,,https://www.redfin.com/MD/Columbia/7076-Melting-Shadows-Ln-21045/home/9982421,BRIGHT MLS,MDHW2032286,N,Y,39.1890972,-76.8412722
PAST SALE,September-28-2023,Townhouse,6012 Drum Taps Ct Unit A3-48,Clarksville,MD,21029,681000,4,3.5,RIVER HILL,1940,,2002,,351,315,Sold,,,https://www.redfin.com/MD/Clarksville/6012-Drum-Taps-Ct-21029/unit-A3-48/home/10213215,BRIGHT MLS,MDHW2031968,N,Y,39.208795,-76.934507
PAST SALE,July-12-2023,Single Family Residential,6311 Summercrest Dr,Columbia,MD,21045,600000,5,3.5,SEWELLS ORCHARD,3028,10759,1983,,198,26,Sold,,,https://www.redfin.com/MD/Columbia/6311-Summercrest-Dr-21045/home/10167367,BRIGHT MLS,MDHW2028584,N,Y,39.2003015,-76.83171
PAST SALE,June-30-2023,Townhouse,8714 Endless Ocean Way #3,Columbia,MD,21045,680000,4,3.5,VILLAS AT SNOWDEN OVERLOOK,3673,,2005,,185,512,Sold,,,https://www.redfin.com/MD/Columbia/8714-Endless-Ocean-Way-21045/unit-3/home/10225691,BRIGHT MLS,MDHW2028138,N,Y,39.1909876,-76.8053015
PAST SALE,June-20-2023,Townhouse,5741 Thunder Hill Rd,Columbia,MD,21045,322000,3,1.5,VILLAGE OF OAKLAND MILLS,1248,1263,1973,,258,98,Sold,,,https://www.redfin.com/MD/Columbia/5741-Thunder-Hill-Rd-21045/home/9976436,BRIGHT MLS,MDHW2027548,N,Y,39.2129883,-76.8409648
PAST SALE,May-12-2023,Single Family Residential,6461 Sundown Trl,Columbia,MD,21044,1330000,6,3.5,RIVER HILL,5492,19330,1999,,242,246,Sold,,,https://www.redfin.com/MD/Columbia/6461-Sundown-Trl-21044/home/9945598,BRIGHT MLS,MDHW2027386,N,Y,39.2002612,-76.9117485
PAST SALE,May-12-2023,Townhouse,6707 Green Mill Way,Columbia,MD,21044,607000,3,3.0,SIMPSON MILL,2476,1620,2013,,245,71,Sold,,,https://www.redfin.com/MD/Columbia/6707-Green-Mill-Way-21044/unit-WAV/home/51690712,BRIGHT MLS,MDHW2026654,N,Y,39.1864657,-76.8927906
PAST SALE,June-5-2023,Single Family Residential,9505 Pamplona Rd,Columbia,MD,21045,603000,3,3.0,STEVENS FOREST,1648,12397,1971,,366,101,Sold,,,https://www.redfin.com/MD/Columbia/9505-Pamplona-Rd-21045/home/9962714,BRIGHT MLS,MDHW2027146,N,Y,39.2061904,-76.8423427
PAST SALE,October-12-2023,Single Family Residential,5368 Red Lake Ct,Columbia,MD,21045,531000,3,2.0,VILLAGE OF LONG REACH,1859,8497,1971,,286,78,Sold,,,https://www.redfin.com/MD/Columbia/5368-Red-Lake-Ct-21045/home/9972779,BRIGHT MLS,MDHW2032532,N,Y,39.2243719,-76.8157141
PAST SALE,August-14-2023,Townhouse,6051 Cedar Wood Dr,Columbia,MD,21044,425000,3,2.0,CEDAR ACRES,1840,2265,1986,,231,50,Sold,,,https://www.redfin.com/MD/Columbia/6051-Cedar-Wood-Dr-21044/home/10132156,BRIGHT MLS,MDHW2030252,N,Y,39.2041703,-76.8881563
PAST SALE,July-25-2023,Single Family Residential,7421 Sandalfoot Way,Columbia,MD,21046,700000,4,3.5,KINGS CONTRIVANCE,3492,11848,1985,,200,139,Sold,,,https://www.redfin.com/MD/Columbia/7421-Sandalfoot-Way-21046/home/9989698,BRIGHT MLS,MDHW2028716,N,Y,39.1663105,-76.8749562
PAST SALE,June-22-2023,Townhouse,8804 Endless Ocean Way #76,Columbia,MD,21045,660000,4,4.0,KENDALL OVERLOOK CONDOMINIUMS,3980,,2005,,166,529,Sold,,,https://www.redfin.com/MD/Columbia/8804-Endless-Ocean-Way-21045/unit-76/home/10225731,BRIGHT MLS,MDHW2028132,N,Y,39.1920557,-76.8061014
PAST SALE,June-15-2023,Single Family Residential,10609 Judy Ln,Columbia,MD,21044,820000,5,3.5,RIVERS EDGE,3710,33192,1986,,221,,Sold,,,https://www.redfin.com/MD/Columbia/10609-Judy-Ln-21044/home/10131897,BRIGHT MLS,MDHW2027754,N,Y,39.1759098,-76.881712
PAST SALE,August-31-2023,Townhouse,6120 Little Foxes Run,Columbia,MD,21045,455000,3,3.5,Columbia,1562,1655,1991,,291,38,Sold,,,https://www.redfin.com/MD/Columbia/6120-Little-Foxes-Run-21045/home/10004216,BRIGHT MLS,MDHW2029722,N,Y,39.2043099,-76.8059095
PAST SALE,June-23-2023,Townhouse,6548 Overheart Ln,Columbia,MD,21045,395000,4,2.5,VILLAGE OF OWEN BROWN,1824,2221,1974,,217,58,Sold,,,https://www.redfin.com/MD/Columbia/6548-Overheart-Ln-21045/home/9957181,BRIGHT MLS,MDHW2028578,N,Y,39.1924993,-76.8474845
PAST SALE,June-30-2023,Townhouse,9293 Lapwing Ct,Columbia,MD,21045,415000,3,2.5,HAWKINS FARM,1673,1606,1973,,248,,Sold,,,https://www.redfin.com/MD/Columbia/9293-Lapwing-Ct-21045/home/9975782,BRIGHT MLS,MDHW2028404,N,Y,39.2089166,-76.8284779
PAST SALE,August-11-2023,Single Family Residential,6244 Tamar Dr,Columbia,MD,21045,560000,4,3.0,Columbia,1548,9979,1972,,362,95,Sold,,,https://www.redfin.com/MD/Columbia/6244-Tamar-Dr-21045/home/9958711,BRIGHT MLS,MDHW2030630,N,Y,39.2002501,-76.8274296
PAST SALE,July-20-2023,Single Family Residential,6401 Enchanted Solitude Pl,Columbia,MD,21044,925000,5,3.5,VILLAGE OF RIVER HILL,4146,10712,1995,,223,199,Sold,,,https://www.redfin.com/MD/Columbia/6401-Enchanted-Solitude-Pl-21044/home/9939978,BRIGHT MLS,MDHW2027770,N,Y,39.1975713,-76.9140695
PAST SALE,September-13-2023,Townhouse,6936 Knighthood Ln,Columbia,MD,21045,401000,4,2.5,VILLAGE OF OWEN BROWN,2182,,1975,,184,110,Sold,,,https://www.redfin.com/MD/Columbia/6936-Knighthood-Ln-21045/home/9959771,BRIGHT MLS,MDHW2031318,N,Y,39.1931091,-76.8398069
PAST SALE,August-25-2023,Townhouse,9132 Lambskin Ln,Columbia,MD,21045,340000,4,2.5,VILLAGE OF LONG REACH,1365,1219,1978,,249,33,Sold,,,https://www.redfin.com/MD/Columbia/9132-Lambskin-Ln-21045/home/9980772,BRIGHT MLS,MDHW2030040,N,Y,39.209017,-76.820378
PAST SALE,September-27-2023,Townhouse,9487 Clocktower Ln,Columbia,MD,21046,440000,3,2.5,VILLAGE OF KINGS CONTRIVANCE,1992,1785,1984,,221,100,Sold,,,https://www.redfin.com/MD/Columbia/9487-Clocktower-Ln-21046/home/9988467,BRIGHT MLS,MDHW2031872,N,Y,39.1640289,-76.8433846
PAST SALE,May-12-2023,Townhouse,9015 Early April Way,Columbia,MD,21046,432000,4,3.5,VILLAGE OF KINGS CONTRIVANCE,2285,1560,1983,,189,50,Sold,,,https://www.redfin.com/MD/Columbia/9015-Early-April-Way-21046/home/9994380,BRIGHT MLS,MDHW2027042,N,Y,39.164816,-76.855801
PAST SALE,October-20-2023,Single Family Residential,6513 Kells Ct,Clarksville,MD,21029,1197000,5,5.0,CLARKS GLEN,3540,13512,1997,,338,21,Sold,,,https://www.redfin.com/MD/Clarksville/6513-Kells-Ct-21029/home/10142168,BRIGHT MLS,MDHW2032664,N,Y,39.2005533,-76.9350252
PAST SALE,June-1-2023,Single Family Residential,6625 Windsor Ct,Columbia,MD,21044,560000,3,2.5,CLEMENS CROSSING,1624,8407,1983,,345,,Sold,,,https://www.redfin.com/MD/Columbia/6625-Windsor-Ct-21044/home/10130278,BRIGHT MLS,MDHW2026658,N,Y,39.1895644,-76.8743256
PAST SALE,June-22-2023,Townhouse,5431 Tilted Stone,Columbia,MD,21045,421250,3,2.5,LONG REACH,1656,1822,1977,,254,98,Sold,,,https://www.redfin.com/MD/Columbia/5431-Tilted-Stone-21045/home/9968351,BRIGHT MLS,MDHW2027776,N,Y,39.2225048,-76.8209365
PAST SALE,July-7-2023,Townhouse,5404 El Camino Unit 2 D,Columbia,MD,21044,330000,3,2.5,VILLAGE OF HARPERS CHOICE,1629,,1974,,203,487,Sold,,,https://www.redfin.com/MD/Columbia/5404-El-Camino-21044/unit-2D/home/9903807,BRIGHT MLS,MDHW2028838,N,Y,39.2230849,-76.8916669
PAST SALE,September-25-2023,Townhouse,7158 Natures Rd,Columbia,MD,21046,418500,3,2.5,SNOWDEN RIDGE,1860,1500,1997,,225,42,Sold,,,https://www.redfin.com/MD/Columbia/7158-Natures-Rd-21046/home/10200179,BRIGHT MLS,MDHW2031944,N,Y,39.1775102,-76.8245118
PAST SALE,July-24-2023,Single Family Residential,5367 Flight Feather,Columbia,MD,21045,555000,3,2.0,VILLAGE OF LONG REACH,1859,7790,1972,,299,99,Sold,,,https://www.redfin.com/MD/Columbia/5367-Flight-Feather-21045/home/9974730,BRIGHT MLS,MDHW2029516,N,Y,39.2252332,-76.8169761
PAST SALE,October-12-2023,Townhouse,8913 Footed Rdg,Columbia,MD,21045,377000,3,2.0,JEFFERS GLEN,1566,1205,1972,,241,65,Sold,,,https://www.redfin.com/MD/Columbia/8913-Footed-Rdg-21045/home/9976415,BRIGHT MLS,MDHW2031746,N,Y,39.2034658,-76.8204198
PAST SALE,May-19-2023,Townhouse,8873 Spiral Cut,Columbia,MD,21045,255000,3,1.5,VILLAGE OF LONG REACH,1256,,1975,,203,362,Sold,,,https://www.redfin.com/MD/Columbia/8873-Spiral-Cut-21045/home/184774514,BRIGHT MLS,MDHW2026422,N,Y,39.210457,-76.8184288
PAST SALE,June-27-2023,Single Family Residential,9512 Twilight Ct,Columbia,MD,21046,668000,3,3.5,MAPLESIDE,2735,6577,1992,,244,,Sold,,,https://www.redfin.com/MD/Columbia/9512-Twilight-Ct-21046/home/10004725,BRIGHT MLS,MDHW2028658,N,Y,39.1618687,-76.8270649
PAST SALE,July-7-2023,Townhouse,5725 Cedar Ln,Columbia,MD,21044,365000,3,2.0,VILLAGE OF HARPERS CHOICE,1040,3173,1981,,351,51,Sold,,,https://www.redfin.com/MD/Columbia/5725-Cedar-Ln-21044/home/9922464,BRIGHT MLS,MDHW2027506,N,Y,39.2156626,-76.8869818
PAST SALE,June-21-2023,Single Family Residential,6372 Barefoot Boy,Columbia,MD,21045,550000,4,2.5,VILLAGE OF OWEN BROWN,2376,6741,1973,,231,104,Sold,,,https://www.redfin.com/MD/Columbia/6372-Barefoot-Boy-21045/home/9951378,BRIGHT MLS,MDHW2028070,N,Y,39.1971306,-76.8444602
PAST SALE,July-21-2023,Single Family Residential,6222 Satinwood Dr,Columbia,MD,21044,475000,3,2.0,HICKORY RIDGE,1601,7781,1978,,297,111,Sold,,,https://www.redfin.com/MD/Columbia/6222-Satinwood-Dr-21044/home/9919667,BRIGHT MLS,MDHW2030328,N,Y,39.2050305,-76.8842341
PAST SALE,September-25-2023,Single Family Residential,9650 Sandlight Ct,Columbia,MD,21046,558000,4,2.5,KINGS CONTRIVANCE,2328,11623,1979,,240,121,Sold,,,https://www.redfin.com/MD/Columbia/9650-Sandlight-Ct-21046/home/9984510,BRIGHT MLS,MDHW2027276,N,Y,39.1644944,-76.8422977
PAST SALE,August-21-2023,Townhouse,9192 Carriage House Ln #39,Columbia,MD,21045,450000,3,2.5,THE GABLES,2241,16552,1994,,201,372,Sold,,,https://www.redfin.com/MD/Columbia/9192-Carriage-House-Ln-21045/unit-39/home/10006131,BRIGHT MLS,MDHW2030232,N,Y,39.2088898,-76.8270526
PAST SALE,September-6-2023,Single Family Residential,6269 Gay Topaz,Columbia,MD,21045,505000,5,3.5,VILLAGE OF OWEN BROWN,2747,15062,1974,,184,125,Sold,,,https://www.redfin.com/MD/Columbia/6269-Gay-Topaz-21045/home/9954332,BRIGHT MLS,MDHW2030778,N,Y,39.197037,-76.8488751
PAST SALE,September-28-2023,Townhouse,6025 Weekend Way #43,Columbia,MD,21044,400000,3,2.5,COLUMBIA TOWN CENTER,1720,,1993,,233,250,Sold,,,https://www.redfin.com/MD/Columbia/6025-Weekend-Way-21044/unit-43/home/9939525,BRIGHT MLS,MDHW2031880,N,Y,39.2103692,-76.8695831
PAST SALE,October-13-2023,Townhouse,10596 Jason Ct,Columbia,MD,21044,350000,3,3.0,WILDE LAKE,1734,3527,1968,,202,41,Sold,,,https://www.redfin.com/MD/Columbia/10596-Jason-Ct-21044/home/9902356,BRIGHT MLS,MDHW2032166,N,Y,39.2210922,-76.8777852
PAST SALE,July-6-2023,Single Family Residential,6221 Light Point Pl,Columbia,MD,21045,605000,4,2.5,MARBELLA II,2918,6359,1984,,207,34,Sold,,,https://www.redfin.com/MD/Columbia/6221-Light-Point-Pl-21045/home/10164945,BRIGHT MLS,MDHW2029188,N,Y,39.2014627,-76.8362833
PAST SALE,October-6-2023,Townhouse,10557 Tolling Clock Way,Columbia,MD,21044,390000,3,2.5,VILLAGE OF WILDE LAKE,1734,8712,1969,,225,42,Sold,,,https://www.redfin.com/MD/Columbia/10557-Tolling-Clock-Way-21044/home/9906138,BRIGHT MLS,MDHW2032344,N,Y,39.2228124,-76.8777064
PAST SALE,September-13-2023,Townhouse,5730 Thunder Hill Rd,Columbia,MD,21045,328000,3,2.0,VILLAGE OF OAKLAND MILLS,1248,,1973,,263,98,Sold,,,https://www.redfin.com/MD/Columbia/5730-Thunder-Hill-Rd-21045/home/9975698,BRIGHT MLS,MDHW2031366,N,Y,39.2137844,-76.8420552
PAST SALE,May-8-2023,Townhouse,8833 Goose Landing Cir W #0,Columbia,MD,21045,465000,3,3.0,COLUMBIA PARK,1810,,1997,,257,120,Sold,,,https://www.redfin.com/MD/Columbia/8833-Goose-Landing-Cir-21045/home/10077522,BRIGHT MLS,MDHW2027000,N,Y,39.2321608,-76.8168249
PAST SALE,September-22-2023,Single Family Residential,8523 Hayshed Ln,Columbia,MD,21045,510000,4,2.5,LONG REACH,1930,8810,1978,,264,93,Sold,,,https://www.redfin.com/MD/Columbia/8523-Hayshed-Ln-21045/home/9983003,BRIGHT MLS,MDHW2031248,N,Y,39.2135485,-76.8076478
PAST SALE,July-14-2023,Single Family Residential,7275 Steamerbell Row,Columbia,MD,21045,525000,3,2.5,OWEN BROWN ESTATES,1902,8058,1983,,276,105,Sold,,,https://www.redfin.com/MD/Columbia/7275-Steamerbell-Row-21045/home/9988175,BRIGHT MLS,MDHW2029256,N,Y,39.1806139,-76.846253
PAST SALE,August-15-2023,Single Family Residential,6820 Creekwood Ct,Clarksville,MD,21029,950000,5,3.5,CLARKSVILLE HUNT,4318,10430,2000,,220,49,Sold,,,https://www.redfin.com/MD/Clarksville/6820-Creekwood-Ct-21029/home/10146012,BRIGHT MLS,MDHW2029328,N,Y,39.1830564,-76.8963935
