PAST SALE,June-14-2023,Single Family Residential,8537 High Ridge Rd,Ellicott City,MD,21043,615000,4,2.5,NORMANDY HEIGHTS,2350,22041,1966,,262,,Sold,,,https://www.redfin.com/MD/Ellicott-City/8537-High-Ridge-Rd-21043/home/10015330,BRIGHT MLS,MDHW2027812,N,Y,39.2901873,-76.8084589
PAST SALE,July-31-2023,Single Family Residential,2754 Thornbrook Rd,Ellicott City,MD,21042,865200,4,3.5,Ellicott City,3400,14200,1992,,254,,Sold,,,https://www.redfin.com/MD/Ellicott-City/2754-Thornbrook-Rd-21042/home/10064577,BRIGHT MLS,MDHW2029780,N,Y,39.3087066,-76.8406307
PAST SALE,September-25-2023,Townhouse,4750 Dorsey Hall Dr #2,Ellicott City,MD,21042,325000,3,2.5,DORSEY HALL,1220,,1989,,266,409,Sold,,,https://www.redfin.com/MD/Ellicott-City/4750-Dorsey-Hall-Dr-21042/unit-2/home/10060212,BRIGHT MLS,MDHW2032192,N,Y,39.2439621,-76.8409826
PAST SALE,July-14-2023,Single Family Residential,2518 Mckenzie Rd,Ellicott City,MD,21042,620000,4,3.5,MCKENZIE MEADOWS,1932,28749,1985,,321,,Sold,,,https://www.redfin.com/MD/Ellicott-City/2518-McKenzie-Rd-21042/home/10035562,BRIGHT MLS,MDHW2029022,N,Y,39.3013262,-76.8464875
PAST SALE,October-16-2023,Single Family Residential,9641 Longview Dr,Ellicott City,MD,21042,700000,4,2.5,VALLEY MEDE,2905,20386,1966,,241,,Sold,,,https://www.redfin.com/MD/Ellicott-City/9641-Longview-Dr-21042/home/10025980,BRIGHT MLS,MDHW2031900,N,Y,39.2825389,-76.8477939
PAST SALE,July-24-2023,Townhouse,4908 Rushing River Dr,Ellicott City,MD,21043,685000,3,3.5,AUTUMN RIVER,2960,3293,2014,,231,65,Sold,,,https://www.redfin.com/MD/Ellicott-City/4908-Rushing-River-Dr-21043/home/108437007,BRIGHT MLS,MDHW2028632,N,Y,39.2583601,-76.7901559
PAST SALE,June-9-2023,Single Family Residential,4922 Good Hours Pl,Columbia,MD,21044,585000,5,3.0,Columbia,1831,13634,1972,,319,114,Sold,,,https://www.redfin.com/MD/Columbia/4922-Good-Hours-Pl-21044/home/9911263,BRIGHT MLS,MDHW2025558,N,Y,39.2372387,-76.8604524
PAST SALE,July-20-2023,Single Family Residential,8458 Rolling Ridge Ct,Ellicott City,MD,21043,650000,5,2.5,Ellicott City,2975,54450,1975,,218,,Sold,,,https://www.redfin.com/MD/Ellicott-City/8458-Rolling-Ridge-Ct-21043/home/10027365,BRIGHT MLS,MDHW2029158,N,Y,39.3041199,-76.8030961
PAST SALE,June-19-2023,Single Family Residential,3702 Dorsey Search Cir,Ellicott City,MD,21042,750000,4,2.5,GRAY ROCK FARM,2896,20180,1988,,259,,Sold,,,https://www.redfin.com/MD/Ellicott-City/3702-Dorsey-Search-Cir-21042/home/10041048,BRIGHT MLS,MDHW2028366,N,Y,39.2689361,-76.8453161
PAST SALE,June-30-2023,Single Family Residential,8910 Old Frederick Rd,Ellicott City,MD,21043,935000,6,4.5,Ellicott City,5100,36590,2016,,183,,Sold,,,https://www.redfin.com/MD/Ellicott-City/8910-Old-Frederick-Rd-21043/home/10031274,BRIGHT MLS,MDHW2027116,N,Y,39.3012491,-76.8190486
PAST SALE,July-13-2023,Townhouse,3306 Treviso Ln,Ellicott City,MD,21042,782049,4,3.5,TURF VALLEY,2481,2120,2023,,315,167,Sold,,,https://www.redfin.com/MD/Ellicott-City/3306-Treviso-Ln-21042/home/184791574,BRIGHT MLS,MDHW2031108,N,Y,39.2982175,-76.8955723
PAST SALE,September-1-2023,Townhouse,2766 Vardon Ln,Ellicott City,MD,21042,920000,4,3.5,FAIRWAYS AT TURF VALLEY,4014,4875,2019,,229,165,Sold,,,https://www.redfin.com/MD/Ellicott-City/2766-Vardon-Ln-21042/home/165892883,BRIGHT MLS,MDHW2030012,N,Y,39.292506,-76.874669
PAST SALE,,Single Family Residential,9024 Crestleigh Rd,Ellicott City,MD,21042,650000,,2.5,,2644,29185,1956,,246,,,,,https://www.redfin.com/MD/Ellicott-City/9024-Crestleigh-Rd-21042/home/10015753,,,N,Y,39.2612487,-76.8276549
PAST SALE,,Townhouse,7648 Oldfield Ln,Ellicott City,MD,21043,505000,,3.0,,2249,2439,1992,,225,,,,,https://www.redfin.com/MD/Ellicott-City/7648-Oldfield-Ln-21043/home/9878390,,,N,Y,39.198742,-76.783188
PAST SALE,June-6-2023,Townhouse,3375 Sonia Trl #27,Ellicott City,MD,21043,538000,4,3.5,EMERALD KNOLLS,2592,,2000,,208,143,Sold,,,https://www.redfin.com/MD/Ellicott-City/3375-Sonia-Trl-21043/unit-27/home/10206042,BRIGHT MLS,MDHW2027806,N,Y,39.284204,-76.8192881
PAST SALE,October-6-2023,Single Family Residential,8560 Sunell Ln,Ellicott City,MD,21043,1078440,6,5.0,PATAPSCO CROSSING,5111,7987,2023,,211,184,Sold,,,https://www.redfin.com/MD/Ellicott-City/8560-Sunell-Ln-21043/home/174788115,BRIGHT MLS,MDHW2033930,N,Y,39.300087,-76.804404
PAST SALE,,Single Family Residential,7708 Millstone Ct,Ellicott City,MD,21043,820000,,2.5,,3085,16733,1996,,266,,,,,https://www.redfin.com/MD/Ellicott-City/7708-Millstone-Ct-21043/home/9878054,,,N,Y,39.2170433,-76.7790284
PAST SALE,,Single Family Residential,3225 Pine Bluffs Dr,Ellicott City,MD,21042,743000,,2.5,,2360,15564,1993,,315,,,,,https://www.redfin.com/MD/Ellicott-City/3225-Pine-Bluffs-Dr-21042/home/10062795,,,N,Y,39.2836858,-76.8657177
PAST SALE,,Single Family Residential,3116 Argent Path,Ellicott City,MD,21042,1450000,,4.5,,8074,50094,2001,,180,,,,,https://www.redfin.com/MD/Ellicott-City/3116-Argent-Path-21042/home/10203387,,,N,Y,39.2826426,-76.903666
PAST SALE,,Single Family Residential,12151 Mount Albert Ct,Ellicott City,MD,21042,1300000,,5.5,,6875,146362,1979,,189,,,,,https://www.redfin.com/MD/Ellicott-City/12151-Mount-Albert-Ct-21042/home/10087264,,,N,Y,39.2651102,-76.9381539
PAST SALE,,Single Family Residential,10220 Tuscany Rd #328,Ellicott City,MD,21042,855000,4,2.5,,3628,14026,1987,,236,,,,,https://www.redfin.com/MD/Ellicott-City/10220-Tuscany-Rd-21042/unit-328/home/10046503,,,N,Y,39.2758703,-76.8637406
PAST SALE,,Single Family Residential,13334 Folly Quarter Rd,Ellicott City,MD,21042,520000,,2.0,,3200,130680,1952,,163,,,,,https://www.redfin.com/MD/Ellicott-City/13334-Folly-Quarter-Rd-21042/home/10082297,,,N,Y,39.2639353,-76.976064
PAST SALE,,Single Family Residential,11620 State Route 108,Ellicott City,MD,21042,1900000,,6.0,,9684,49441,2015,,196,,,,,https://www.redfin.com/MD/Ellicott-City/11620-State-Route-108-21042/home/44625249,,,N,Y,39.2311006,-76.9157241
PAST SALE,,Townhouse,10813 Wadsworth Rd,Woodstock,MD,21163,525000,,3.0,,2489,3000,2001,,211,,,,,https://www.redfin.com/MD/Woodstock/10813-Wadsworth-Rd-21163/home/10096967,,,N,Y,39.3095807,-76.8831082
PAST SALE,June-27-2023,Townhouse,4503 Bathgate Ct,Ellicott City,MD,21043,693808,3,3.0,LONG GATE,,1500,2023,,,135,Sold,,,https://www.redfin.com/MD/Ellicott-City/4503-Bathgate-Ct-21043/home/186314412,BRIGHT MLS,MDHW2031448,N,Y,39.2522159,-76.8152495
PAST SALE,,Single Family Residential,4620 Broken Lute Way,Ellicott City,MD,21042,515000,,2.5,,3682,12427,1987,,140,,,,,https://www.redfin.com/MD/Ellicott-City/4620-Broken-Lute-Way-21042/home/10045923,,,N,Y,39.2493704,-76.8360803
PAST SALE,October-4-2023,Townhouse,3318 Treviso Ln,Ellicott City,MD,21042,775755,3,3.5,Ellicott City,,2016,,,,,Sold,,,https://www.redfin.com/MD/Ellicott-City/3318-Treviso-Ln-21042/home/184791579,BRIGHT MLS,MDHW2033468,N,Y,39.2982153,-76.8950511
PAST SALE,,Townhouse,4726 Leyden Way,Ellicott City,MD,21042,456000,,3.0,,1900,2000,1989,,240,,,,,https://www.redfin.com/MD/Ellicott-City/4726-Leyden-Way-21042/home/10051196,,,N,Y,39.2451057,-76.843783
PAST SALE,September-20-2023,Single Family Residential,11203 Gentle Rolling Dr,Marriottsville,MD,21104,810000,2,2.0,WAVERLY WOODS WEST,2222,7847,2014,,365,226,Sold,,,https://www.redfin.com/MD/Marriottsville/11203-Gentle-Rolling-Dr-21104/home/108436807,BRIGHT MLS,MDHW2031804,N,Y,39.3102243,-76.9070882
PAST SALE,,Townhouse,8020 Brightfield Rd,Ellicott City,MD,21043,395000,,2.5,,1640,1700,1991,,241,,,,,https://www.redfin.com/MD/Ellicott-City/8020-Brightfield-Rd-21043/home/9879383,,,N,Y,39.2123657,-76.7877163
PAST SALE,October-13-2023,Single Family Residential,2824 Greenbower Way,Ellicott City,MD,21042,1089025,4,3.5,Ellicott City,,25111,2023,,,,Sold,,,https://www.redfin.com/MD/Ellicott-City/2824-Greenbower-Way-21042/home/178657169,BRIGHT MLS,MDHW2034052,N,Y,39.288474,-76.8597829
PAST SALE,May-8-2023,Townhouse,3019 John Bernard Dr #157,Ellicott City,MD,21042,550000,2,2.5,ELLICOTT MEADOWS,2204,,2012,,250,496,Sold,,,https://www.redfin.com/MD/Ellicott-City/3019-John-Bernard-Dr-21042/unit-157/home/44593468,BRIGHT MLS,MDHW2027466,N,Y,39.2866688,-76.8950875
PAST SALE,,Single Family Residential,12199 Etchison Rd,Ellicott City,MD,21042,600000,,2.5,,3152,43472,1976,,190,,,,,https://www.redfin.com/MD/Ellicott-City/12199-Etchison-Rd-21042/home/10085940,,,N,Y,39.273141,-76.9331794
PAST SALE,June-23-2023,Single Family Residential,3979 Ducks Foot Ln,Ellicott City,MD,21042,760000,5,3.5,BURLEIGH MANOR,3346,14039,1981,,227,,Sold,,,https://www.redfin.com/MD/Ellicott-City/3979-Ducks-Foot-Ln-21042/home/10036947,BRIGHT MLS,MDHW2028820,N,Y,39.2617358,-76.8608127
PAST SALE,October-10-2023,Townhouse,4505 Bathgate Ct,Ellicott City,MD,21043,624181,4,3.5,Ellicott City,,1500,2023,,,135,Sold,,,https://www.redfin.com/MD/Ellicott-City/4505-Bathgate-Ct-21043/home/174788184,BRIGHT MLS,MDHW2033596,N,Y,39.2847591,-76.8219488
PAST SALE,,Single Family Residential,4403 S Meadow Ct,Ellicott City,MD,21042,380000,,2.5,,3579,14096,1988,,106,,,,,https://www.redfin.com/MD/Ellicott-City/4403-S-Meadow-Ct-21042/home/10049658,,,N,Y,39.2474623,-76.8643713
PAST SALE,,Townhouse,8122 Wooded Glen Ct,Ellicott City,MD,21043,370000,,1.5,,1696,1611,1984,,218,,,,,https://www.redfin.com/MD/Ellicott-City/8122-Wooded-Glen-Ct-21043/home/9867200,,,N,Y,39.2035295,-76.7917502
PAST SALE,,Single Family Residential,10209 Camelford Ct,Ellicott City,MD,21042,755000,,2.5,,3084,14148,1982,,245,,,,,https://www.redfin.com/MD/Ellicott-City/10209-Camelford-Ct-21042/home/10037093,,,N,Y,39.2609559,-76.8649349
PAST SALE,September-7-2023,Single Family Residential,3747 Three Graces Rd,Ellicott City,MD,21042,1198570,5,4.5,WESTMOUNT,5518,6929,2023,,217,125,Sold,,,https://www.redfin.com/MD/Ellicott-City/3747-Three-Graces-Rd-21042/home/174788842,BRIGHT MLS,MDHW2032858,N,Y,39.2723311,-76.8755646
PAST SALE,,Single Family Residential,8966 Chapel Ave,Ellicott City,MD,21043,590000,,2.0,,2240,29969,1959,,263,,,,,https://www.redfin.com/MD/Ellicott-City/8966-Chapel-Ave-21043/home/10017748,,,N,Y,39.3010863,-76.8217973
PAST SALE,May-12-2023,Townhouse,5904 Hidden Garden Ln,Ellicott City,MD,21043,540000,3,3.5,SHIPLEYS GRANT,2000,1047,2018,,270,129,Sold,,,https://www.redfin.com/MD/Ellicott-City/5904-Hidden-Garden-Ln-21043/home/146056734,BRIGHT MLS,MDHW2026906,N,Y,39.2163517,-76.7970458
PAST SALE,,Single Family Residential,12111 Windsor Moss #34,Ellicott City,MD,21042,710000,,3.0,,2759,6050,2006,,257,,,,,https://www.redfin.com/MD/Ellicott-City/12111-Windsor-Moss-21042/unit-34/home/10225081,,,N,Y,39.2901102,-76.8986901
PAST SALE,,Single Family Residential,3739 Cross Bow Ct,Ellicott City,MD,21042,737000,,2.5,,2472,26418,1972,,298,,,,,https://www.redfin.com/MD/Ellicott-City/3739-Cross-Bow-Ct-21042/home/10021878,,,N,Y,39.2676217,-76.8711277
PAST SALE,,Single Family Residential,4671 Manor Ln,Ellicott City,MD,21042,450000,,1.5,,1274,56192,1969,,353,,,,,https://www.redfin.com/MD/Ellicott-City/4671-Manor-Ln-21042/home/10016653,,,N,Y,39.2427405,-76.889053
PAST SALE,,Single Family Residential,3931 Saint Johns Ln,Ellicott City,MD,21042,553600,,2.0,,1786,59677,1782,,310,,,,,https://www.redfin.com/MD/Ellicott-City/3931-Saint-Johns-Ln-21042/home/10021557,,,N,Y,39.2627398,-76.8219329
PAST SALE,September-25-2023,Single Family Residential,4062 Fragile Sail Way,Ellicott City,MD,21042,865000,4,3.5,DORSEY HALL,3424,21603,1984,,253,168,Sold,,,https://www.redfin.com/MD/Ellicott-City/4062-Fragile-Sail-Way-21042/home/10036353,BRIGHT MLS,MDHW2031210,N,Y,39.2602162,-76.8388286
PAST SALE,July-21-2023,Townhouse,7918 Brightmeadow Ct,Ellicott City,MD,21043,445000,3,2.5,BRIGHTFIELD,2051,1740,1991,,217,44,Sold,,,https://www.redfin.com/MD/Ellicott-City/7918-Brightmeadow-Ct-21043/home/9882880,BRIGHT MLS,MDHW2028552,N,Y,39.2113946,-76.7863867
PAST SALE,August-16-2023,Townhouse,2338 Adam David Way,Marriottsville,MD,21104,700000,4,3.0,WAVERLY WOODS WEST,3376,4079,2013,,207,211,Sold,,,https://www.redfin.com/MD/Marriottsville/2338-Adam-David-Way-21104/home/44616856,BRIGHT MLS,MDHW2030142,N,Y,39.3089123,-76.9018724
PAST SALE,July-14-2023,Townhouse,4543 Kingscup Ct,Ellicott City,MD,21042,454500,3,3.5,DORSEY HALL,2098,2310,1988,,217,67,Sold,,,https://www.redfin.com/MD/Ellicott-City/4543-Kingscup-Ct-21042/home/10046731,BRIGHT MLS,MDHW2030702,N,Y,39.2477374,-76.8336218
PAST SALE,September-19-2023,Townhouse,2370 Adam David Way,Marriottsville,MD,21104,685000,3,3.0,WAVERLY WOODS WEST,3440,4183,2012,,199,211,Sold,,,https://www.redfin.com/MD/Marriottsville/2370-Adam-David-Way-21104/home/44593739,BRIGHT MLS,MDHW2029870,N,Y,39.3077919,-76.9016621
PAST SALE,July-31-2023,Townhouse,4528 Kingscup Ct,Ellicott City,MD,21042,445000,3,3.5,DORSEY SEARCH,2098,,1988,,212,67,Sold,,,https://www.redfin.com/MD/Ellicott-City/4528-Kingscup-Ct-21042/home/10046974,BRIGHT MLS,MDHW2030132,N,Y,39.2486967,-76.8343857
PAST SALE,,Single Family Residential,2605 N Rogers Ave,Ellicott City,MD,21043,730000,,2.0,,1560,21780,1926,,468,,,,,https://www.redfin.com/MD/Ellicott-City/2605-N-Rogers-Ave-21043/home/10019884,,,N,Y,39.299504,-76.810461
PAST SALE,,Single Family Residential,10 River Rd,Ellicott City,MD,21043,335000,,1.0,,1535,19125,1900,,218,,,,,https://www.redfin.com/MD/Ellicott-City/10-River-Rd-21043/home/9097423,,,N,Y,39.2574321,-76.7791636
PAST SALE,July-24-2023,Single Family Residential,2740 Emma Stone Dr,Marriottsville,MD,21104,856000,3,3.0,WAVERLY WOODS WEST,3658,5980,2017,,234,226,Sold,,,https://www.redfin.com/MD/Marriottsville/2740-Emma-Stone-Dr-21104/home/110024317,BRIGHT MLS,MDHW2028862,N,Y,39.3130778,-76.902923
PAST SALE,July-10-2023,Single Family Residential,4609 Morning Ride Ct,Ellicott City,MD,21042,675000,5,3.0,DORSEY HALL,2558,22738,1980,,264,127,Sold,,,https://www.redfin.com/MD/Ellicott-City/4609-Morning-Ride-Ct-21042/home/10035671,BRIGHT MLS,MDHW2026716,N,Y,39.2518489,-76.8361254
PAST SALE,October-18-2023,Townhouse,2922 Evening Dew Dr #67,Woodstock,MD,21163,745000,4,3.5,WAVERLY WOODS,3056,,2008,,244,383,Sold,,,https://www.redfin.com/MD/Woodstock/2922-Evening-Dew-Dr-21163/unit-67/home/23434367,BRIGHT MLS,MDHW2033400,N,Y,39.3127034,-76.8954478
PAST SALE,September-20-2023,Single Family Residential,3880 Spencer Ct,Ellicott City,MD,21042,695000,3,3.0,FONT HILL VILLAGE,3040,21605,1979,,229,,Sold,,,https://www.redfin.com/MD/Ellicott-City/3880-Spencer-Ct-21042/home/10034279,BRIGHT MLS,MDHW2031834,N,Y,39.2643766,-76.8563532
PAST SALE,May-12-2023,Single Family Residential,10268 Wetherburn Rd,Ellicott City,MD,21042,850000,4,2.5,WETHERBURN,3204,17512,1990,,265,16,Sold,,,https://www.redfin.com/MD/Ellicott-City/10268-Wetherburn-Rd-21042/home/10059636,BRIGHT MLS,MDHW2026418,N,Y,39.3030747,-76.8711727
PAST SALE,September-14-2023,Townhouse,8874 Montjoy Pl,Ellicott City,MD,21043,590000,3,3.5,MONTJOY,2280,1960,2006,,259,46,Sold,,,https://www.redfin.com/MD/Ellicott-City/8874-Montjoy-Pl-21043/home/10221101,BRIGHT MLS,MDHW2031956,N,Y,39.2383102,-76.8188294
PAST SALE,June-30-2023,Single Family Residential,12001 Triadelphia Rd,Ellicott City,MD,21042,679000,4,2.5,EVERGREEN VALLEY ESTATES,3428,43996,1962,,198,,Sold,,,https://www.redfin.com/MD/Ellicott-City/12001-Triadelphia-Rd-21042/home/10086129,BRIGHT MLS,MDHW2029250,N,Y,39.2878528,-76.9282272
PAST SALE,September-14-2023,Townhouse,8794 Manahan Dr,Ellicott City,MD,21043,466000,4,3.5,TOLL HOUSE,1717,1700,1989,,271,63,Sold,,,https://www.redfin.com/MD/Ellicott-City/8794-Manahan-Dr-21043/home/10052104,BRIGHT MLS,MDHW2031992,N,Y,39.266629,-76.8161836
PAST SALE,September-8-2023,Single Family Residential,10267 Globe Dr,Ellicott City,MD,21042,819100,4,3.0,Ellicott City,2912,14000,1987,,281,,Sold,,,https://www.redfin.com/MD/Ellicott-City/10267-Globe-Dr-21042/home/10049116,BRIGHT MLS,MDHW2031338,N,Y,39.2776688,-76.8648217
PAST SALE,July-7-2023,Townhouse,2624 Vardon Ln,Ellicott City,MD,21042,920000,4,3.5,FAIRWAYS AT TURF VALLEY,4498,3810,2020,,205,194,Sold,,,https://www.redfin.com/MD/Ellicott-City/2624-Vardon-Ln-21042/home/165892872,BRIGHT MLS,MDHW2029162,N,Y,39.2969664,-76.8702825
PAST SALE,August-10-2023,Single Family Residential,2684 Emma Stone Dr,Marriottsville,MD,21104,852700,3,3.0,WAVERLY WOODS,5501,8531,2017,,155,226,Sold,,,https://www.redfin.com/MD/Marriottsville/2684-Emma-Stone-Dr-21104/home/109921018,BRIGHT MLS,MDHW2029528,N,Y,39.3144846,-76.9019774
PAST SALE,August-18-2023,Townhouse,3486 Plumtree Dr Unit C,Ellicott City,MD,21042,375000,3,2.0,PLUMTREE,1400,1116,1975,,268,172,Sold,,,https://www.redfin.com/MD/Ellicott-City/3486-Plumtree-Dr-21042/unit-C/home/10031772,BRIGHT MLS,MDHW2030924,N,Y,39.274124,-76.837554
PAST SALE,August-21-2023,Townhouse,5911 Sweet Corn Dr,Ellicott City,MD,21043,630000,3,3.5,SHIPLEYS GRANT,2216,1960,2018,,284,129,Sold,,,https://www.redfin.com/MD/Ellicott-City/5911-Sweet-Corn-Dr-21043/home/145943886,BRIGHT MLS,MDHW2030996,N,Y,39.2158338,-76.796967
PAST SALE,October-6-2023,Townhouse,5710 Rosanna Pl,Ellicott City,MD,21043,650000,3,3.5,SHIPLEYS GRANT,2274,2525,2011,,286,129,Sold,,,https://www.redfin.com/MD/Ellicott-City/5710-Rosanna-Pl-21043/home/23428233,BRIGHT MLS,MDHW2031682,N,Y,39.2145621,-76.7994457
PAST SALE,June-9-2023,Single Family Residential,12353 Pans Spring Ct,Ellicott City,MD,21042,1005000,4,3.0,WOODMARK,5016,43560,1979,,200,,Sold,,,https://www.redfin.com/MD/Ellicott-City/12353-Pans-Spring-Ct-21042/home/10085267,BRIGHT MLS,MDHW2028110,N,Y,39.2735366,-76.9413951
PAST SALE,July-6-2023,Townhouse,4608 Learned Sage,Ellicott City,MD,21042,483200,3,3.0,DORSEY HALL,2018,2310,1987,,239,43,Sold,,,https://www.redfin.com/MD/Ellicott-City/4608-Learned-Sage-21042/home/10047176,BRIGHT MLS,MDHW2028912,N,Y,39.2480955,-76.8399526
PAST SALE,June-20-2023,Single Family Residential,3766 Plum Spring Ln,Ellicott City,MD,21042,838000,4,3.0,DUNLOGGIN,3610,23478,1977,,232,,Sold,,,https://www.redfin.com/MD/Ellicott-City/3766-Plum-Spring-Ln-21042/home/10031514,BRIGHT MLS,MDHW2028148,N,Y,39.2672883,-76.8382429
PAST SALE,August-18-2023,Single Family Residential,10048 Century Dr,Ellicott City,MD,21042,765000,5,3.5,CHATEAU VALLEY,3008,32670,1980,,254,,Sold,,,https://www.redfin.com/MD/Ellicott-City/10048-Century-Dr-21042/home/10033751,BRIGHT MLS,MDHW2031244,N,Y,39.2523343,-76.8592459
PAST SALE,June-1-2023,Townhouse,8525 Pine Run Ct,Ellicott City,MD,21043,425000,3,3.5,TIMBER RUN VALLEY,1800,1830,1982,,236,42,Sold,,,https://www.redfin.com/MD/Ellicott-City/8525-Pine-Run-Ct-21043/home/10037372,BRIGHT MLS,MDHW2028050,N,Y,39.2266671,-76.8066555
PAST SALE,May-31-2023,Single Family Residential,10033 Inkpen Pl,Ellicott City,MD,21042,906000,4,3.5,BURLEIGH MANOR,3550,14548,1984,,255,,Sold,,,https://www.redfin.com/MD/Ellicott-City/10033-Inkpen-Pl-21042/home/10037018,BRIGHT MLS,MDHW2025590,N,Y,39.2627856,-76.8602271
PAST SALE,September-8-2023,Single Family Residential,9608 Larchmede Ct,Ellicott City,MD,21042,915000,4,3.0,VALLEY MEDE,3400,15492,1987,,269,,Sold,,,https://www.redfin.com/MD/Ellicott-City/9608-Larchmede-Ct-21042/home/10044628,BRIGHT MLS,MDHW2030824,N,Y,39.2895215,-76.8440097
PAST SALE,July-18-2023,Townhouse,5813 Richards Valley Rd,Ellicott City,MD,21043,610000,4,2.5,SHIPLEYS GRANT,2036,1122,2010,,300,129,Sold,,,https://www.redfin.com/MD/Ellicott-City/5813-Richards-Valley-Rd-21043/home/23427369,BRIGHT MLS,MDHW2029724,N,Y,39.2153863,-76.7994119
PAST SALE,May-5-2023,Townhouse,3560 Lowlen Ct Unit A,Ellicott City,MD,21042,400000,3,2.5,PLUMTREE,1648,60984,1980,,243,170,Sold,,,https://www.redfin.com/MD/Ellicott-City/3560-Lowlen-Ct-21042/unit-A/home/10037842,BRIGHT MLS,MDHW2027296,N,Y,39.2737571,-76.8368576
PAST SALE,May-16-2023,Townhouse,8104 Brightlink Ct,Ellicott City,MD,21043,410000,3,3.5,BRIGHTFIELD,1636,1960,1990,,251,44,Sold,,,https://www.redfin.com/MD/Ellicott-City/8104-Brightlink-Ct-21043/home/9877610,BRIGHT MLS,MDHW2026722,N,Y,39.211512,-76.7893163
PAST SALE,August-1-2023,Single Family Residential,5113 Ilchester Woods Way,Ellicott City,MD,21043,951000,4,3.5,ILCHESTER WOODS,3737,17362,1994,,254,,Sold,,,https://www.redfin.com/MD/Ellicott-City/5113-Ilchester-Woods-Way-21043/home/9887996,BRIGHT MLS,MDHW2028484,N,Y,39.2297429,-76.7791185
PAST SALE,May-24-2023,Single Family Residential,10218 Shirley Meadow Ct,Ellicott City,MD,21042,785000,4,2.5,CENTENNIAL MANOR,2322,16677,1988,,338,,Sold,,,https://www.redfin.com/MD/Ellicott-City/10218-Shirley-Meadow-Ct-21042/home/10046377,BRIGHT MLS,MDHW2025882,N,Y,39.2729774,-76.8673892
PAST SALE,August-7-2023,Townhouse,3205 Halcyon Ct,Ellicott City,MD,21043,513000,4,3.0,HOWARDS RIDGE,1912,435,2001,,268,72,Sold,,,https://www.redfin.com/MD/Ellicott-City/3205-Halcyon-Ct-21043/home/10203446,BRIGHT MLS,MDHW2030482,N,Y,39.282012,-76.8159498
PAST SALE,July-28-2023,Single Family Residential,4839 Woodshire Garth,Ellicott City,MD,21043,810000,4,3.5,BEECHWOOD HEIGHTS,3759,20064,1992,,215,28,Sold,,,https://www.redfin.com/MD/Ellicott-City/4839-Woodshire-Garth-21043/home/9882029,BRIGHT MLS,MDHW2029102,N,Y,39.239991,-76.7735291
PAST SALE,May-5-2023,Single Family Residential,9022 Labrador Ln,Ellicott City,MD,21042,1154900,6,4.5,AMBER MEADOWS,6476,14898,2007,,178,42,Sold,,,https://www.redfin.com/MD/Ellicott-City/9022-Labrador-Ln-21042/home/12524724,BRIGHT MLS,MDHW2027008,N,Y,39.2539079,-76.8253795
PAST SALE,April-28-2023,Single Family Residential,2817 Greenway Dr,Ellicott City,MD,21042,560000,5,3.0,BRINKLEIGH MANOR,2114,20037,1961,,265,,Sold,,,https://www.redfin.com/MD/Ellicott-City/2817-Greenway-Dr-21042/home/10022964,BRIGHT MLS,MDHW2025924,N,Y,39.2927253,-76.8370039
PAST SALE,July-25-2023,Single Family Residential,3735 Springfalls Ct,Ellicott City,MD,21042,685000,4,2.5,DUNLOGGIN,2800,24175,1973,,245,,Sold,,,https://www.redfin.com/MD/Ellicott-City/3735-Springfalls-Ct-21042/home/10016158,BRIGHT MLS,MDHW2030330,N,Y,39.2695755,-76.8361029
PAST SALE,August-4-2023,Townhouse,7831 Falling Leaves Ct,Ellicott City,MD,21043,460000,4,3.5,WOODLAND PARK,1880,2250,1985,,245,65,Sold,,,https://www.redfin.com/MD/Ellicott-City/7831-Falling-Leaves-Ct-21043/home/9869191,BRIGHT MLS,MDHW2030642,N,Y,39.1994179,-76.7870628
PAST SALE,October-12-2023,Townhouse,4641 Hallowed Strm,Ellicott City,MD,21042,475000,3,2.5,DORSEY HALL,2028,,1987,,234,41,Sold,,,https://www.redfin.com/MD/Ellicott-City/4641-Hallowed-Strm-21042/home/10047376,BRIGHT MLS,MDHW2032876,N,Y,39.2476077,-76.8405586
PAST SALE,September-18-2023,Single Family Residential,3009 Misty Wood Ln,Ellicott City,MD,21042,762000,4,3.5,WOODBERRY,3068,17283,1993,,248,,Sold,,,https://www.redfin.com/MD/Ellicott-City/3009-Misty-Wood-Ln-21042/home/10061605,BRIGHT MLS,MDHW2031708,N,Y,39.2868612,-76.8305385
PAST SALE,August-15-2023,Single Family Residential,9450 Dunloggin Rd,Ellicott City,MD,21042,775000,4,3.0,DUNLOGGIN,2970,19994,1973,,261,10,Sold,,,https://www.redfin.com/MD/Ellicott-City/9450-Dunloggin-Rd-21042/home/12525017,BRIGHT MLS,MDHW2029988,N,Y,39.263477,-76.8401352
PAST SALE,October-2-2023,Townhouse,2750 Westminster Rd #62,Ellicott City,MD,21043,675000,3,3.5,ENCLAVE AT ELLICOTT HILLS,2500,,2004,,270,365,Sold,,,https://www.redfin.com/MD/Ellicott-City/2750-Westminster-Rd-21043/unit-62/home/10221629,BRIGHT MLS,MDHW2032640,N,Y,39.2936623,-76.8193222
PAST SALE,June-2-2023,Single Family Residential,10409 Kingsbridge Rd,Ellicott City,MD,21042,2000000,7,6.5,THE PRESERVE,9167,186872,1995,,218,99,Sold,,,https://www.redfin.com/MD/Ellicott-City/10409-Kingsbridge-Rd-21042/home/10057933,BRIGHT MLS,MDHW2026878,N,Y,39.2586179,-76.8762849
PAST SALE,June-2-2023,Single Family Residential,4034 High Point Rd,Ellicott City,MD,21042,535000,3,1.5,DUNLOGGIN,1920,20037,1970,,279,,Sold,,,https://www.redfin.com/MD/Ellicott-City/4034-High-Point-Rd-21042/home/10011502,BRIGHT MLS,MDHW2027334,N,Y,39.2591225,-76.8233743
PAST SALE,September-12-2023,Single Family Residential,4823 Worthington Way,Ellicott City,MD,21043,577000,4,3.0,WORTHINGTON,1680,20473,1984,,343,,Sold,,,https://www.redfin.com/MD/Ellicott-City/4823-Worthington-Way-21043/home/10039936,BRIGHT MLS,MDHW2031030,N,Y,39.2387626,-76.7888544
PAST SALE,July-24-2023,Townhouse,4722 Rams Horn Row,Ellicott City,MD,21042,508000,3,3.5,DORSEY HALL,2027,1900,1988,,251,72,Sold,,,https://www.redfin.com/MD/Ellicott-City/4722-Rams-Horn-Row-21042/home/10050730,BRIGHT MLS,MDHW2029224,N,Y,39.2474536,-76.8421092
PAST SALE,September-19-2023,Single Family Residential,3974 View Top Rd,Ellicott City,MD,21042,850000,5,3.5,Ellicott City,3749,43560,1993,,227,,Sold,,,https://www.redfin.com/MD/Ellicott-City/3974-View-Top-Rd-21042/home/10032922,BRIGHT MLS,MDHW2031660,N,Y,39.2624381,-76.8209862
PAST SALE,June-12-2023,Single Family Residential,2646 Melba Rd,Ellicott City,MD,21042,720000,5,3.5,ORCHARD VIEW,3369,17851,1992,,214,,Sold,,,https://www.redfin.com/MD/Ellicott-City/2646-Melba-Rd-21042/home/10057941,BRIGHT MLS,MDHW2027218,N,Y,39.2977883,-76.829705
PAST SALE,August-25-2023,Townhouse,6341 Stockbridge Overlook Ct #17,Ellicott City,MD,21043,535000,3,2.5,STOCKBRIDGE OVERLOOK,2105,,2003,,254,260,Sold,,,https://www.redfin.com/MD/Ellicott-City/6341-Stockbridge-Overlook-Ct-21043/unit-17/home/10213454,BRIGHT MLS,MDHW2031172,N,Y,39.20383,-76.7934353
PAST SALE,August-25-2023,Single Family Residential,9718 Hollowood Ct,Ellicott City,MD,21042,625000,4,2.0,VALLEY MEADE,2972,23086,1977,,210,,Sold,,,https://www.redfin.com/MD/Ellicott-City/9718-Hollowood-Ct-21042/home/10031104,BRIGHT MLS,MDHW2030792,N,Y,39.2871964,-76.8484246
PAST SALE,July-18-2023,Townhouse,710 Mary Jo Way,Ellicott City,MD,21043,678000,4,3.5,PLEASANT HILL,2614,3450,1996,,259,44,Sold,,,https://www.redfin.com/MD/Ellicott-City/710-Mary-Jo-Way-21043/home/9353605,BRIGHT MLS,MDBC2066422,N,Y,39.2753067,-76.7864809
PAST SALE,June-1-2023,Single Family Residential,4822 S Haven Dr,Ellicott City,MD,21043,550000,3,2.5,Ellicott City,2204,21425,1959,,250,,Sold,,,https://www.redfin.com/MD/Ellicott-City/4822-South-Haven-Dr-21043/home/10019710,BRIGHT MLS,MDHW2027522,N,Y,39.2377809,-76.7959304
PAST SALE,July-5-2023,Townhouse,8663 Manahan Dr,Ellicott City,MD,21043,480000,3,3.0,TOLL HOUSE,1860,1700,1989,,258,63,Sold,,,https://www.redfin.com/MD/Ellicott-City/8663-Manahan-Dr-21043/home/10051683,BRIGHT MLS,MDHW2029626,N,Y,39.2664404,-76.8126916
PAST SALE,May-24-2023,Single Family Residential,12530 Triadelphia Rd,Ellicott City,MD,21042,861000,5,3.0,TRIADELPHIA WOODS,301,130680,1989,,2860,,Sold,,,https://www.redfin.com/MD/Ellicott-City/12530-Triadelphia-Rd-21042/home/10089315,BRIGHT MLS,MDHW2026512,N,Y,39.2783202,-76.9464593
PAST SALE,October-5-2023,Single Family Residential,2773 Millers Way Dr,Ellicott City,MD,21043,848000,6,3.5,Ellicott City,4897,9738,2000,,173,16,Sold,,,https://www.redfin.com/MD/Ellicott-City/2773-Millers-Way-Dr-21043/home/10078166,BRIGHT MLS,MDHW2032300,N,Y,39.3049945,-76.8120179
PAST SALE,September-14-2023,Single Family Residential,9410 Joey Dr,Ellicott City,MD,21042,530000,3,2.0,CHATHAM MEWS,2597,20037,1968,,204,,Sold,,,https://www.redfin.com/MD/Ellicott-City/9410-Joey-Dr-21042/home/10017739,BRIGHT MLS,MDHW2031986,N,Y,39.2840993,-76.8377473
PAST SALE,August-30-2023,Single Family Residential,2816 Deerfield Dr,Ellicott City,MD,21043,695000,4,3.5,CHESTNUT HILL ESTATES,2090,19994,1966,,333,3,Sold,,,https://www.redfin.com/MD/Ellicott-City/2816-Deerfield-Dr-21043/home/10011598,BRIGHT MLS,MDHW2029290,N,Y,39.2926607,-76.8008428
PAST SALE,July-7-2023,Single Family Residential,9912 Springfield Dr,Ellicott City,MD,21042,790000,4,2.5,FONT HILL,2245,14000,1987,,352,,Sold,,,https://www.redfin.com/MD/Ellicott-City/9912-Springfield-Dr-21042/home/10050065,BRIGHT MLS,MDHW2028642,N,Y,39.2660916,-76.855241
PAST SALE,July-6-2023,Townhouse,7943 Brightwind Ct,Ellicott City,MD,21043,450000,3,3.0,BRIGHTFIELD,1702,,1993,,264,44,Sold,,,https://www.redfin.com/MD/Ellicott-City/7943-Brightwind-Ct-21043/home/9888339,BRIGHT MLS,MDHW2028790,N,Y,39.2124512,-76.7849894
PAST SALE,May-3-2023,Townhouse,8625 Manahan Dr,Ellicott City,MD,21043,455000,3,3.0,TOLL HOUSE,1791,1698,1990,,254,63,Sold,,,https://www.redfin.com/MD/Ellicott-City/8625-Manahan-Dr-21043/home/10051750,BRIGHT MLS,MDHW2025212,N,Y,39.2665786,-76.8112573
PAST SALE,June-26-2023,Single Family Residential,4521 Hemlock Cone Way,Ellicott City,MD,21042,895000,4,3.5,DORSEY HALL,4016,18548,1987,,223,170,Sold,,,https://www.redfin.com/MD/Ellicott-City/4521-Hemlock-Cone-Way-21042/home/10045998,BRIGHT MLS,MDHW2028618,N,Y,39.2510848,-76.8332869
PAST SALE,June-9-2023,Single Family Residential,8101 Woodloo Dr,Ellicott City,MD,21043,605000,5,3.5,Ellicott City,2440,42645,1984,,248,,Sold,,,https://www.redfin.com/MD/Ellicott-City/8101-Woodloo-Dr-21043/home/9857707,BRIGHT MLS,MDHW2027726,N,Y,39.2010981,-76.7916938
PAST SALE,September-27-2023,Single Family Residential,6309 Woodchase Ct,Ellicott City,MD,21043,642500,5,3.5,WOODBROOK,3167,6682,1993,,203,,Sold,,,https://www.redfin.com/MD/Ellicott-City/6309-Woodchase-Ct-21043/home/9887517,BRIGHT MLS,MDHW2031786,N,Y,39.1993041,-76.7904995
PAST SALE,May-12-2023,Single Family Residential,3875 Woodville Ln,Ellicott City,MD,21042,868000,4,2.5,BURLEIGH MANOR,2388,17554,1990,,363,16,Sold,,,https://www.redfin.com/MD/Ellicott-City/3875-Woodville-Ln-21042/home/10057095,BRIGHT MLS,MDHW2026814,N,Y,39.2662155,-76.8738302
PAST SALE,August-3-2023,Single Family Residential,2616 Toby Ln,Ellicott City,MD,21042,965000,5,3.5,Ellicott City,3908,6406,2013,,247,82,Sold,,,https://www.redfin.com/MD/Ellicott-City/2616-Toby-Ln-21042/home/44625469,BRIGHT MLS,MDHW2030188,N,Y,39.2976232,-76.8350441
PAST SALE,April-28-2023,Single Family Residential,4957 Clearwater Dr,Ellicott City,MD,21043,1375000,6,5.5,Ellicott City,6552,47480,2016,,210,63,Sold,,,https://www.redfin.com/MD/Ellicott-City/4957-Clearwater-Dr-21043/home/10015664,BRIGHT MLS,MDHW2025432,N,Y,39.2359895,-76.7950966
PAST SALE,July-31-2023,Townhouse,2257 Merion POND #26,Woodstock,MD,21163,616000,4,3.5,WAVERLY WOODS,2477,,1999,,249,233,Sold,,,https://www.redfin.com/MD/Woodstock/2257-Merion-Pond-21163/unit-26/home/10097948,BRIGHT MLS,MDHW2029122,N,Y,39.307189,-76.880917
PAST SALE,October-12-2023,Townhouse,6126 Edward Hill Rd,Ellicott City,MD,21043,635100,3,3.5,SHIPLEYS GRANT,2336,2090,2011,,272,129,Sold,,,https://www.redfin.com/MD/Ellicott-City/6126-Edward-Hill-Rd-21043/home/23426966,BRIGHT MLS,MDHW2032630,N,Y,39.2152835,-76.8001668
PAST SALE,May-11-2023,Single Family Residential,9728 Harbin Ct,Ellicott City,MD,21042,950000,6,3.5,TREYBURN,4016,15091,2002,,237,33,Sold,,,https://www.redfin.com/MD/Ellicott-City/9728-Harbin-Ct-21042/home/10208470,BRIGHT MLS,MDHW2027136,N,Y,39.2984627,-76.8468929
PAST SALE,June-15-2023,Single Family Residential,3296 Saint Johns Ln,Ellicott City,MD,21042,742500,5,3.5,Ellicott City,3476,23570,2004,,214,,Sold,,,https://www.redfin.com/MD/Ellicott-City/3296-Saint-Johns-Ln-21042/home/10216227,BRIGHT MLS,MDHW2026712,N,Y,39.2806482,-76.8274223
PAST SALE,May-31-2023,Single Family Residential,10022 Waterford Dr,Ellicott City,MD,21042,737000,4,3.0,CHATEAU VALLEY,2736,19994,1978,,269,,Sold,,,https://www.redfin.com/MD/Ellicott-City/10022-Waterford-Dr-21042/home/10032821,BRIGHT MLS,MDHW2027348,N,Y,39.2557943,-76.8620515
PAST SALE,July-14-2023,Townhouse,10765 Folkestone Way,Woodstock,MD,21163,653000,4,3.5,WAVERLY WOODS,2552,2480,1999,,256,35,Sold,,,https://www.redfin.com/MD/Woodstock/10765-Folkestone-Way-21163/home/10094314,BRIGHT MLS,MDHW2029494,N,Y,39.3107214,-76.8806199
PAST SALE,May-19-2023,Single Family Residential,4262 Bright Bay Way,Ellicott City,MD,21042,880000,5,3.5,DORSEY HALL,4435,24524,1983,,198,144,Sold,,,https://www.redfin.com/MD/Ellicott-City/4262-Bright-Bay-Way-21042/home/10035763,BRIGHT MLS,MDHW2026884,N,Y,39.2537487,-76.8373869
PAST SALE,May-30-2023,Single Family Residential,13242 Triadelphia Rd,Ellicott City,MD,21042,1012000,4,3.5,TRIADELPHIA MEADOWS,3344,229561,1977,,303,108,Sold,,,https://www.redfin.com/MD/Ellicott-City/13242-Triadelphia-Rd-21042/home/10083061,BRIGHT MLS,MDHW2026980,N,Y,39.2762244,-76.9733297
PAST SALE,May-2-2023,Single Family Residential,9777 Hillsmere Rd,Ellicott City,MD,21042,580000,3,3.5,GLEN BROOK,2348,20821,1979,,247,,Sold,,,https://www.redfin.com/MD/Ellicott-City/9777-Hillsmere-Rd-21042/home/10033894,BRIGHT MLS,MDHW2026124,N,Y,39.2781803,-76.8497761
PAST SALE,September-5-2023,Townhouse,10942 Fairmont Ln,Ellicott City,MD,21042,775000,3,4.0,VILLAGES AT TURF VALLEY,3629,3690,2014,,214,126,Sold,,,https://www.redfin.com/MD/Ellicott-City/10942-Fairmont-Ln-21042/home/59255131,BRIGHT MLS,MDHW2031272,N,Y,39.3022208,-76.8930035
PAST SALE,June-30-2023,Single Family Residential,3020 Harbin Fld #80,Ellicott City,MD,21042,765000,3,3.0,ELLICOTT MEADOWS,3332,,2005,,230,498,Sold,,,https://www.redfin.com/MD/Ellicott-City/3020-Harbin-Fld-21042/unit-80/home/10396379,BRIGHT MLS,MDHW2029114,N,Y,39.2878156,-76.8981497
PAST SALE,June-21-2023,Single Family Residential,8409 Glenmar Rd,Ellicott City,MD,21043,675000,4,2.5,GLENMAR,2468,21344,1958,,274,,Sold,,,https://www.redfin.com/MD/Ellicott-City/8409-Glenmar-Rd-21043/home/9861017,BRIGHT MLS,MDHW2028416,N,Y,39.2253499,-76.8012935
PAST SALE,April-28-2023,Townhouse,2604 Legends Way,Ellicott City,MD,21042,725000,4,3.5,LEGENDS AT TURF VALLEY,3678,3490,2000,,197,157,Sold,,,https://www.redfin.com/MD/Ellicott-City/2604-Legends-Way-21042/home/10205518,BRIGHT MLS,MDHW2026576,N,Y,39.2992899,-76.8717325
PAST SALE,June-6-2023,Single Family Residential,9206 W Stayman Dr,Ellicott City,MD,21042,619000,4,2.5,WILTON ACRES,1978,21432,1964,,313,,Sold,,,https://www.redfin.com/MD/Ellicott-City/9206-W-Stayman-Dr-21042/home/10015488,BRIGHT MLS,MDHW2027354,N,Y,39.2991698,-76.8294121
PAST SALE,October-12-2023,Single Family Residential,8530 Rosecroft Ter,Ellicott City,MD,21043,855000,4,2.5,SADDLE RIDGE,3360,20124,1990,,254,,Sold,,,https://www.redfin.com/MD/Ellicott-City/8530-Rosecroft-Ter-21043/home/10057396,BRIGHT MLS,MDHW2031512,N,Y,39.2311938,-76.8056198
PAST SALE,August-4-2023,Single Family Residential,4917 Windpower Way,Ellicott City,MD,21043,835000,5,4.5,LOCUST CHAPEL,4074,6718,2012,,205,60,Sold,,,https://www.redfin.com/MD/Ellicott-City/4917-Windpower-Way-21043/home/44593716,BRIGHT MLS,MDHW2030118,N,Y,39.2410516,-76.7699229
PAST SALE,June-2-2023,Single Family Residential,5209 Carson Ct,Ellicott City,MD,21043,1165000,4,4.5,MONTJOY,6090,15526,2006,,191,46,Sold,,,https://www.redfin.com/MD/Ellicott-City/5209-Carson-Ct-21043/home/10221396,BRIGHT MLS,MDHW2027196,N,Y,39.2395156,-76.8202427
PAST SALE,August-25-2023,Single Family Residential,9314 Michaels Way,Ellicott City,MD,21042,611210,4,2.5,VALLEY MEDE,2344,20037,1966,,261,,Sold,,,https://www.redfin.com/MD/Ellicott-City/9314-Michaels-Way-21042/home/10012375,BRIGHT MLS,MDHW2031520,N,Y,39.2856998,-76.8360875
PAST SALE,,Single Family Residential,3708 Chatham Rd,Ellicott City,MD,21042,1100000,,4.5,,4399,20000,2010,,250,,,,,https://www.redfin.com/MD/Ellicott-City/3708-Chatham-Rd-21042/home/10023022,,,N,Y,39.2687768,-76.8333095
PAST SALE,July-14-2023,Single Family Residential,12242 Carroll Mill Rd,Ellicott City,MD,21042,790000,4,3.0,WOODMARK,3858,40075,1971,,205,,Sold,,,https://www.redfin.com/MD/Ellicott-City/12242-Carroll-Mill-Rd-21042/home/10085833,BRIGHT MLS,MDHW2029788,N,Y,39.2757332,-76.9380864
PAST SALE,June-27-2023,Single Family Residential,10311 Tower Hill Ct,Ellicott City,MD,21042,1057500,4,3.5,BURLEIGH MANOR,4388,18236,1991,,241,16,Sold,,,https://www.redfin.com/MD/Ellicott-City/10311-Tower-Hill-Ct-21042/home/10055650,BRIGHT MLS,MDHW2028600,N,Y,39.257373,-76.8690558
PAST SALE,May-19-2023,Single Family Residential,10274 Burleigh Cottage Ln,Ellicott City,MD,21042,850000,4,2.5,BURLEIGH MANOR,2580,16770,1984,,329,,Sold,,,https://www.redfin.com/MD/Ellicott-City/10274-Burleigh-Cottage-Ln-21042/home/10038362,BRIGHT MLS,MDHW2026628,N,Y,39.2628064,-76.8650048
PAST SALE,June-27-2023,Single Family Residential,10220 Tuscany Rd,Ellicott City,MD,21042,855000,4,2.5,THE FAIRWAYS,3628,14026,1987,,236,,Sold,,,https://www.redfin.com/MD/Ellicott-City/10220-Tuscany-Rd-21042/home/185771992,BRIGHT MLS,MDHW2029214,N,Y,39.2758703,-76.8637406
PAST SALE,May-22-2023,Single Family Residential,5232 Kerger Rd,Ellicott City,MD,21043,600000,3,3.0,Ellicott City,2320,20000,1954,,259,,Sold,,,https://www.redfin.com/MD/Ellicott-City/5232-Kerger-Rd-21043/home/9861183,BRIGHT MLS,MDHW2026488,N,Y,39.2272216,-76.7807863
PAST SALE,June-21-2023,Single Family Residential,3452 Nanmark Ct,Ellicott City,MD,21042,650000,4,3.0,NOB HILL,2937,20211,1974,,221,,Sold,,,https://www.redfin.com/MD/Ellicott-City/3452-Nanmark-Ct-21042/home/10016538,BRIGHT MLS,MDHW2026760,N,Y,39.2753553,-76.8411263
PAST SALE,July-27-2023,Townhouse,2346 Adam David Way,Marriottsville,MD,21104,655000,3,3.0,COURTYARDS AT WAVERLY WOODS,3430,3015,2013,,191,211,Sold,,,https://www.redfin.com/MD/Marriottsville/2346-Adam-David-Way-21104/home/40418764,BRIGHT MLS,MDHW2027410,N,Y,39.3085545,-76.9020701
PAST SALE,September-21-2023,Single Family Residential,4845 Bonnie View Ct,Ellicott City,MD,21043,405000,3,2.5,WORTHINGTON,2096,26168,1964,,193,,Sold,,,https://www.redfin.com/MD/Ellicott-City/4845-Bonnie-View-Ct-21043/home/10218241,BRIGHT MLS,MDHW2032418,N,Y,39.2364157,-76.7847528
PAST SALE,October-17-2023,Townhouse,10428 Verdi Ct,Ellicott City,MD,21042,893000,3,3.5,FAIRWAYS AT TURF VALLEY,4014,4750,2019,,222,165,Sold,,,https://www.redfin.com/MD/Ellicott-City/10428-Verdi-Ct-21042/home/165860704,BRIGHT MLS,MDHW2032648,N,Y,39.2938518,-76.8727942
PAST SALE,October-6-2023,Townhouse,7906 Rustling Bark Ct,Ellicott City,MD,21043,395000,3,2.5,WOODLAND PARK,1700,1800,1985,,232,90,Sold,,,https://www.redfin.com/MD/Ellicott-City/7906-Rustling-Bark-Ct-21043/home/9868555,BRIGHT MLS,MDHW2032722,N,Y,39.2007818,-76.7892037
PAST SALE,May-9-2023,Single Family Residential,12161 Hayland Farm Way,Ellicott City,MD,21042,1575000,5,4.5,WALNUT CREEK,7350,40145,2014,,214,48,Sold,,,https://www.redfin.com/MD/Ellicott-City/12161-Hayland-Farm-Way-21042/home/59254912,BRIGHT MLS,MDHW2025656,N,Y,39.2371084,-76.9478997
PAST SALE,May-17-2023,Single Family Residential,5203 Tiyana Ct,Ellicott City,MD,21043,950000,5,3.5,Ellicott City,5273,16078,2004,,180,13,Sold,,,https://www.redfin.com/MD/Ellicott-City/5203-Tiyana-Ct-21043/home/10213941,BRIGHT MLS,MDHW2026964,N,Y,39.2285281,-76.8044707
PAST SALE,August-30-2023,Single Family Residential,11257 Barnsley Way,Marriottsville,MD,21104,752500,2,2.0,COURTYARDS AT WAVERLY WOODS,3063,7896,2015,,246,226,Sold,,,https://www.redfin.com/MD/Marriottsville/11257-Barnsley-Way-21104/home/56539664,BRIGHT MLS,MDHW2031918,N,Y,39.3116883,-76.9038461
PAST SALE,May-1-2023,Single Family Residential,4616 Poplar Creek Ct,Ellicott City,MD,21043,950000,4,3.5,STONE MANOR,5583,14109,2003,,170,18,Sold,,,https://www.redfin.com/MD/Ellicott-City/4616-Poplar-Creek-Ct-21043/home/10209285,BRIGHT MLS,MDHW2026210,N,Y,39.2490784,-76.8006851
PAST SALE,June-1-2023,Single Family Residential,12111 Windsor Moss,Ellicott City,MD,21042,710000,4,3.0,ELLICOTT MEADOWS,3407,,2006,,208,498,Sold,,,https://www.redfin.com/MD/Ellicott-City/12111-Windsor-Moss-21042/home/185247377,BRIGHT MLS,MDHW2027722,N,Y,39.2901102,-76.8986901
PAST SALE,May-18-2023,Single Family Residential,4829 Roundhill Rd,Ellicott City,MD,21043,420000,3,2.0,WORTHINGTON,1387,22912,1961,,303,,Sold,,,https://www.redfin.com/MD/Ellicott-City/4829-Roundhill-Rd-21043/home/10011889,BRIGHT MLS,MDHW2027434,N,Y,39.2370967,-76.7865106
PAST SALE,September-29-2023,Single Family Residential,10341 Wetherburn Rd,Woodstock,MD,21163,825000,4,3.0,WAVERLY WOODS,2823,14010,1993,,292,17,Sold,,,https://www.redfin.com/MD/Woodstock/10341-Wetherburn-Rd-21163/home/10065338,BRIGHT MLS,MDHW2030946,N,Y,39.3056649,-76.8750012
PAST SALE,August-10-2023,Single Family Residential,7824 Flagstone Ct,Ellicott City,MD,21043,820000,5,3.5,Ellicott City,3687,14006,1989,,222,10,Sold,,,https://www.redfin.com/MD/Ellicott-City/7824-Flagstone-Ct-21043/home/9875767,BRIGHT MLS,MDHW2030088,N,Y,39.2151638,-76.7838513
PAST SALE,May-26-2023,Single Family Residential,2907 River Falls Ct,Ellicott City,MD,21042,879000,5,3.5,TURF VALLEY OVERLOOK,3472,15333,1990,,253,6,Sold,,,https://www.redfin.com/MD/Ellicott-City/2907-River-Falls-Ct-21042/home/10053514,BRIGHT MLS,MDHW2027384,N,Y,39.287508,-76.8806086
PAST SALE,June-28-2023,Single Family Residential,3155 The Oaks Rd,Ellicott City,MD,21043,775000,3,3.0,THE OAKS,2521,35980,1964,,307,50,Sold,,,https://www.redfin.com/MD/Ellicott-City/3155-The-Oaks-Rd-21043/home/10020758,BRIGHT MLS,MDHW2028388,N,Y,39.2842745,-76.7941276
PAST SALE,July-14-2023,Single Family Residential,2186 Oak Forest Dr,Ellicott City,MD,21043,809000,4,3.5,HOLLIFIELD ESTATES,3769,7485,2002,,215,33,Sold,,,https://www.redfin.com/MD/Ellicott-City/2186-Oak-Forest-Dr-21043/home/10206103,BRIGHT MLS,MDHW2028674,N,Y,39.3131092,-76.7980937
PAST SALE,September-29-2023,Single Family Residential,4596 Roundhill Rd,Ellicott City,MD,21043,937000,4,3.5,Ellicott City,3647,24829,2017,,257,,Sold,,,https://www.redfin.com/MD/Ellicott-City/4596-Roundhill-Rd-21043/home/10029006,BRIGHT MLS,MDHW2032610,N,Y,39.2441655,-76.7928206
PAST SALE,June-2-2023,Townhouse,4627 Hallowed Strm,Ellicott City,MD,21042,458000,3,3.0,DORSEY HALL,2050,2050,1987,,223,196,Sold,,,https://www.redfin.com/MD/Ellicott-City/4627-Hallowed-Strm-21042/home/10047396,BRIGHT MLS,MDHW2027480,N,Y,39.2479457,-76.8409212
PAST SALE,August-21-2023,Single Family Residential,3623 Cameron Ct,Ellicott City,MD,21042,725000,2,2.0,Ellicott City,1634,49223,2000,,444,,Sold,,,https://www.redfin.com/MD/Ellicott-City/3623-Cameron-Ct-21042/home/10206381,BRIGHT MLS,MDHW2030076,N,Y,39.2696604,-76.9066379
PAST SALE,October-23-2023,Single Family Residential,8638 N Bali Ct,Ellicott City,MD,21043,605000,3,3.0,STONECREST,3360,28828,1964,,180,,Sold,,,https://www.redfin.com/MD/Ellicott-City/8638-N-Bali-Ct-21043/home/10030602,BRIGHT MLS,MDHW2032748,N,Y,39.2572581,-76.8093841
PAST SALE,October-10-2023,Single Family Residential,5125 Crestwood Ln SE,Ellicott City,MD,21043,960500,5,3.5,CRESTWOOD,4612,17617,2001,,208,36,Sold,,,https://www.redfin.com/MD/Ellicott-City/5125-Crestwood-Ln-21043/home/9900971,BRIGHT MLS,MDHW2032330,N,Y,39.2346641,-76.7794115
PAST SALE,May-1-2023,Single Family Residential,8239 Elko Dr,Ellicott City,MD,21043,832000,4,3.5,MONTGOMERY MEADOWS,3038,14668,1994,,274,13,Sold,,,https://www.redfin.com/MD/Ellicott-City/8239-Elko-Dr-21043/home/9885275,BRIGHT MLS,MDHW2026008,N,Y,39.2246191,-76.7959755
PAST SALE,August-16-2023,Single Family Residential,4631 Doncaster Dr,Ellicott City,MD,21043,1025000,8,4.5,ELLICOTT WOODS,4893,31189,2020,,209,,Sold,,,https://www.redfin.com/MD/Ellicott-City/4631-Doncaster-Dr-21043/home/170717001,BRIGHT MLS,MDHW2029522,N,Y,39.241704,-76.7932713
PAST SALE,August-21-2023,Single Family Residential,4952 Brampton Pkwy,Ellicott City,MD,21043,840000,4,3.5,BRAMPTON HILLS,2870,14505,1989,,293,,Sold,,,https://www.redfin.com/MD/Ellicott-City/4952-Brampton-Pkwy-21043/home/10053191,BRIGHT MLS,MDHW2030798,N,Y,39.2343776,-76.810239
PAST SALE,October-2-2023,Single Family Residential,2344 Calvin Cir,Ellicott City,MD,21042,685100,4,3.0,MOUNT HEBRON,2200,23522,1971,,311,,Sold,,,https://www.redfin.com/MD/Ellicott-City/2344-Calvin-Cir-21042/home/10012954,BRIGHT MLS,MDHW2030740,N,Y,39.3045272,-76.830944
PAST SALE,August-18-2023,Single Family Residential,2904 Pebble Beach Dr,Ellicott City,MD,21042,895000,4,3.0,TURF VALLEY OVERLOOK,3258,14042,1990,,275,,Sold,,,https://www.redfin.com/MD/Ellicott-City/2904-Pebble-Beach-Dr-21042/home/10053547,BRIGHT MLS,MDHW2029828,N,Y,39.2889377,-76.8810815
PAST SALE,July-14-2023,Single Family Residential,4400 Huxley Dr,Ellicott City,MD,21043,815000,4,3.5,AUTUMN VIEW,3258,8148,2004,,250,59,Sold,,,https://www.redfin.com/MD/Ellicott-City/4400-Huxley-Dr-21043/home/10218348,BRIGHT MLS,MDHW2029810,N,Y,39.2476661,-76.7771352
PAST SALE,August-10-2023,Single Family Residential,3774 Spring Meadow Dr,Ellicott City,MD,21042,787000,4,3.0,DUNLOGGIN,3699,21213,1970,,213,,Sold,,,https://www.redfin.com/MD/Ellicott-City/3774-Spring-Meadow-Dr-21042/home/10014778,BRIGHT MLS,MDHW2029480,N,Y,39.265852,-76.8364924
PAST SALE,July-13-2023,Single Family Residential,4511 Speedwell Ct,Ellicott City,MD,21042,880000,5,3.5,DORSEY HALL,3691,19244,1987,,238,173,Sold,,,https://www.redfin.com/MD/Ellicott-City/4511-Speedwell-Ct-21042/home/10046111,BRIGHT MLS,MDHW2029396,N,Y,39.2536292,-76.8311243
PAST SALE,June-5-2023,Single Family Residential,4612 Broken Lute Way,Ellicott City,MD,21042,751342,5,2.5,DORSEY HALL,3080,10837,1987,,244,140,Sold,,,https://www.redfin.com/MD/Ellicott-City/4612-Broken-Lute-Way-21042/home/10045915,BRIGHT MLS,MDHW2027358,N,Y,39.2495938,-76.8364633
PAST SALE,June-29-2023,Single Family Residential,4721 Gawain Pl,Ellicott City,MD,21043,626000,3,3.0,WORTHINGTON,2225,22651,1962,,281,,Sold,,,https://www.redfin.com/MD/Ellicott-City/4721-Gawain-Pl-21043/home/10029921,BRIGHT MLS,MDHW2027836,N,Y,39.2403513,-76.7849782
PAST SALE,May-31-2023,Townhouse,8751 Stonehouse Dr,Ellicott City,MD,21043,600000,3,3.0,DANIEL'S MILL OVERLOOK,2248,2200,1997,,267,27,Sold,,,https://www.redfin.com/MD/Ellicott-City/8751-Stonehouse-Dr-21043/home/10076076,BRIGHT MLS,MDHW2027874,N,Y,39.3040924,-76.8163482
PAST SALE,June-7-2023,Townhouse,7410 Jeans Way,Ellicott City,MD,21043,725000,4,3.5,ILCHESTER HILLS,3143,6505,2005,,231,40,Sold,,,https://www.redfin.com/MD/Ellicott-City/7410-Jeans-Way-21043/home/10218203,BRIGHT MLS,MDHW2027988,N,Y,39.2419403,-76.7669026
PAST SALE,July-25-2023,Single Family Residential,4705 Shelley Ln,Ellicott City,MD,21043,575000,3,2.0,WORTHINGTON,1901,24393,1963,,302,,Sold,,,https://www.redfin.com/MD/Ellicott-City/4705-Shelley-Ln-21043/home/10025435,BRIGHT MLS,MDHW2029526,N,Y,39.2422183,-76.7831752
PAST SALE,June-30-2023,Townhouse,8527 Pine Run Ct,Ellicott City,MD,21043,425000,3,3.5,TIMBER RUN VALLEY,2120,1830,1982,,200,42,Sold,,,https://www.redfin.com/MD/Ellicott-City/8527-Pine-Run-Ct-21043/home/10037369,BRIGHT MLS,MDHW2028248,N,Y,39.2267252,-76.8066218
PAST SALE,May-31-2023,Townhouse,8882 Papillon Dr,Ellicott City,MD,21043,455000,2,2.5,PAPILLON,1720,1600,2000,,265,53,Sold,,,https://www.redfin.com/MD/Ellicott-City/8882-Papillon-Dr-21043/home/10075550,BRIGHT MLS,MDHW2026598,N,Y,39.2729933,-76.8157193
PAST SALE,May-26-2023,Townhouse,10930 Fairmont Ln,Ellicott City,MD,21042,885000,3,3.5,VILLAGES AT TURF VALLEY,3824,5400,2015,,231,126,Sold,,,https://www.redfin.com/MD/Ellicott-City/10930-Fairmont-Ln-21042/home/59255136,BRIGHT MLS,MDHW2026612,N,Y,39.302511,-76.8924903
PAST SALE,July-18-2023,Single Family Residential,2491 Sophia Chase Dr,Marriottsville,MD,21104,850000,3,3.0,COURTYARDS AT WAVERLY WOODS,3771,7453,2015,,225,226,Sold,,,https://www.redfin.com/MD/Marriottsville/2491-Sophia-Chase-Dr-21104/home/63685125,BRIGHT MLS,MDHW2028712,N,Y,39.313863,-76.9052645
PAST SALE,July-14-2023,Single Family Residential,2559 Sophia Chase Dr,Marriottsville,MD,21104,870000,3,3.0,WAVERLY WOODS WEST,3859,8124,2016,,225,226,Sold,,,https://www.redfin.com/MD/Marriottsville/2559-Sophia-Chase-Dr-21104/home/108437256,BRIGHT MLS,MDHW2029630,N,Y,39.3151162,-76.9038461
PAST SALE,April-28-2023,Townhouse,2912 Evening Dew Dr #65,Woodstock,MD,21163,622000,3,2.5,COURTYARDS AT WAVERLY WOODS EAST,2651,,2007,,235,352,Sold,,,https://www.redfin.com/MD/Woodstock/2912-Evening-Dew-Dr-21163/unit-65/home/17406819,BRIGHT MLS,MDHW2026646,N,Y,39.3128447,-76.8959882
PAST SALE,August-31-2023,Single Family Residential,3918 Chatham Rd,Ellicott City,MD,21042,750900,5,3.0,DUNLOGGIN,2768,35152,1959,,271,,Sold,,,https://www.redfin.com/MD/Ellicott-City/3918-Chatham-Rd-21042/home/10011866,BRIGHT MLS,MDHW2031002,N,Y,39.2625364,-76.8329715
PAST SALE,August-25-2023,Townhouse,3331 Hollow Ct,Ellicott City,MD,21043,511000,3,3.0,HOWARDS RIDGE,1852,1307,1999,,276,72,Sold,,,https://www.redfin.com/MD/Ellicott-City/3331-Hollow-Ct-21043/home/10074163,BRIGHT MLS,MDHW2030554,N,Y,39.2831759,-76.8188364
PAST SALE,July-17-2023,Single Family Residential,2804 Still Leaf Ln,Ellicott City,MD,21042,925000,4,2.5,ST JOHNS GREEN,2510,16001,1986,,369,,Sold,,,https://www.redfin.com/MD/Ellicott-City/2804-Still-Leaf-Ln-21042/home/10042429,BRIGHT MLS,MDHW2029944,N,Y,39.2927619,-76.8430636
PAST SALE,August-25-2023,Single Family Residential,2724 Thornbrook Rd,Ellicott City,MD,21042,975000,4,3.5,MOUNT HEBRON,3178,15733,1991,,307,,Sold,,,https://www.redfin.com/MD/Ellicott-City/2724-Thornbrook-Rd-21042/home/10057626,BRIGHT MLS,MDHW2030704,N,Y,39.3068644,-76.8409011
PAST SALE,June-6-2023,Townhouse,5747 Richards Valley Rd,Ellicott City,MD,21043,546000,3,2.5,SHIPLEYS GRANT,1664,2614,2016,,328,120,Sold,,,https://www.redfin.com/MD/Ellicott-City/5747-Richards-Valley-Rd-21043/home/103969657,BRIGHT MLS,MDHW2027966,N,Y,39.2141675,-76.8013763
PAST SALE,April-28-2023,Single Family Residential,3909 Blue River Ct,Ellicott City,MD,21042,902000,4,4.0,GRAY ROCK FARM,3733,20901,1994,,242,3,Sold,,,https://www.redfin.com/MD/Ellicott-City/3909-Blue-River-Ct-21042/home/10067298,BRIGHT MLS,MDHW2025422,N,Y,39.2620954,-76.8451359
PAST SALE,August-25-2023,Townhouse,10810 Wadsworth Rd,Woodstock,MD,21163,595000,3,3.0,WAVERLY WOODS,2228,2178,2001,,267,35,Sold,,,https://www.redfin.com/MD/Woodstock/10810-Wadsworth-Rd-21163/home/10096843,BRIGHT MLS,MDHW2031024,N,Y,39.3100641,-76.8831532
PAST SALE,July-3-2023,Single Family Residential,3910 Walt Ann Dr,Ellicott City,MD,21042,810000,3,3.0,SHEPHERDS GLEN,3476,43560,1968,,233,,Sold,,,https://www.redfin.com/MD/Ellicott-City/3910-Walt-Ann-Dr-21042/home/10081488,BRIGHT MLS,MDHW2028394,N,Y,39.2633224,-76.9728347
PAST SALE,October-17-2023,Single Family Residential,8578 Autumn Harvest,Ellicott City,MD,21043,720000,4,3.0,WHEATFIELD,2684,7405,1988,,268,12,Sold,,,https://www.redfin.com/MD/Ellicott-City/8578-Autumn-Harvest-21043/home/10047792,BRIGHT MLS,MDHW2033166,N,Y,39.2446189,-76.81274
PAST SALE,July-7-2023,Single Family Residential,9317 Dunloggin Rd,Ellicott City,MD,21042,750000,5,3.5,DUNLOGGIN,4354,36677,1971,,172,,Sold,,,https://www.redfin.com/MD/Ellicott-City/9317-Dunloggin-Rd-21042/home/12525020,BRIGHT MLS,MDHW2028766,N,Y,39.2631441,-76.8340979
PAST SALE,July-7-2023,Single Family Residential,9413 Parsley Dr,Ellicott City,MD,21042,675000,3,2.0,MOUNT HEBRON,2968,36764,1977,,227,,Sold,,,https://www.redfin.com/MD/Ellicott-City/9413-Parsley-Dr-21042/home/10031963,BRIGHT MLS,MDHW2029286,N,Y,39.3020431,-76.8388286
PAST SALE,August-14-2023,Single Family Residential,9522 Joey Dr,Ellicott City,MD,21042,760000,4,2.5,VALLEY MEDE,2608,20037,1980,,291,,Sold,,,https://www.redfin.com/MD/Ellicott-City/9522-Joey-Dr-21042/home/10034074,BRIGHT MLS,MDHW2030350,N,Y,39.284571,-76.8436042
PAST SALE,August-10-2023,Single Family Residential,4006 Willow Bend Ct,Ellicott City,MD,21042,890000,4,3.5,DORSEY SEARCH,2898,14969,1984,,307,,Sold,,,https://www.redfin.com/MD/Ellicott-City/4006-Willow-Bend-Ct-21042/home/10036644,BRIGHT MLS,MDHW2030210,N,Y,39.260721,-76.84428
PAST SALE,August-23-2023,Townhouse,4705 Rams Horn Row,Ellicott City,MD,21042,495000,3,3.5,DORSEY HALL,1852,2222,1988,,267,73,Sold,,,https://www.redfin.com/MD/Ellicott-City/4705-Rams-Horn-Row-21042/home/10050565,BRIGHT MLS,MDHW2030908,N,Y,39.2478381,-76.8425652
PAST SALE,September-25-2023,Single Family Residential,9858 Helmwood Ct,Ellicott City,MD,21042,606000,3,2.5,VALLEY MEDE,2913,19994,1978,,208,,Sold,,,https://www.redfin.com/MD/Ellicott-City/9858-Helmwood-Ct-21042/home/10032317,BRIGHT MLS,MDHW2031948,N,Y,39.291392,-76.8495509
PAST SALE,,Single Family Residential,8762 Wellford Dr,Ellicott City,MD,21042,650000,,5.0,,5147,8909,2016,,126,,,,,https://www.redfin.com/MD/Ellicott-City/8762-Wellford-Dr-21042/home/108438071,,,N,Y,39.2470731,-76.8527719
PAST SALE,July-27-2023,Townhouse,8766 Manahan Dr,Ellicott City,MD,21043,461100,3,2.5,TOLL HOUSE,1692,2125,1989,,273,63,Sold,,,https://www.redfin.com/MD/Ellicott-City/8766-Manahan-Dr-21043/home/10052055,BRIGHT MLS,MDHW2029236,N,Y,39.267096,-76.8157373
PAST SALE,September-29-2023,Single Family Residential,4040 Hunt Ave,Ellicott City,MD,21043,550000,3,2.0,Ellicott City,1639,11891,1948,,336,,Sold,,,https://www.redfin.com/MD/Ellicott-City/4040-Hunt-Ave-21043/home/10027492,BRIGHT MLS,MDHW2031698,N,Y,39.2619106,-76.8080533
PAST SALE,May-12-2023,Townhouse,10648 Sandown Way NE,Woodstock,MD,21163,615000,3,3.5,WAVERLY WOODS,2367,1926,1998,,260,35,Sold,,,https://www.redfin.com/MD/Woodstock/10648-Sandown-Way-21163/home/10093948,BRIGHT MLS,MDHW2026624,N,Y,39.3098672,-76.8805296
PAST SALE,June-20-2023,Townhouse,7624 Oldfield Ln W,Ellicott City,MD,21043,433000,3,2.5,WOODLAND VILLAGE,1990,1742,1993,,218,90,Sold,,,https://www.redfin.com/MD/Ellicott-City/7624-Oldfield-Ln-21043/home/9878335,BRIGHT MLS,MDHW2028056,N,Y,39.1990142,-76.7839865
PAST SALE,May-26-2023,Single Family Residential,10229 Little Brick House Ct,Ellicott City,MD,21042,800000,4,3.5,CENTENNIAL MANOR,3584,21615,1988,,223,2,Sold,,,https://www.redfin.com/MD/Ellicott-City/10229-Little-Brick-House-Ct-21042/home/10046265,BRIGHT MLS,MDHW2027322,N,Y,39.271592,-76.8688756
PAST SALE,August-16-2023,Single Family Residential,3804 Folly Quarter Rd,Ellicott City,MD,21042,829287,4,4.0,Ellicott City,3082,87120,1963,,269,,Sold,,,https://www.redfin.com/MD/Ellicott-City/3804-Folly-Quarter-Rd-21042/home/10082917,BRIGHT MLS,MDHW2030926,N,Y,39.266659,-76.9204356
PAST SALE,September-11-2023,Single Family Residential,10379 Wetherburn Rd,Woodstock,MD,21163,1175000,5,4.0,WAVERLY WOODS,5146,22916,1995,,228,17,Sold,,,https://www.redfin.com/MD/Woodstock/10379-Wetherburn-Rd-21163/home/10091907,BRIGHT MLS,MDHW2031958,N,Y,39.3076522,-76.8754741
PAST SALE,,Single Family Residential,4921 Snowy Reach,Columbia,MD,21044,620000,,2.5,,2313,13764,1972,,268,,,,,https://www.redfin.com/MD/Columbia/4921-Snowy-Reach-21044/home/9911005,,,N,Y,39.2362566,-76.8605875
PAST SALE,October-2-2023,Townhouse,10924 Fairmont Ln,Ellicott City,MD,21042,870000,3,3.5,TURF VALLEY,4076,3690,2015,,213,126,Sold,,,https://www.redfin.com/MD/Ellicott-City/10924-Fairmont-Ln-21042/home/59255133,BRIGHT MLS,MDHW2032010,N,Y,39.3026121,-76.8922504
PAST SALE,August-24-2023,Single Family Residential,3011 Wooded Knoll Ct,Ellicott City,MD,21042,901000,5,3.5,TURF VALLEY OVERLOOK,3511,12677,1991,,257,,Sold,,,https://www.redfin.com/MD/Ellicott-City/3011-Wooded-Knoll-Ct-21042/home/10063434,BRIGHT MLS,MDHW2030804,N,Y,39.2870803,-76.8759921
PAST SALE,May-26-2023,Single Family Residential,4649 Old Dragon Path,Ellicott City,MD,21042,735000,4,2.5,DORSEY SEARCH,2652,9321,1987,,277,142,Sold,,,https://www.redfin.com/MD/Ellicott-City/4649-Old-Dragon-Path-21042/home/10045886,BRIGHT MLS,MDHW2025962,N,Y,39.2487528,-76.8362606
PAST SALE,July-21-2023,Single Family Residential,2901 Cypress Bay Ct,Ellicott City,MD,21042,780000,4,3.0,TURF VALLEY OVERLOOK,2698,14018,1989,,289,6,Sold,,,https://www.redfin.com/MD/Ellicott-City/2901-Cypress-Bay-Ct-21042/home/10053691,BRIGHT MLS,MDHW2029190,N,Y,39.2887383,-76.8782891
PAST SALE,July-27-2023,Single Family Residential,6267 Woodcrest Dr,Ellicott City,MD,21043,565000,3,3.0,WOODBROOK,1953,12458,1993,,289,,Sold,,,https://www.redfin.com/MD/Ellicott-City/6267-Woodcrest-Dr-21043/home/9887427,BRIGHT MLS,MDHW2029350,N,Y,39.2002598,-76.7916938
PAST SALE,May-31-2023,Single Family Residential,2821 Greenway Dr,Ellicott City,MD,21042,575000,3,3.0,VALLEY MEDE,2310,20037,1964,,249,,Sold,,,https://www.redfin.com/MD/Ellicott-City/2821-Greenway-Dr-21042/home/10026767,BRIGHT MLS,MDHW2027662,N,Y,39.2923942,-76.8370715
PAST SALE,July-17-2023,Single Family Residential,3020 Terra Maria Way,Ellicott City,MD,21042,899000,6,4.5,TERRA MARIA,4719,10896,2001,,191,88,Sold,,,https://www.redfin.com/MD/Ellicott-City/3020-Terra-Maria-Way-21042/home/10072009,BRIGHT MLS,MDHW2029182,N,Y,39.2865435,-76.889098
PAST SALE,June-2-2023,Single Family Residential,4856 Ellicott Woods Ln,Ellicott City,MD,21043,801000,4,2.5,ELLICOTT WOODS,2750,23522,1996,,291,13,Sold,,,https://www.redfin.com/MD/Ellicott-City/4856-Ellicott-Woods-Ln-21043/home/10066789,BRIGHT MLS,MDHW2027498,N,Y,39.2410331,-76.7926403
PAST SALE,June-9-2023,Single Family Residential,12091 Windsor Moss #29,Ellicott City,MD,21042,670000,3,2.5,ELLICOTT MEADOWS,2952,,2006,,227,498,Sold,,,https://www.redfin.com/MD/Ellicott-City/12091-Windsor-Moss-21042/unit-29/home/10225077,BRIGHT MLS,MDHW2028242,N,Y,39.2902579,-76.8996357
PAST SALE,July-28-2023,Single Family Residential,8510 Hedge Row Ct,Ellicott City,MD,21043,707000,4,2.5,WHEATFIELD,2410,7535,1987,,293,12,Sold,,,https://www.redfin.com/MD/Ellicott-City/8510-Hedge-Row-Ct-21043/home/10047639,BRIGHT MLS,MDHW2030430,N,Y,39.2456966,-76.8092701
PAST SALE,September-6-2023,Townhouse,3324 Honey Bee Ct,Ellicott City,MD,21043,467000,3,3.5,HOWARDS RIDGE,2080,871,1998,,225,72,Sold,,,https://www.redfin.com/MD/Ellicott-City/3324-Honey-Bee-Ct-21043/home/10073845,BRIGHT MLS,MDHW2031240,N,Y,39.2828125,-76.8189804
PAST SALE,August-28-2023,Townhouse,2657 Legends Way,Ellicott City,MD,21042,660000,3,3.0,LEGENDS AT TURF VALLEY,2833,2178,2001,,233,157,Sold,,,https://www.redfin.com/MD/Ellicott-City/2657-Legends-Way-21042/home/10205500,BRIGHT MLS,MDHW2030574,N,Y,39.2972673,-76.8724819
PAST SALE,May-10-2023,Single Family Residential,2930 Excelsior Springs Ct S,Ellicott City,MD,21042,1065000,5,4.0,TURF VALLEY OVERLOOK,4496,14115,1993,,237,22,Sold,,,https://www.redfin.com/MD/Ellicott-City/2930-Excelsior-Springs-Ct-21042/home/10064422,BRIGHT MLS,MDHW2026614,N,Y,39.2927563,-76.8813517
PAST SALE,October-20-2023,Single Family Residential,2628 Mckenzie Rd,Ellicott City,MD,21042,1100000,5,4.5,MCKENZIE MEADOWS,4401,20174,2020,,250,,Sold,,,https://www.redfin.com/MD/Ellicott-City/2628-McKenzie-Rd-21042/home/10020303,BRIGHT MLS,MDHW2032562,N,Y,39.2975745,-76.8459243
PAST SALE,June-30-2023,Townhouse,8531 Coltrane Ct #46,Ellicott City,MD,21043,625000,3,2.5,GATHERINGS AT ELLICOTT MILLS,2555,,2016,,245,344,Sold,,,https://www.redfin.com/MD/Ellicott-City/8531-Coltrane-Ct-21043/unit-46/home/143449699,BRIGHT MLS,MDHW2027644,N,Y,39.2879163,-76.823738
PAST SALE,July-7-2023,Single Family Residential,12261 Etchison Rd,Ellicott City,MD,21042,852000,4,4.5,WOODMARK,3534,47480,1985,,241,,Sold,,,https://www.redfin.com/MD/Ellicott-City/12261-Etchison-Rd-21042/home/10079626,BRIGHT MLS,MDHW2028744,N,Y,39.276038,-76.9383115
PAST SALE,July-27-2023,Townhouse,3314 Hollow Ct,Ellicott City,MD,21043,487000,3,3.0,HOWARDS RIDGE,1816,,2000,,268,72,Sold,,,https://www.redfin.com/MD/Ellicott-City/3314-Hollow-Ct-21043/home/10074324,BRIGHT MLS,MDHW2029504,N,Y,39.283699,-76.8175337
PAST SALE,,Single Family Residential,3985 High Point Rd,Ellicott City,MD,21042,650000,,2.5,,2830,21780,1969,,230,,,,,https://www.redfin.com/MD/Ellicott-City/3985-High-Point-Rd-21042/home/10012125,,,N,Y,39.261893,-76.8232747
PAST SALE,August-3-2023,Single Family Residential,8350 Sunset Dr,Ellicott City,MD,21043,556789,4,2.0,Ellicott City,2557,62291,1949,,218,,Sold,,,https://www.redfin.com/MD/Ellicott-City/8350-Sunset-Dr-21043/home/10025499,BRIGHT MLS,MDHW2029152,N,Y,39.2296012,-76.801397
PAST SALE,October-6-2023,Single Family Residential,10313 Paddington Ct,Ellicott City,MD,21042,1035000,4,4.5,BURLEIGH MANOR,4252,16451,1990,,243,16,Sold,,,https://www.redfin.com/MD/Ellicott-City/10313-Paddington-Ct-21042/home/10055512,BRIGHT MLS,MDHW2031414,N,Y,39.2591146,-76.8673854
PAST SALE,August-10-2023,Single Family Residential,8941 Chapel Ave,Ellicott City,MD,21043,541000,4,2.0,WILTON FARM ACRES,1730,33018,1962,,313,,Sold,,,https://www.redfin.com/MD/Ellicott-City/8941-Chapel-Ave-21043/home/10028196,BRIGHT MLS,MDHW2030218,N,Y,39.2994426,-76.823104
PAST SALE,July-5-2023,Townhouse,4707 Columbia Rd,Ellicott City,MD,21042,481800,4,3.0,DORSEY HALL,2050,3049,1989,,235,72,Sold,,,https://www.redfin.com/MD/Ellicott-City/4707-Columbia-Rd-21042/home/10055123,BRIGHT MLS,MDHW2028524,N,Y,39.2494392,-76.840744
PAST SALE,June-12-2023,Single Family Residential,8609 Moxley Dr,Ellicott City,MD,21043,1050000,6,5.0,PATAPSCO CROSSING,4776,11109,2022,,220,184,Sold,,,https://www.redfin.com/MD/Ellicott-City/8609-Moxley-Dr-21043/home/174788062,BRIGHT MLS,MDHW2027982,N,Y,39.300123,-76.806084
PAST SALE,July-20-2023,Single Family Residential,4020 Arjay Cir,Ellicott City,MD,21042,645000,5,3.0,FONT HILL,2571,19994,1979,,251,,Sold,,,https://www.redfin.com/MD/Ellicott-City/4020-Arjay-Cir-21042/home/10032420,BRIGHT MLS,MDHW2028898,N,Y,39.2600811,-76.8529746
PAST SALE,July-19-2023,Single Family Residential,3994 White Rose Way W,Ellicott City,MD,21042,955000,5,3.5,BURLEIGH MANOR,3388,17555,1988,,282,16,Sold,,,https://www.redfin.com/MD/Ellicott-City/3994-White-Rose-Way-21042/home/10052582,BRIGHT MLS,MDHW2028778,N,Y,39.2604333,-76.8662013
PAST SALE,May-15-2023,Single Family Residential,3661 Folly Quarter Rd,Ellicott City,MD,21042,1325000,5,6.0,Ellicott City,5186,82328,2021,,255,65,Sold,,,https://www.redfin.com/MD/Ellicott-City/3661-Folly-Quarter-Rd-21042/home/10084639,BRIGHT MLS,MDHW2026986,N,Y,39.2704935,-76.9137747
PAST SALE,August-25-2023,Single Family Residential,5223 Font Ave,Ellicott City,MD,21043,570000,3,2.0,Ellicott City,1695,33658,1962,,336,,Sold,,,https://www.redfin.com/MD/Ellicott-City/5223-Font-Ave-21043/home/9862966,BRIGHT MLS,MDHW2030184,N,Y,39.226038,-76.786105
PAST SALE,August-18-2023,Single Family Residential,8980 Furrow Ave,Ellicott City,MD,21042,1200000,4,4.5,PATAPSCO PARK ESTATES,5353,46609,1988,,224,,Sold,,,https://www.redfin.com/MD/Ellicott-City/8980-Furrow-Ave-21042/home/10041570,BRIGHT MLS,MDHW2030598,N,Y,39.3130269,-76.8271483
PAST SALE,August-25-2023,Single Family Residential,10169 Maxine St,Ellicott City,MD,21042,835000,4,2.5,CENTENNIAL ESTATES,2592,15905,1987,,322,,Sold,,,https://www.redfin.com/MD/Ellicott-City/10169-Maxine-St-21042/home/10044446,BRIGHT MLS,MDHW2031186,N,Y,39.24556,-76.8623893
PAST SALE,June-30-2023,Townhouse,4770 Dorsey Hall Dr #5,Ellicott City,MD,21042,325000,3,2.5,DORSEY HALL,1210,,1990,,269,407,Sold,,,https://www.redfin.com/MD/Ellicott-City/4770-Dorsey-Hall-Dr-21042/unit-5/home/10061476,BRIGHT MLS,MDHW2028562,N,Y,39.244291,-76.84074
PAST SALE,July-18-2023,Single Family Residential,10206 Tarpley Ct,Ellicott City,MD,21042,1020000,4,4.5,WAVERLY WOODS,4476,14285,1990,,228,16,Sold,,,https://www.redfin.com/MD/Ellicott-City/10206-Tarpley-Ct-21042/home/10059695,BRIGHT MLS,MDHW2029266,N,Y,39.3028193,-76.8701593
PAST SALE,June-28-2023,Single Family Residential,4503 Mustering Drum,Ellicott City,MD,21042,840000,5,3.5,DORSEY HALL,3869,17386,1987,,217,164,Sold,,,https://www.redfin.com/MD/Ellicott-City/4503-Mustering-Drum-21042/home/10046172,BRIGHT MLS,MDHW2028370,N,Y,39.2507323,-76.8317776
PAST SALE,August-14-2023,Single Family Residential,10147 Hobsons Choice Ln,Ellicott City,MD,21042,685000,4,3.5,ALLENFORD,2680,20037,1990,,256,,Sold,,,https://www.redfin.com/MD/Ellicott-City/10147-Hobsons-Choice-Ln-21042/home/10059281,BRIGHT MLS,MDHW2029960,N,Y,39.3106291,-76.8595064
PAST SALE,August-22-2023,Single Family Residential,10309 Wetherburn Rd,Ellicott City,MD,21042,1040000,5,3.5,WETHERBURN,5430,18706,1991,,192,16,Sold,,,https://www.redfin.com/MD/Ellicott-City/10309-Wetherburn-Rd-21042/home/10059528,BRIGHT MLS,MDHW2030262,N,Y,39.3031264,-76.8730194
PAST SALE,May-30-2023,Townhouse,3035 John Bernard Dr #162,Ellicott City,MD,21042,617000,2,3.5,ELLICOTT MEADOWS,3071,,2012,,201,496,Sold,,,https://www.redfin.com/MD/Ellicott-City/3035-John-Bernard-Dr-21042/unit-162/home/44625338,BRIGHT MLS,MDHW2027096,N,Y,39.2871204,-76.8945021
PAST SALE,May-8-2023,Single Family Residential,5331 Heatherland Ct,Ellicott City,MD,21043,925000,4,3.5,MONTGOMERY MEADOWS,4144,14385,1995,,223,13,Sold,,,https://www.redfin.com/MD/Ellicott-City/5331-Heatherland-Ct-21043/home/9883805,BRIGHT MLS,MDHW2026652,N,Y,39.2229239,-76.7961557
PAST SALE,September-15-2023,Single Family Residential,4711 Winksley Ct,Ellicott City,MD,21043,725000,4,2.5,BRAMPTON HILLS,2505,15638,1986,,289,,Sold,,,https://www.redfin.com/MD/Ellicott-City/4711-Winksley-Ct-21043/home/10042216,BRIGHT MLS,MDHW2031514,N,Y,39.2409819,-76.8123344
PAST SALE,August-30-2023,Townhouse,8128 Trotters Chase,Ellicott City,MD,21043,653000,4,3.5,Ellicott City,2558,2646,2020,,255,90,Sold,,,https://www.redfin.com/MD/Ellicott-City/8128-Trotters-Chase-21043/home/167585762,BRIGHT MLS,MDHW2030612,N,Y,39.2155488,-76.7930121
PAST SALE,September-22-2023,Single Family Residential,8248 Elko Dr,Ellicott City,MD,21043,852500,4,3.5,MONTGOMERY MEADOWS,3358,16436,1994,,254,13,Sold,,,https://www.redfin.com/MD/Ellicott-City/8248-Elko-Dr-21043/home/9885221,BRIGHT MLS,MDHW2031080,N,Y,39.2264404,-76.7967191
PAST SALE,July-6-2023,Single Family Residential,5129 Britten Ln,Ellicott City,MD,21043,800000,5,3.5,CRESTWOOD,4940,16404,1999,,162,41,Sold,,,https://www.redfin.com/MD/Ellicott-City/5129-Britten-Ln-21043/home/9897530,BRIGHT MLS,MDHW2028540,N,Y,39.2342667,-76.7747462
PAST SALE,August-21-2023,Single Family Residential,13176 Folly Quarter Rd,Ellicott City,MD,21042,360000,1,1.0,Ellicott City,800,70131,1947,,450,,Sold,,,https://www.redfin.com/MD/Ellicott-City/13176-Folly-Quarter-Rd-21042/home/10091756,BRIGHT MLS,MDHW2029318,N,Y,39.2601648,-76.9706744
PAST SALE,October-6-2023,Townhouse,8008 Brightfield Rd,Ellicott City,MD,21043,432000,3,3.0,BRIGHTFIELD,1932,1700,1991,,224,44,Sold,,,https://www.redfin.com/MD/Ellicott-City/8008-Brightfield-Rd-21043/home/9879408,BRIGHT MLS,MDHW2032644,N,Y,39.2123989,-76.7873107
PAST SALE,July-11-2023,Single Family Residential,12830 Triadelphia Rd,Ellicott City,MD,21042,806000,4,3.5,Ellicott City,2971,89298,1968,,271,,Sold,,,https://www.redfin.com/MD/Ellicott-City/12830-Triadelphia-Rd-21042/home/10084706,BRIGHT MLS,MDHW2028944,N,Y,39.2745836,-76.9581624
PAST SALE,August-18-2023,Single Family Residential,9701 Robert Jay Way,Ellicott City,MD,21042,917500,4,3.5,BRIDGEWATER,4200,15061,1990,,218,,Sold,,,https://www.redfin.com/MD/Ellicott-City/9701-Robert-Jay-Way-21042/home/10056620,BRIGHT MLS,MDHW2030192,N,Y,39.3054127,-76.8524115
PAST SALE,August-21-2023,Single Family Residential,9242 Marydell Rd,Ellicott City,MD,21042,545000,4,2.0,Ellicott City,1854,23653,1957,,294,,Sold,,,https://www.redfin.com/MD/Ellicott-City/9242-Marydell-Rd-21042/home/10022269,BRIGHT MLS,MDHW2030442,N,Y,39.2931571,-76.8322507
PAST SALE,June-5-2023,Townhouse,2110 Bexley Dr SE,Woodstock,MD,21163,600000,3,2.5,WAVERLY WOODS,2168,3049,2001,,277,38,Sold,,,https://www.redfin.com/MD/Woodstock/2110-Bexley-Dr-21163/home/10206548,BRIGHT MLS,MDHW2027496,N,Y,39.3085666,-76.8850017
PAST SALE,May-23-2023,Single Family Residential,10523 Hounslow Dr,Woodstock,MD,21163,952000,5,4.5,WAVERLY WOODS,3348,8677,2003,,284,47,Sold,,,https://www.redfin.com/MD/Woodstock/10523-Hounslow-Dr-21163/home/10210649,BRIGHT MLS,MDHW2027212,N,Y,39.311737,-76.8855852
PAST SALE,July-7-2023,Single Family Residential,5103 Hurst Rd,Ellicott City,MD,21043,590000,3,3.0,BONNIE ACRES,3166,41469,1986,,186,,Sold,,,https://www.redfin.com/MD/Ellicott-City/5103-Hurst-Rd-21043/home/9862780,BRIGHT MLS,MDHW2029288,N,Y,39.23151,-76.7851134
PAST SALE,June-23-2023,Single Family Residential,2061 Mount Hebron Dr,Ellicott City,MD,21042,825000,4,3.0,PATAPSCO PARK ESTATES,2889,41944,1994,,286,,Sold,,,https://www.redfin.com/MD/Ellicott-City/2061-Mount-Hebron-Dr-21042/home/10067586,BRIGHT MLS,MDHW2028544,N,Y,39.306011,-76.8277225
PAST SALE,June-27-2023,Townhouse,4870 Dorsey Hall Dr NE #4,Ellicott City,MD,21042,300000,2,1.5,DORSEY HALL,1210,,1989,,248,350,Sold,,,https://www.redfin.com/MD/Ellicott-City/4870-Dorsey-Hall-Dr-21042/unit-4/home/10061302,BRIGHT MLS,MDHW2028026,N,Y,39.2443684,-76.8394806
PAST SALE,May-24-2023,Single Family Residential,2617 Liter Dr,Ellicott City,MD,21042,610000,4,2.0,CHAMBERLEA,2301,20037,1966,,265,3,Sold,,,https://www.redfin.com/MD/Ellicott-City/2617-Liter-Dr-21042/home/10018219,BRIGHT MLS,MDHW2027142,N,Y,39.2988102,-76.8516682
PAST SALE,June-7-2023,Single Family Residential,4662 Dower Dr,Ellicott City,MD,21043,688100,5,3.5,MEADOWBROOK,3000,20778,1979,,229,,Sold,,,https://www.redfin.com/MD/Ellicott-City/4662-Dower-Dr-21043/home/10033008,BRIGHT MLS,MDHW2027664,N,Y,39.2428657,-76.8217973
PAST SALE,September-28-2023,Townhouse,2210 Merion Pond #61,Woodstock,MD,21163,561000,4,3.5,WAVERLY WOODS,2376,,2001,,236,245,Sold,,,https://www.redfin.com/MD/Woodstock/2210-Merion-Pond-21163/unit-61/home/10095044,BRIGHT MLS,MDHW2031982,N,Y,39.3078877,-76.8817639
PAST SALE,July-26-2023,Single Family Residential,2906 Sarasota Ct,Ellicott City,MD,21042,915000,4,3.5,TURF VALLEY OVERLOOK,3838,15816,1989,,238,,Sold,,,https://www.redfin.com/MD/Ellicott-City/2906-Sarasota-Ct-21042/home/10053500,BRIGHT MLS,MDHW2029438,N,Y,39.2870919,-76.8806311
PAST SALE,September-6-2023,Single Family Residential,3109 Nestling Pine Ct,Ellicott City,MD,21042,865000,4,3.5,TURF VALLEY OVERLOOK,4002,12030,1991,,216,,Sold,,,https://www.redfin.com/MD/Ellicott-City/3109-Nestling-Pine-Ct-21042/home/10063456,BRIGHT MLS,MDHW2030534,N,Y,39.2858661,-76.8765326
PAST SALE,July-28-2023,Single Family Residential,4423 Keenan Dr,Ellicott City,MD,21042,1120000,7,5.5,Ellicott City,5950,46174,1991,,188,,Sold,,,https://www.redfin.com/MD/Ellicott-City/4423-Keenan-Dr-21042/home/10062666,BRIGHT MLS,MDHW2030394,N,Y,39.2509612,-76.8297726
PAST SALE,July-21-2023,Single Family Residential,3712 Tustin Rd,Ellicott City,MD,21042,651000,3,2.5,CHATEAU RIDGE,3008,21742,1970,,216,,Sold,,,https://www.redfin.com/MD/Ellicott-City/3712-Tustin-Rd-21042/home/10018143,BRIGHT MLS,MDHW2029280,N,Y,39.2691682,-76.8700016
PAST SALE,June-1-2023,Single Family Residential,10222 Globe Dr,Ellicott City,MD,21042,775000,5,3.5,THE FAIRWAYS,2872,15683,1987,,270,,Sold,,,https://www.redfin.com/MD/Ellicott-City/10222-Globe-Dr-21042/home/10046598,BRIGHT MLS,MDHW2027368,N,Y,39.2772761,-76.8624344
PAST SALE,August-2-2023,Single Family Residential,13275 Hunt Ridge Rd,Ellicott City,MD,21042,710000,3,2.0,TRIADELPHIA FARMS,2944,59242,1987,,241,,Sold,,,https://www.redfin.com/MD/Ellicott-City/13275-Hunt-Rdg-21042/home/10086789,BRIGHT MLS,MDHW2030022,N,Y,39.2690037,-76.9778938
PAST SALE,October-4-2023,Single Family Residential,5242 Harvey Ln,Ellicott City,MD,21043,965000,4,3.5,DENNIS PRESERVE,4185,14154,2006,,231,42,Sold,,,https://www.redfin.com/MD/Ellicott-City/5242-Harvey-Ln-21043/home/10224210,BRIGHT MLS,MDHW2032264,N,Y,39.2251454,-76.7748814
PAST SALE,July-28-2023,Single Family Residential,3122 Greenway Dr,Ellicott City,MD,21042,735000,4,2.5,VALLEY MEADE,2733,20124,1963,,269,,Sold,,,https://www.redfin.com/MD/Ellicott-City/3122-Greenway-Dr-21042/home/10026274,BRIGHT MLS,MDHW2029564,N,Y,39.2854429,-76.8397297
PAST SALE,August-29-2023,Single Family Residential,2815 Greenbower Way,Ellicott City,MD,21042,693500,4,2.5,Ellicott City,2810,19537,1993,,247,,Sold,,,https://www.redfin.com/MD/Ellicott-City/2815-Greenbower-Way-21042/home/10065676,BRIGHT MLS,MDHW2030936,N,Y,39.293643,-76.8403154
PAST SALE,October-12-2023,Townhouse,2661 Legends Way,Ellicott City,MD,21042,720000,3,3.5,LEGENDS AT TURF VALLEY,3678,2613,2001,,196,157,Sold,,,https://www.redfin.com/MD/Ellicott-City/2661-Legends-Way-21042/home/10205490,BRIGHT MLS,MDHW2032372,N,Y,39.2971566,-76.8726704
PAST SALE,August-24-2023,Single Family Residential,4725 Gawain Pl,Ellicott City,MD,21043,536500,3,1.5,WORTHINGTON,1288,20037,1962,,417,,Sold,,,https://www.redfin.com/MD/Ellicott-City/4725-Gawain-Pl-21043/home/10017441,BRIGHT MLS,MDHW2030956,N,Y,39.2405907,-76.7849782
PAST SALE,July-17-2023,Single Family Residential,8005 Finest Hour Ct,Ellicott City,MD,21043,845000,4,3.5,TAYLOR VILLAGE,3749,9658,2004,,225,59,Sold,,,https://www.redfin.com/MD/Ellicott-City/8005-Finest-Hour-Ct-21043/home/10215613,BRIGHT MLS,MDHW2029408,N,Y,39.249579,-76.7913333
PAST SALE,September-11-2023,Single Family Residential,5178 Britten Ln,Ellicott City,MD,21043,967000,5,3.5,CRESTWOOD,4924,16431,1998,,196,41,Sold,,,https://www.redfin.com/MD/Ellicott-City/5178-Britten-Ln-21043/home/9897389,BRIGHT MLS,MDHW2031876,N,Y,39.236812,-76.7779691
PAST SALE,June-16-2023,Townhouse,7656 Coachlight Ln Unit B-U,Ellicott City,MD,21043,357000,2,2.0,WOODLAND VILLAGE,1105,,1994,,323,319,Sold,,,https://www.redfin.com/MD/Ellicott-City/7656-Coachlight-Ln-21043/unit-B-U/home/9891113,BRIGHT MLS,MDHW2027628,N,Y,39.200012,-76.7823577
PAST SALE,August-3-2023,Townhouse,7913 Brightlight Pl,Ellicott City,MD,21043,550000,3,3.5,BRIGHTFIELD FARMS,1860,1306,1993,,296,44,Sold,,,https://www.redfin.com/MD/Ellicott-City/7913-Brightlight-Pl-21043/home/9888440,BRIGHT MLS,MDHW2030180,N,Y,39.2131509,-76.7858683
PAST SALE,October-17-2023,Townhouse,7989 Brightmeadow Ct,Ellicott City,MD,21043,410000,3,2.5,BRIGHTFIELD,1620,1900,1992,,253,44,Sold,,,https://www.redfin.com/MD/Ellicott-City/7989-Brightmeadow-Ct-21043/home/9883087,BRIGHT MLS,MDHW2032456,N,Y,39.2097167,-76.7860261
PAST SALE,May-3-2023,Townhouse,8036 Brightwood Ct,Ellicott City,MD,21043,425000,3,3.5,BRIGHTFIELD,1812,1800,1990,,235,44,Sold,,,https://www.redfin.com/MD/Ellicott-City/8036-Brightwood-Ct-21043/home/9879313,BRIGHT MLS,MDHW2027058,N,Y,39.2103586,-76.7882234
PAST SALE,September-7-2023,Single Family Residential,3931 Hunter Rd,Ellicott City,MD,21043,730000,4,3.5,Ellicott City,2760,8624,2001,,264,,Sold,,,https://www.redfin.com/MD/Ellicott-City/3931-Hunter-Rd-21043/home/12524929,BRIGHT MLS,MDHW2030906,N,Y,39.2639313,-76.8037721
PAST SALE,September-15-2023,Single Family Residential,5103-N Mintz Ln,Ellicott City,MD,21043,920000,5,5.0,Ellicott City,4252,12723,2006,,216,60,Sold,,,https://www.redfin.com/MD/Ellicott-City/5103-Mintz-Ln-21043/home/9860713,BRIGHT MLS,MDHW2028560,N,Y,39.233384,-76.770241
PAST SALE,June-2-2023,Single Family Residential,10215 Fairway Dr,Ellicott City,MD,21042,775000,4,3.5,THE FAIRWAYS,2410,14553,1988,,322,,Sold,,,https://www.redfin.com/MD/Ellicott-City/10215-Fairway-Dr-21042/home/10049145,BRIGHT MLS,MDHW2027342,N,Y,39.2771981,-76.8655874
PAST SALE,September-15-2023,Single Family Residential,9113 Northfield Rd,Ellicott City,MD,21042,810000,4,2.5,DUNLOGGIN,2144,39116,1963,,378,,Sold,,,https://www.redfin.com/MD/Ellicott-City/9113-Northfield-Rd-21042/home/10023394,BRIGHT MLS,MDHW2030874,N,Y,39.2560908,-76.8282406
PAST SALE,October-17-2023,Single Family Residential,4081 Fragile Sail Way,Ellicott City,MD,21042,620000,4,2.5,DORSEY HALL,2354,15803,1984,,263,142,Sold,,,https://www.redfin.com/MD/Ellicott-City/4081-Fragile-Sail-Way-21042/home/10036393,BRIGHT MLS,MDHW2030006,N,Y,39.2612725,-76.8386484
PAST SALE,May-10-2023,Single Family Residential,5211 Forest Meadow Ct,Ellicott City,MD,21043,975000,5,3.5,MONTGOMERY MEADOWS,3260,17206,1993,,299,13,Sold,,,https://www.redfin.com/MD/Ellicott-City/5211-Forest-Meadow-Ct-21043/home/9881256,BRIGHT MLS,MDHW2026944,N,Y,39.2254934,-76.7928206
PAST SALE,July-18-2023,Townhouse,8776 Manahan Dr,Ellicott City,MD,21043,460000,3,3.5,TOLL HOUSE,1683,2125,1989,,273,63,Sold,,,https://www.redfin.com/MD/Ellicott-City/8776-Manahan-Dr-21043/home/10052067,BRIGHT MLS,MDHW2029026,N,Y,39.2670702,-76.8160858
PAST SALE,September-29-2023,Single Family Residential,4950 Ilchester Point Ct,Ellicott City,MD,21043,840000,4,3.0,ILCHESTER LANDING,3234,20000,1991,,260,23,Sold,,,https://www.redfin.com/MD/Ellicott-City/4950-Ilchester-Point-Ct-21043/home/9880874,BRIGHT MLS,MDHW2031800,N,Y,39.2384614,-76.7727177
PAST SALE,June-16-2023,Single Family Residential,5356 Kerger Rd,Ellicott City,MD,21043,817000,4,3.5,DUNTEACHIN ESTATES,3078,12926,1996,,265,11,Sold,,,https://www.redfin.com/MD/Ellicott-City/5356-Kerger-Rd-21043/home/9885680,BRIGHT MLS,MDHW2027550,N,Y,39.2229094,-76.7790284
PAST SALE,June-23-2023,Single Family Residential,2868 Deerfield Dr,Ellicott City,MD,21043,750000,5,3.5,Ellicott City,2460,14000,2000,,305,12,Sold,,,https://www.redfin.com/MD/Ellicott-City/2868-Deerfield-Dr-21043/home/10078435,BRIGHT MLS,MDHW2027772,N,Y,39.2887255,-76.8028483
PAST SALE,May-31-2023,Single Family Residential,5355 Kerger Rd,Ellicott City,MD,21043,865000,4,3.5,SUNNY FIELD ESTATES,3534,20000,1994,,245,11,Sold,,,https://www.redfin.com/MD/Ellicott-City/5355-Kerger-Rd-21043/home/9889546,BRIGHT MLS,MDHW2026380,N,Y,39.2221979,-76.7794341
PAST SALE,July-31-2023,Single Family Residential,5229 Rising Sun Ln,Ellicott City,MD,21043,775000,4,2.5,MONTGOMERY MEADOWS,3090,17038,1992,,251,13,Sold,,,https://www.redfin.com/MD/Ellicott-City/5229-Rising-Sun-Ln-21043/home/9881142,BRIGHT MLS,MDHW2029004,N,Y,39.2253173,-76.7912882
PAST SALE,August-15-2023,Single Family Residential,5465 Hunting Horn Dr,Ellicott City,MD,21043,900000,5,3.0,MONTGOMERY MEADOWS,3400,14760,1992,,265,13,Sold,,,https://www.redfin.com/MD/Ellicott-City/5465-Hunting-Horn-Dr-21043/home/9880509,BRIGHT MLS,MDHW2030174,N,Y,39.2229805,-76.7907474
PAST SALE,September-12-2023,Single Family Residential,2926 Pinewick Rd,Ellicott City,MD,21042,580000,4,2.5,BETHGATE,2372,20037,1964,,245,,Sold,,,https://www.redfin.com/MD/Ellicott-City/2926-Pinewick-Rd-21042/home/10028376,BRIGHT MLS,MDHW2030414,N,Y,39.2898308,-76.8543711
PAST SALE,July-10-2023,Single Family Residential,4417 Cross Country Dr,Ellicott City,MD,21042,785000,5,2.5,CENTENNIAL MANOR,3191,20037,1964,,246,,Sold,,,https://www.redfin.com/MD/Ellicott-City/4417-Cross-Country-Dr-21042/home/10013888,BRIGHT MLS,MDHW2026120,N,Y,39.248111,-76.8644614
PAST SALE,May-12-2023,Single Family Residential,4813 S Haven Dr,Ellicott City,MD,21043,460000,3,1.5,Ellicott City,1596,20124,1959,,288,,Sold,,,https://www.redfin.com/MD/Ellicott-City/4813-South-Haven-Dr-21043/home/10018075,BRIGHT MLS,MDHW2026216,N,Y,39.237582,-76.7948938
PAST SALE,June-9-2023,Townhouse,3387 Sonia Trl #2,Ellicott City,MD,21043,515000,4,3.0,EMERALD KNOLLS,2394,,1999,,215,143,Sold,,,https://www.redfin.com/MD/Ellicott-City/3387-Sonia-Trl-21043/unit-2/home/10205195,BRIGHT MLS,MDHW2027794,N,Y,39.284444,-76.818335
PAST SALE,,Single Family Residential,4661 S Leisure Ct,Ellicott City,MD,21043,675000,,3.0,,2708,33933,1966,,249,,,,,https://www.redfin.com/MD/Ellicott-City/4661-S-Leisure-Ct-21043/home/10025568,,,N,Y,39.2429454,-76.8242305
PAST SALE,May-24-2023,Townhouse,4061 Dorseys Ridge Sq,Ellicott City,MD,21043,774435,4,4.5,THE RESERVE AT DORSEY'S RIDGE,3872,2208,2022,,200,98,Sold,,,https://www.redfin.com/MD/Ellicott-City/4061-Dorseys-Ridge-Sq-21043/home/178657198,BRIGHT MLS,MDHW2023572,N,Y,39.26267798,-76.81717464
PAST SALE,July-31-2023,Single Family Residential,8426 Jopenda Dr,Ellicott City,MD,21043,900000,7,4.0,VALLEY VIEW,4296,44431,1961,,209,,Sold,,,https://www.redfin.com/MD/Ellicott-City/8426-Jopenda-Dr-21043/home/10026247,BRIGHT MLS,MDHW2028696,N,Y,39.2318853,-76.8039975
PAST SALE,September-27-2023,Single Family Residential,11063 Hunters View Rd,Ellicott City,MD,21042,1306000,5,4.5,RIVERWOOD,6875,45564,2011,,190,80,Sold,,,https://www.redfin.com/MD/Ellicott-City/11063-Hunters-View-Rd-21042/home/23432975,BRIGHT MLS,MDHW2030932,N,Y,39.2453856,-76.9008741
PAST SALE,June-16-2023,Single Family Residential,3964 Newcastle Ct,Ellicott City,MD,21042,739000,4,2.5,BURLEIGH MANOR,3014,16000,1980,,245,,Sold,,,https://www.redfin.com/MD/Ellicott-City/3964-Newcastle-Ct-21042/home/10036891,BRIGHT MLS,MDHW2028042,N,Y,39.2616646,-76.8626183
PAST SALE,May-19-2023,Single Family Residential,11604 Log Jump Trl,Ellicott City,MD,21042,1550000,7,6.0,THE CHASE,7394,227819,1990,,210,50,Sold,,,https://www.redfin.com/MD/Ellicott-City/11604-Log-Jump-Trl-21042/home/10136115,BRIGHT MLS,MDHW2025688,N,Y,39.244593,-76.9184348
PAST SALE,May-16-2023,Single Family Residential,7547 Talbots Woods Ct,Ellicott City,MD,21043,770000,4,3.0,TALBOT WOODS,3230,13047,2009,,238,45,Sold,,,https://www.redfin.com/MD/Ellicott-City/7547-Talbots-Woods-Ct-21043/home/23427147,BRIGHT MLS,MDHW2027222,N,Y,39.2298173,-76.7745659
PAST SALE,June-30-2023,Single Family Residential,9708 Old Annapolis Rd,Ellicott City,MD,21042,900000,4,3.5,WOODLAND STATION,3871,16508,1998,,232,42,Sold,,,https://www.redfin.com/MD/Ellicott-City/9708-Old-Annapolis-Rd-21042/home/10066415,BRIGHT MLS,MDHW2027698,N,Y,39.2465528,-76.8477038
PAST SALE,May-23-2023,Single Family Residential,2629 Thornbrook Rd,Ellicott City,MD,21042,700000,3,3.0,MOUNT HEBRON,2680,23565,1985,,261,,Sold,,,https://www.redfin.com/MD/Ellicott-City/2629-Thornbrook-Rd-21042/home/10033367,BRIGHT MLS,MDHW2026702,N,Y,39.3006339,-76.8434015
PAST SALE,June-16-2023,Single Family Residential,2617 Mckenzie Rd,Ellicott City,MD,21042,618000,5,2.5,THORNBROOK,2303,28618,1974,,268,,Sold,,,https://www.redfin.com/MD/Ellicott-City/2617-McKenzie-Rd-21042/home/10018855,BRIGHT MLS,MDHW2028672,N,Y,39.2984486,-76.8452035
PAST SALE,June-20-2023,Townhouse,3474 Orange Grove Ct,Ellicott City,MD,21043,465000,3,3.5,RIVER MILLS,1652,2000,1987,,281,38,Sold,,,https://www.redfin.com/MD/Ellicott-City/3474-Orange-Grove-Ct-21043/home/10043516,BRIGHT MLS,MDHW2027818,N,Y,39.2764229,-76.8110971
PAST SALE,July-3-2023,Single Family Residential,4668 Clydesdale Ct,Ellicott City,MD,21043,675000,5,3.5,MEADOWBROOK,2720,20691,1979,,248,,Sold,,,https://www.redfin.com/MD/Ellicott-City/4668-Clydesdale-Ct-21043/home/10032963,BRIGHT MLS,MDHW2027158,N,Y,39.2422487,-76.8233743
PAST SALE,June-29-2023,Single Family Residential,9150 Victoria Dr,Ellicott City,MD,21042,816800,4,3.5,BOONE MEADOWS,3188,18000,1989,,256,,Sold,,,https://www.redfin.com/MD/Ellicott-City/9150-Victoria-Dr-21042/home/10054695,BRIGHT MLS,MDHW2028122,N,Y,39.2925186,-76.8284209
PAST SALE,October-18-2023,Single Family Residential,5231 Font Ave,Ellicott City,MD,21043,759900,4,2.5,Ellicott City,3242,14687,2003,,234,,Sold,,,https://www.redfin.com/MD/Ellicott-City/5231-Font-Ave-21043/home/10208314,BRIGHT MLS,MDHW2032526,N,Y,39.22601,-76.7865557
PAST SALE,July-7-2023,Single Family Residential,4501 Hidden Hollow Dr,Ellicott City,MD,21043,849000,4,3.5,AUTUMN VIEW,3054,9282,2003,,278,59,Sold,,,https://www.redfin.com/MD/Ellicott-City/4501-Hidden-Hollow-Dr-21043/home/10208917,BRIGHT MLS,MDHW2028154,N,Y,39.2484772,-76.7789833
PAST SALE,July-24-2023,Townhouse,10646 Hillingdon Rd,Woodstock,MD,21163,720000,3,3.5,WAVERLY WOODS,2906,3484,2002,,248,35,Sold,,,https://www.redfin.com/MD/Woodstock/10646-Hillingdon-Rd-21163/home/10210066,BRIGHT MLS,MDHW2029168,N,Y,39.3103586,-76.8860806
PAST SALE,October-9-2023,Single Family Residential,12227 Mount Albert Rd,Ellicott City,MD,21042,1260000,6,5.0,WOODMARK,5519,170320,1977,,228,,Sold,,,https://www.redfin.com/MD/Ellicott-City/12227-Mount-Albert-Rd-21042/home/10080500,BRIGHT MLS,MDHW2031744,N,Y,39.2674672,-76.9436234
PAST SALE,May-31-2023,Single Family Residential,5005 Brampton Pkwy,Ellicott City,MD,21043,720000,5,3.5,BRAMPTON HILLS,2244,16796,1990,,321,,Sold,,,https://www.redfin.com/MD/Ellicott-City/5005-Brampton-Pkwy-21043/home/10056219,BRIGHT MLS,MDHW2027424,N,Y,39.2319056,-76.8100812
PAST SALE,June-20-2023,Single Family Residential,8398 Autumn Rust Rd,Ellicott City,MD,21043,885000,5,3.5,AUTUMN MANOR,3398,16042,1990,,260,,Sold,,,https://www.redfin.com/MD/Ellicott-City/8398-Autumn-Rust-Rd-21043/home/10058147,BRIGHT MLS,MDHW2027502,N,Y,39.2555735,-76.8032313
PAST SALE,August-31-2023,Single Family Residential,9975 Timberknoll Ln,Ellicott City,MD,21042,1102600,5,4.5,FONT HILL,5218,20560,1993,,211,,Sold,,,https://www.redfin.com/MD/Ellicott-City/9975-Timberknoll-Ln-21042/home/10060602,BRIGHT MLS,MDHW2030120,N,Y,39.268763,-76.8587857
PAST SALE,May-8-2023,Townhouse,8833 Goose Landing Cir W #0,Columbia,MD,21045,465000,3,3.0,COLUMBIA PARK,1810,,1997,,257,120,Sold,,,https://www.redfin.com/MD/Columbia/8833-Goose-Landing-Cir-21045/home/10077522,BRIGHT MLS,MDHW2027000,N,Y,39.2321608,-76.8168249
PAST SALE,September-8-2023,Townhouse,8032 White Jasmine Ct #91,Ellicott City,MD,21043,518000,3,2.5,HEARTHSTONE AT VILLAGE CREST CONDOMINIUMS,2310,,2009,,224,413,Sold,,,https://www.redfin.com/MD/Ellicott-City/8032-White-Jasmine-Ct-21043/unit-91/home/28501021,BRIGHT MLS,MDHW2030960,N,Y,39.2544159,-76.7910731
PAST SALE,June-30-2023,Townhouse,6021 Prairie Landing Way,Ellicott City,MD,21043,660000,4,3.5,SHIPLEYS GRANT,2550,1632,2018,,259,129,Sold,,,https://www.redfin.com/MD/Ellicott-City/6021-Prairie-Landing-Way-21043/home/165872568,BRIGHT MLS,MDHW2028372,N,Y,39.2162348,-76.7965501
PAST SALE,June-29-2023,Townhouse,8768 Stonehouse Dr,Ellicott City,MD,21043,675000,3,3.5,DANIEL'S MILL OVERLOOK,2650,4791,1998,,255,27,Sold,,,https://www.redfin.com/MD/Ellicott-City/8768-Stonehouse-Dr-21043/home/10076321,BRIGHT MLS,MDHW2028446,N,Y,39.3044005,-76.8155163
PAST SALE,August-25-2023,Single Family Residential,8688 Frederick Rd,Ellicott City,MD,21043,217250,0,,Ellicott City,1456,11761,1900,,149,,Sold,,,https://www.redfin.com/MD/Ellicott-City/8688-Frederick-Rd-21043/home/10015998,BRIGHT MLS,MDHW2030898,N,Y,39.2689507,-76.8097306
PAST SALE,June-9-2023,Single Family Residential,12235 Heathcliff Ct,Ellicott City,MD,21042,1400000,6,6.0,WOODMARK,6934,290110,1995,,202,,Sold,,,https://www.redfin.com/MD/Ellicott-City/12235-Heathcliff-Ct-21042/home/10089111,BRIGHT MLS,MDHW2026704,N,Y,39.2729399,-76.9293077
PAST SALE,June-1-2023,Single Family Residential,4830 Rollingtop Rd,Ellicott City,MD,21043,466400,4,2.0,WORTHINGTON,1387,41512,1960,,336,,Sold,,,https://www.redfin.com/MD/Ellicott-City/4830-Rollingtop-Rd-21043/home/10012807,BRIGHT MLS,MDHW2027524,N,Y,39.2369446,-76.7893502
PAST SALE,June-20-2023,Single Family Residential,11005 Hunters View Rd,Ellicott City,MD,21042,1200000,4,5.0,GAITHER HUNT,5852,42229,2002,,205,25,Sold,,,https://www.redfin.com/MD/Ellicott-City/11005-Hunters-View-Rd-21042/home/10210458,BRIGHT MLS,MDHW2026452,N,Y,39.2445221,-76.8961007
PAST SALE,August-4-2023,Townhouse,4919 Autumn Crest Way,Ellicott City,MD,21043,655000,4,3.5,AUTUMN RIVER,2650,1824,2015,,247,67,Sold,,,https://www.redfin.com/MD/Ellicott-City/4919-Autumn-Crest-Way-21043/home/108436822,BRIGHT MLS,MDHW2029520,N,Y,39.2582011,-76.7914798
PAST SALE,June-16-2023,Single Family Residential,12331 Benson Branch Rd,Ellicott City,MD,21042,670000,3,2.0,WOODMARK,2315,45302,1972,,289,,Sold,,,https://www.redfin.com/MD/Ellicott-City/12331-Benson-Branch-Rd-21042/home/10081422,BRIGHT MLS,MDHW2028864,N,Y,39.2726582,-76.945424
PAST SALE,June-30-2023,Single Family Residential,9214 Frederick Rd,Ellicott City,MD,21042,550000,4,2.0,DUNLOGGIN,1871,22651,1948,,294,,Sold,,,https://www.redfin.com/MD/Ellicott-City/9214-Frederick-Rd-21042/home/10030685,BRIGHT MLS,MDHW2027610,N,Y,39.2732224,-76.8312144
PAST SALE,August-30-2023,Single Family Residential,10101 Labelle Ct,Ellicott City,MD,21042,861000,3,4.0,CHATEAU VALLEY,3494,26963,1983,,246,,Sold,,,https://www.redfin.com/MD/Ellicott-City/10101-Labelle-Ct-21042/home/10033652,BRIGHT MLS,MDHW2030514,N,Y,39.2487156,-76.8606776
PAST SALE,October-17-2023,Single Family Residential,5117 Crestwood Ln,Ellicott City,MD,21043,855000,4,3.5,CRESTWOOD,3616,17617,2000,,236,36,Sold,,,https://www.redfin.com/MD/Ellicott-City/5117-Crestwood-Ln-21043/home/9900960,BRIGHT MLS,MDHW2032124,N,Y,39.2350944,-76.7791636
PAST SALE,August-11-2023,Single Family Residential,5331 Sunny Field Ct,Ellicott City,MD,21043,685000,4,2.5,SUNNY FIELD ESTATES,2126,17048,1996,,322,9,Sold,,,https://www.redfin.com/MD/Ellicott-City/5331-Sunny-Field-Ct-21043/home/9892221,BRIGHT MLS,MDHW2029720,N,Y,39.2210714,-76.7762337
PAST SALE,July-31-2023,Single Family Residential,3402 Deanwood Ave,Ellicott City,MD,21043,889000,5,4.5,PARK PLACE,5124,22247,2006,,173,21,Sold,,,https://www.redfin.com/MD/Ellicott-City/3402-Deanwood-Ave-21043/home/10025268,BRIGHT MLS,MDHW2029078,N,Y,39.2751233,-76.7989725
PAST SALE,July-28-2023,Single Family Residential,4697 Shelley Ln,Ellicott City,MD,21043,840000,5,3.5,AUTUMN VIEW,4264,21312,1997,,197,,Sold,,,https://www.redfin.com/MD/Ellicott-City/4697-Shelley-Ln-21043/home/10068370,BRIGHT MLS,MDHW2028060,N,Y,39.2428775,-76.7828372
PAST SALE,July-18-2023,Townhouse,10726 Folkestone Way,Woodstock,MD,21163,610000,3,3.0,WAVERLY WOODS,2349,,2000,,260,36,Sold,,,https://www.redfin.com/MD/Woodstock/10726-Folkestone-Way-21163/home/10096635,BRIGHT MLS,MDHW2029578,N,Y,39.3093659,-76.8815769
PAST SALE,September-19-2023,Single Family Residential,8642 Bali Rd,Ellicott City,MD,21043,560000,4,3.0,TAYLOR VILLAGE,1608,20329,1984,,348,,Sold,,,https://www.redfin.com/MD/Ellicott-City/8642-Bali-Rd-21043/home/10039650,BRIGHT MLS,MDHW2031598,N,Y,39.2566617,-76.810622
PAST SALE,August-25-2023,Townhouse,7612 Oldfield Ln,Ellicott City,MD,21043,460000,4,3.5,WOODLAND VILLAGE,2056,1600,1992,,224,95,Sold,,,https://www.redfin.com/MD/Ellicott-City/7612-Oldfield-Ln-21043/home/9878313,BRIGHT MLS,MDHW2030724,N,Y,39.1993376,-76.7837973
PAST SALE,July-31-2023,Townhouse,10619 Old Ellicott Cir #55,Ellicott City,MD,21042,600000,3,3.0,ELLICOTT SQUARE,2000,,2009,,300,168,Sold,,,https://www.redfin.com/MD/Ellicott-City/10619-Old-Ellicott-Cir-21042/unit-55/home/28481015,BRIGHT MLS,MDHW2029692,N,Y,39.2836598,-76.8787733
PAST SALE,July-21-2023,Single Family Residential,9084 Tiber Ridge Ct,Ellicott City,MD,21042,787500,5,3.5,DUNLOGGIN,3590,9913,2008,,219,110,Sold,,,https://www.redfin.com/MD/Ellicott-City/9084-Tiber-Ridge-Ct-21042/home/19001011,BRIGHT MLS,MDHW2028492,N,Y,39.2706693,-76.8254696
PAST SALE,August-25-2023,Single Family Residential,11012 Bittersweet Ct,Ellicott City,MD,21042,1100000,6,4.5,GAITHER HUNT,5179,43444,2000,,212,25,Sold,,,https://www.redfin.com/MD/Ellicott-City/11012-Bittersweet-Ct-21042/home/10096378,BRIGHT MLS,MDHW2030084,N,Y,39.2492243,-76.8920252
PAST SALE,October-5-2023,Townhouse,9410 Aston Villa #57,Ellicott City,MD,21042,500000,3,2.5,DORSEY CROSSING,1720,,2009,,291,269,Sold,,,https://www.redfin.com/MD/Ellicott-City/9410-Aston-Villa-21042/unit-57/home/28481007,BRIGHT MLS,MDHW2032032,N,Y,39.2414346,-76.8423432
PAST SALE,October-25-2023,Townhouse,4748 Rams Horn Row,Ellicott City,MD,21042,480000,3,3.5,DORSEY HALL,1952,1950,1988,,246,72,Sold,,,https://www.redfin.com/MD/Ellicott-City/4748-Rams-Horn-Row-21042/home/10050671,BRIGHT MLS,MDHW2031672,N,Y,39.247673,-76.8414423
PAST SALE,July-26-2023,Single Family Residential,4405 Cross Country Dr,Ellicott City,MD,21042,580000,3,2.0,CENTENNIAL MANOR,2288,20298,1966,,253,,Sold,,,https://www.redfin.com/MD/Ellicott-City/4405-Cross-Country-Dr-21042/home/10018952,BRIGHT MLS,MDHW2029930,N,Y,39.2489507,-76.8643037
PAST SALE,May-31-2023,Townhouse,4770 Dorsey Hall Dr #4,Ellicott City,MD,21042,305000,2,1.5,DORSEY HALL,1210,,1990,,252,407,Sold,,,https://www.redfin.com/MD/Ellicott-City/4770-Dorsey-Hall-Dr-21042/unit-4/home/10061474,BRIGHT MLS,MDHW2027488,N,Y,39.244291,-76.84074
PAST SALE,September-11-2023,Single Family Residential,3507 Lame Beaver Ct,Ellicott City,MD,21042,860000,5,3.5,CENTENNIAL ESTATES,3252,14066,1991,,264,,Sold,,,https://www.redfin.com/MD/Ellicott-City/3507-Lame-Beaver-Ct-21042/home/10054110,BRIGHT MLS,MDHW2031726,N,Y,39.2737071,-76.8706322
PAST SALE,September-1-2023,Single Family Residential,8342 Governor Grayson Way,Ellicott City,MD,21043,860000,5,3.5,GOVERNORS RUN,4706,18125,2002,,183,8,Sold,,,https://www.redfin.com/MD/Ellicott-City/8342-Governor-Grayson-Way-21043/home/10069957,BRIGHT MLS,MDHW2031022,N,Y,39.2805871,-76.7908375
PAST SALE,,Single Family Residential,10033 Fox Den Rd,Ellicott City,MD,21042,585000,,2.0,,1921,20255,1964,,305,,,,,https://www.redfin.com/MD/Ellicott-City/10033-Fox-Den-Rd-21042/home/10028325,,,N,Y,39.2920816,-76.8604524
PAST SALE,October-19-2023,Single Family Residential,10721 Taylor Farm Rd,Woodstock,MD,21163,1080000,5,4.5,TAYLOR PRESERVE AT WAVERLY WOODS,4417,12224,2010,,245,16,Sold,,,https://www.redfin.com/MD/Woodstock/10721-Taylor-Farm-Rd-21163/home/18899028,BRIGHT MLS,MDHW2031798,N,Y,39.3162884,-76.8863508
PAST SALE,July-6-2023,Single Family Residential,4617 Huntley Dr,Ellicott City,MD,21043,825000,4,3.5,AUTUMN VIEW,4138,9986,1999,,199,,Sold,,,https://www.redfin.com/MD/Ellicott-City/4617-Huntley-Dr-21043/home/10073146,BRIGHT MLS,MDHW2029222,N,Y,39.2442426,-76.787074
PAST SALE,June-15-2023,Single Family Residential,9051 Furrow Ave,Ellicott City,MD,21042,815000,4,3.0,PATAPSCO PARK ESTATES,2274,41904,1979,,358,,Sold,,,https://www.redfin.com/MD/Ellicott-City/9051-Furrow-Ave-21042/home/10033212,BRIGHT MLS,MDHW2028710,N,Y,39.3076639,-76.8226759
PAST SALE,September-28-2023,Single Family Residential,4512 Alpine Rose Bnd,Ellicott City,MD,21042,710000,4,2.5,DORSEY HALL,2040,15200,1987,,348,151,Sold,,,https://www.redfin.com/MD/Ellicott-City/4512-Alpine-Rose-Bnd-21042/home/10046047,BRIGHT MLS,MDHW2032136,N,Y,39.2520224,-76.8320704
PAST SALE,June-30-2023,Single Family Residential,5432 Meadowpond,Ellicott City,MD,21043,785000,4,2.5,DUNTEACHIN ESTATES,2644,13345,1998,,297,10,Sold,,,https://www.redfin.com/MD/Ellicott-City/5432-Meadowpond-Dr-21043/home/9885619,BRIGHT MLS,MDHW2028160,N,Y,39.2245255,-76.7812821
PAST SALE,July-28-2023,Single Family Residential,11636 Quarterfield Dr,Ellicott City,MD,21042,1515000,6,4.5,QUARTERFIELD,6852,44867,2000,,221,29,Sold,,,https://www.redfin.com/MD/Ellicott-City/11636-Quarterfield-Dr-21042/home/10092690,BRIGHT MLS,MDHW2029170,N,Y,39.2656407,-76.9149454
PAST SALE,September-8-2023,Townhouse,2108 Bexley Dr,Woodstock,MD,21163,600000,4,4.0,WAVERLY WOODS,2240,2000,2001,,268,40,Sold,,,https://www.redfin.com/MD/Woodstock/2108-Bexley-Dr-21163/home/10206559,BRIGHT MLS,MDHW2031308,N,Y,39.3085285,-76.8850149
PAST SALE,September-5-2023,Single Family Residential,11007 Gaither Farm Rd,Ellicott City,MD,21042,1175000,5,4.5,GAITHER FARM,6036,147233,1989,,195,,Sold,,,https://www.redfin.com/MD/Ellicott-City/11007-Gaither-Farm-Rd-21042/home/10089449,BRIGHT MLS,MDHW2029686,N,Y,39.2347525,-76.8959882
PAST SALE,October-6-2023,Single Family Residential,8350 Governor Grayson Way,Ellicott City,MD,21043,815000,4,3.5,GOVERNORS RUN,4308,19432,2001,,189,43,Sold,,,https://www.redfin.com/MD/Ellicott-City/8350-Governor-Grayson-Way-21043/home/10069969,BRIGHT MLS,MDHW2032094,N,Y,39.280927,-76.7904995
PAST SALE,July-31-2023,Single Family Residential,2540 Ashbrook Dr,Ellicott City,MD,21042,900000,4,3.0,MOUNT HEBRON,2852,14010,1989,,316,,Sold,,,https://www.redfin.com/MD/Ellicott-City/2540-Ashbrook-Dr-21042/home/10050825,BRIGHT MLS,MDHW2028426,N,Y,39.3029766,-76.8417571
PAST SALE,May-10-2023,Single Family Residential,4317 Old Valley Ct,Ellicott City,MD,21043,880000,5,3.5,TAYLOR VILLAGE,3892,10023,2006,,226,59,Sold,,,https://www.redfin.com/MD/Ellicott-City/4317-Old-Valley-Ct-21043/home/10215908,BRIGHT MLS,MDHW2026476,N,Y,39.2495843,-76.7868712
PAST SALE,July-3-2023,Single Family Residential,3201 The Oaks Rd,Ellicott City,MD,21043,660000,3,2.5,THE OAKS,2498,40293,1951,,264,50,Sold,,,https://www.redfin.com/MD/Ellicott-City/3201-The-Oaks-Rd-21043/home/10012451,BRIGHT MLS,MDHW2027728,N,Y,39.2831481,-76.7931997
PAST SALE,July-28-2023,Single Family Residential,3238 Brookmede Rd,Ellicott City,MD,21042,620000,4,3.0,VALLEY MEDE,2490,35893,1971,,249,,Sold,,,https://www.redfin.com/MD/Ellicott-City/3238-Brookmede-Rd-21042/home/10018477,BRIGHT MLS,MDHW2029716,N,Y,39.2810603,-76.8418472
