PAST SALE,July-12-2023,Townhouse,9112 Turtle Dove Ln,Gaithersburg,MD,20879,390000,3,3.0,CHARLENE TOWNHOUSES,1342,2944,1980,,291,82,Sold,,,https://www.redfin.com/MD/Gaithersburg/9112-Turtle-Dove-Ln-20879/home/10784952,BRIGHT MLS,MDMC2097148,N,Y,39.1759425,-77.1874883
PAST SALE,May-30-2023,Single Family Residential,19117 Jericho Dr,Gaithersburg,MD,20879,640000,5,3.0,SENECA WHETSTONE,2320,14380,1979,,276,17,Sold,,,https://www.redfin.com/MD/Gaithersburg/19117-Jericho-Dr-20879/home/10782888,BRIGHT MLS,MDMC2083428,N,Y,39.1695103,-77.2190044
PAST SALE,July-5-2023,Single Family Residential,10740 Game Preserve Rd,Gaithersburg,MD,20879,760000,4,2.5,SENECA WHETSTONE,2933,15873,1987,,259,17,Sold,,,https://www.redfin.com/MD/Gaithersburg/10740-Game-Preserve-Rd-20879/home/10782727,BRIGHT MLS,MDMC2093902,N,Y,39.1706791,-77.2223278
PAST SALE,July-21-2023,Townhouse,1370 Carlsbad Dr,Gaithersburg,MD,20879,485000,4,3.5,WOODLAND HILLS,2110,1933,1981,,230,99,Sold,,,https://www.redfin.com/MD/Gaithersburg/1370-Carlsbad-Dr-20879/home/10786862,BRIGHT MLS,MDMC2097390,N,Y,39.1615912,-77.2088201
PAST SALE,July-12-2023,Single Family Residential,20741 Miracle Dr,Gaithersburg,MD,20882,825000,4,2.5,GOSHEN ESTATES,3396,74899,1977,,243,,Sold,,,https://www.redfin.com/MD/Gaithersburg/20741-Miracle-Dr-20882/home/10483907,BRIGHT MLS,MDMC2095524,N,Y,39.1977902,-77.1762628
PAST SALE,May-26-2023,Single Family Residential,103 Brookes Ave,Gaithersburg,MD,20877,612000,5,4.0,RUSSELL & BROOKS ADD,3228,14720,1947,,190,,Sold,,,https://www.redfin.com/MD/Gaithersburg/103-Brookes-Ave-20877/home/10751568,BRIGHT MLS,MDMC2083686,N,Y,39.1437758,-77.1962935
PAST SALE,October-18-2023,Single Family Residential,19516 Framingham Dr,Gaithersburg,MD,20879,470000,3,2.5,CHARLENE,1440,9119,1978,,326,,Sold,,,https://www.redfin.com/MD/Gaithersburg/19516-Framingham-Dr-20879/home/10780482,BRIGHT MLS,MDMC2106798,N,Y,39.1749108,-77.186506
PAST SALE,September-28-2023,Townhouse,410 Skidmore Blvd,Gaithersburg,MD,20877,450000,3,3.5,GATEWAY COMMONS,1732,1883,1992,,260,65,Sold,,,https://www.redfin.com/MD/Gaithersburg/410-Skidmore-Blvd-20877/home/10864164,BRIGHT MLS,MDMC2106020,N,Y,39.127345,-77.179602
PAST SALE,,Single Family Residential,433 Winter Walk Dr,Gaithersburg,MD,20878,682500,,2.5,,3874,2728,1998,,176,,,,,https://www.redfin.com/MD/Gaithersburg/433-Winter-Walk-Dr-20878/home/10875871,,,N,Y,39.1265921,-77.2242995
PAST SALE,August-31-2023,Single Family Residential,214 Summit Hall Rd,Gaithersburg,MD,20877,641000,5,4.0,BRIGHTON EAST,2992,10390,1972,,214,,Sold,,,https://www.redfin.com/MD/Gaithersburg/214-Summit-Hall-Rd-20877/home/10745740,BRIGHT MLS,MDMC2101276,N,Y,39.1315395,-77.1976243
PAST SALE,May-31-2023,Townhouse,65 Inkberry Cir,Gaithersburg,MD,20877,565000,3,3.5,HIDDEN CREEK,2356,1891,2003,,240,99,Sold,,,https://www.redfin.com/MD/Gaithersburg/65-Inkberry-Cir-20877/home/11189188,BRIGHT MLS,MDMC2089630,N,Y,39.1586841,-77.1902364
PAST SALE,August-2-2023,Townhouse,55 Longmeadow Dr,Gaithersburg,MD,20878,484000,3,2.0,DIAMOND FARM,1626,3530,1971,,298,95,Sold,,,https://www.redfin.com/MD/Gaithersburg/55-Longmeadow-Dr-20878/home/10748134,BRIGHT MLS,MDMC2097518,N,Y,39.1311506,-77.2289892
PAST SALE,July-21-2023,Single Family Residential,11531 Pleasant Meadow Dr,North Potomac,MD,20878,1160000,5,3.5,DUFIEF MILL BROOK,3594,12588,1987,,323,108,Sold,,,https://www.redfin.com/MD/North-Potomac/11531-Pleasant-Meadow-Dr-20878/home/10619506,BRIGHT MLS,MDMC2094658,N,Y,39.0898134,-77.2379333
PAST SALE,September-29-2023,Townhouse,483 Whetstone Glen St,Gaithersburg,MD,20877,525000,3,3.0,HIDDEN CREEK,1900,1290,2006,,276,100,Sold,,,https://www.redfin.com/MD/Gaithersburg/483-Whetstone-Glen-St-20877/home/11758861,BRIGHT MLS,MDMC2102824,N,Y,39.1512421,-77.188404
PAST SALE,September-22-2023,Townhouse,18414 Honeylocust Cir,Gaithersburg,MD,20879,460000,4,3.0,FLOWER HILL,1814,2702,1987,,254,64,Sold,,,https://www.redfin.com/MD/Gaithersburg/18414-Honeylocust-Cir-20879/home/10838502,BRIGHT MLS,MDMC2104036,N,Y,39.1580325,-77.1698192
PAST SALE,June-30-2023,Single Family Residential,10908 Stonecutter Pl,North Potomac,MD,20878,945000,4,3.5,DUFIEF MILL,2750,7993,1989,,344,39,Sold,,,https://www.redfin.com/MD/North-Potomac/10908-Stonecutter-Pl-20878/home/10625231,BRIGHT MLS,MDMC2092904,N,Y,39.0865967,-77.2266167
PAST SALE,October-23-2023,Single Family Residential,12104 Suffolk Ter,Gaithersburg,MD,20878,610000,4,2.0,QUINCE ORCHARD VALLEY,2000,13196,1970,,305,,Sold,,,https://www.redfin.com/MD/Gaithersburg/12104-Suffolk-Ter-20878/home/10608382,BRIGHT MLS,MDMC2103968,N,Y,39.1312128,-77.2518081
PAST SALE,August-31-2023,Townhouse,30 Goodport Ln,Gaithersburg,MD,20878,465000,3,3.5,ECHO DALE,2218,2040,1974,,210,110,Sold,,,https://www.redfin.com/MD/Gaithersburg/30-Goodport-Ln-20878/home/10749815,BRIGHT MLS,MDMC2100456,N,Y,39.1520391,-77.2374314
PAST SALE,June-15-2023,Single Family Residential,8408 Dasher Ct,Gaithersburg,MD,20882,1010000,6,4.5,HICKORY RIDGE,5860,87120,1987,,172,,Sold,,,https://www.redfin.com/MD/Gaithersburg/8408-Dasher-Ct-20882/home/10939262,BRIGHT MLS,MDMC2086028,N,Y,39.2701469,-77.1754541
PAST SALE,July-10-2023,Townhouse,49 Inkberry Cir,Gaithersburg,MD,20877,538000,3,3.5,HIDDEN CREEK,2016,1791,2003,,267,100,Sold,,,https://www.redfin.com/MD/Gaithersburg/49-Inkberry-Cir-20877/home/11189173,BRIGHT MLS,MDMC2094650,N,Y,39.1583687,-77.1908259
PAST SALE,July-21-2023,Single Family Residential,22110 Goshen School Rd,Gaithersburg,MD,20882,790000,4,2.5,LAYTONSVILLE OUTSIDE,2408,253084,1978,,328,,Sold,,,https://www.redfin.com/MD/Gaithersburg/22110-Goshen-School-Rd-20882/home/10483156,BRIGHT MLS,MDMC2098030,N,Y,39.2184209,-77.1921663
PAST SALE,June-13-2023,Single Family Residential,407 Watch Hill Ln,Gaithersburg,MD,20878,640000,3,3.5,WASHINGTONIAN VILLAGE,3056,5682,1985,,209,,Sold,,,https://www.redfin.com/MD/Gaithersburg/407-Watch-Hill-Ln-20878/home/10799084,BRIGHT MLS,MDMC2090448,N,Y,39.1176603,-77.2082049
PAST SALE,August-31-2023,Townhouse,296 W Deer Park Rd Unit 31-G,Gaithersburg,MD,20877,390000,3,2.5,BRIGHTON EAST CODM #3,1386,,1972,,281,219,Sold,,,https://www.redfin.com/MD/Gaithersburg/296-W-Deer-Park-Rd-20877/unit-31-G/home/10760723,BRIGHT MLS,MDMC2102566,N,Y,39.1322865,-77.2038006
PAST SALE,May-12-2023,Townhouse,854 Flagler Dr,Gaithersburg,MD,20878,487100,3,3.0,FERNSHIRE FARMS,1660,2000,1984,,293,88,Sold,,,https://www.redfin.com/MD/Gaithersburg/854-Flagler-Dr-20878/home/10814476,BRIGHT MLS,MDMC2087804,N,Y,39.1320141,-77.2362571
PAST SALE,October-23-2023,Single Family Residential,20621 Farcroft Ln,Gaithersburg,MD,20882,675000,5,3.0,LAYTONSVILLE KNOLLS,2344,44950,1977,,288,,Sold,,,https://www.redfin.com/MD/Gaithersburg/20621-Farcroft-Ln-20882/home/10483007,BRIGHT MLS,MDMC2097690,N,Y,39.1960372,-77.1373036
PAST SALE,,Townhouse,206 Perrywinkle Ln,Gaithersburg,MD,20878,375000,,1.0,,1160,4356,1981,,323,,,,,https://www.redfin.com/MD/Gaithersburg/206-Perrywinkle-Ln-20878/home/10796998,,,N,Y,39.1457835,-77.2325098
PAST SALE,September-21-2023,Townhouse,644 Chestertown St,Gaithersburg,MD,20878,765000,4,3.5,KENTLANDS HILL DISTRICT,2120,2000,1995,,361,,Sold,,,https://www.redfin.com/MD/Gaithersburg/644-Chestertown-St-20878/home/10872166,BRIGHT MLS,MDMC2105316,N,Y,39.1240362,-77.2426482
PAST SALE,,Single Family Residential,7 Oxley Square Pl,Gaithersburg,MD,20877,500000,,2.5,,2620,6280,1988,,191,,,,,https://www.redfin.com/MD/Gaithersburg/7-Oxley-Square-Pl-20877/home/10847505,,,N,Y,39.1490817,-77.1796017
PAST SALE,,Single Family Residential,113 Forest Preserve Dr,Gaithersburg,MD,20878,970000,,4.5,,4570,4018,2010,,212,,,,,https://www.redfin.com/MD/Gaithersburg/113-Forest-Preserve-Dr-20878/home/44617619,,,N,Y,39.1537815,-77.2314893
PAST SALE,August-1-2023,Single Family Residential,203 Beckwith St,Gaithersburg,MD,20878,1325000,5,3.5,KENTLANDS GATEHOUSE,3579,7070,1992,,370,154,Sold,,,https://www.redfin.com/MD/Gaithersburg/203-Beckwith-St-20878/home/10860350,BRIGHT MLS,MDMC2091122,N,Y,39.1153023,-77.2432768
PAST SALE,,Single Family Residential,23 Treworthy Rd,Gaithersburg,MD,20878,580000,,2.5,,2794,10415,1978,,208,,,,,https://www.redfin.com/MD/Gaithersburg/23-Treworthy-Rd-20878/home/10759720,,,N,Y,39.1063266,-77.225494
PAST SALE,,Townhouse,1235 Knoll Mist Ln,Gaithersburg,MD,20879,280000,,2.5,,1280,4625,1985,,219,,,,,https://www.redfin.com/MD/Gaithersburg/1235-Knoll-Mist-Ln-20879/home/10821395,,,N,Y,39.1643906,-77.2161479
PAST SALE,August-11-2023,Townhouse,105 Sandberry Ct,Gaithersburg,MD,20878,615000,3,3.0,ORCHARD RIDGE,2116,1826,1995,,291,120,Sold,,,https://www.redfin.com/MD/Gaithersburg/105-Sandberry-Ct-20878/home/10869679,BRIGHT MLS,MDMC2103502,N,Y,39.1270367,-77.2433666
PAST SALE,June-23-2023,Single Family Residential,13626 Monarch Vis,Gaithersburg,MD,20878,740000,5,2.5,BROWNSTOWN ESTATES,2512,7358,1996,,295,60,Sold,,,https://www.redfin.com/MD/Gaithersburg/13626-Monarch-VIS-20878/home/185827502,BRIGHT MLS,MDMC2097508,N,Y,39.10844,-77.24201
PAST SALE,,Townhouse,217 Firehouse Ln,Gaithersburg,MD,20878,695000,,3.5,,2040,1880,1992,,341,,,,,https://www.redfin.com/MD/Gaithersburg/217-Firehouse-Ln-20878/home/10862018,,,N,Y,39.1190623,-77.2380768
PAST SALE,,Single Family Residential,18723 Capella Ln,Gaithersburg,MD,20877,585000,,2.5,,1898,6619,1988,,308,,,,,https://www.redfin.com/MD/Gaithersburg/18723-Capella-Ln-20877/home/10842496,,,N,Y,39.1592726,-77.18107
PAST SALE,,Single Family Residential,37 S Summit Ave,Gaithersburg,MD,20877,625000,,1.0,,1448,13450,1942,,432,,,,,https://www.redfin.com/MD/Gaithersburg/37-S-Summit-Ave-20877/home/10745462,,,N,Y,39.1392825,-77.1933343
PAST SALE,October-13-2023,Single Family Residential,9109 Bonny Book Ct,Gaithersburg,MD,20882,1294977,5,3.5,SENECA SPRINGS,5154,32052,2023,,251,170,Sold,,,https://www.redfin.com/MD/Gaithersburg/9109-Bonny-Book-CT-Unknown/home/188135354,BRIGHT MLS,MDMC2111038,N,Y,39.275349,-77.18772158
PAST SALE,July-26-2023,Townhouse,19544 Sol Pl,Montgomery Village,MD,20879,563635,3,3.0,MONTGOMERY VILLAGE,1978,,2023,,285,164,Sold,,,https://www.redfin.com/MD/Montgomery-Village/19544-Sol-Pl-20879/home/178421826,BRIGHT MLS,MDMC2081200,N,Y,39.175994,-77.193999
PAST SALE,August-3-2023,Townhouse,19554 Sol Pl,Montgomery Village,MD,20879,625530,3,3.0,MONTGOMERY VILLAGE,1978,,2023,,316,162,Sold,,,https://www.redfin.com/MD/Montgomery-Village/19554-Sol-Pl-20879/home/178421822,BRIGHT MLS,MDMC2075146,N,Y,39.176077,-77.194299
PAST SALE,,Townhouse,14011 Teaneck Ter,North Potomac,MD,20878,450000,,1.5,,1246,1500,1988,,361,,,,,https://www.redfin.com/MD/North-Potomac/14011-Teaneck-Ter-20878/home/10624310,,,N,Y,39.0874874,-77.2441101
PAST SALE,,Condo/Co-op,258 Urban Ave #258,Gaithersburg,MD,20878,530000,,,,2895,,2011,,183,,,,,https://www.redfin.com/MD/Gaithersburg/258-Urban-Ave-20878/unit-258/home/44618004,,,N,Y,39.1526478,-77.2277097
PAST SALE,September-29-2023,Single Family Residential,9215 Damascus Hills Ln,Damascus,MD,20872,1259260,6,7.5,SENECA SPRINGS,5524,60230,2023,,228,,Sold,,,https://www.redfin.com/MD/Damascus/9215-Damascus-Hills-LN-20872/home/183011522,BRIGHT MLS,MDMC2109226,N,Y,39.27798399,-77.18794912
PAST SALE,September-15-2023,Single Family Residential,9108 Bonny Brook Ct,Gaithersburg,MD,20882,1054957,4,3.5,SENECA SPRINGS,5265,37647,2023,,200,170,Sold,,,https://www.redfin.com/MD/Gaithersburg/9108-Bonny-Brook-Ct-20882/home/167704741,BRIGHT MLS,MDMC2108560,N,Y,39.275795,-77.188024
PAST SALE,,Single Family Residential,2 Mills Rd,Gaithersburg,MD,20877,301750,,1.0,,768,6650,1949,,393,,,,,https://www.redfin.com/MD/Gaithersburg/2-Mills-Rd-20877/home/10747119,,,N,Y,39.1384208,-77.2022173
PAST SALE,July-24-2023,Townhouse,19540 Sol Pl,Montgomery Village,MD,20886,630610,4,3.5,MONTGOMERY VILLAGE,1978,,2023,,319,164,Sold,,,https://www.redfin.com/MD/Montgomery-Village/19540-Sol-Pl-20879/home/178421828,BRIGHT MLS,MDMC2079558,N,Y,39.175952,-77.193845
PAST SALE,June-27-2023,Single Family Residential,9104 Rosemont Dr,Gaithersburg,MD,20877,585000,3,3.0,ROSEMONT,3732,24007,1957,,157,,Sold,,,https://www.redfin.com/MD/Gaithersburg/9104-Rosemont-Dr-20877/home/10735819,BRIGHT MLS,MDMC2094296,N,Y,39.1269668,-77.1876291
PAST SALE,,Townhouse,24 Teaneck Ct,North Potomac,MD,20878,373000,,2.5,,1200,2250,1988,,311,,,,,https://www.redfin.com/MD/North-Potomac/24-Teaneck-Ct-20878/home/10624244,,,N,Y,39.0867248,-77.245101
PAST SALE,May-2-2023,Single Family Residential,12110 Hanson Farm Dr,Gaithersburg,MD,20878,2513138,7,8.0,DARNESTOWN OUTSIDE,5778,25484,2022,,435,85,Sold,,,https://www.redfin.com/MD/North-Potomac/12110-Hanson-Farm-Dr-20878/home/171188330,BRIGHT MLS,MDMC2091608,N,Y,39.0848727,-77.2509774
PAST SALE,,Single Family Residential,12813 Talley Ln,Gaithersburg,MD,20878,1700000,,5.5,,7646,62291,2007,,222,,,,,https://www.redfin.com/MD/Gaithersburg/12813-Talley-Ln-20878/home/12297891,,,N,Y,39.0979904,-77.2682177
PAST SALE,October-4-2023,Single Family Residential,9104 Bonny Brook Ct,Gaithersburg,MD,20882,1127278,4,4.0,SENECA SPRINGS,3982,45297,2023,,283,170,Sold,,,https://www.redfin.com/MD/Gaithersburg/9104-Bonny-Brook-Ct-20882/home/167704742,BRIGHT MLS,MDMC2111026,N,Y,39.275909,-77.188402
PAST SALE,May-25-2023,Townhouse,906 Crown Park,Gaithersburg,MD,20878,889999,4,4.5,CROWN FARM,2020,1384,2020,,441,132,Sold,,,https://www.redfin.com/MD/Gaithersburg/906-Crown-Park-Ave-20878/home/171192139,BRIGHT MLS,MDMC2094752,N,Y,39.1104123,-77.1994997
PAST SALE,July-7-2023,Townhouse,115 Reubens,Gaithersburg,MD,20878,823990,3,4.5,CROWN FARM,,,2023,,,131,Sold,,,https://www.redfin.com/MD/Gaithersburg/115-Rubens-Dr-20878/home/178421708,BRIGHT MLS,MDMC2099820,N,Y,39.111405,-77.196652
PAST SALE,July-26-2023,Townhouse,1214 Vermeer,Gaithersburg,MD,20878,838915,3,3.5,CROWN FARM,,1320,2023,,,131,Sold,,,https://www.redfin.com/MD/Gaithersburg/1214-Vermeer-Ave-20878/home/178421725,BRIGHT MLS,MDMC2103320,N,Y,39.111685,-77.195845
PAST SALE,May-26-2023,Single Family Residential,16709 Chestnut St,Gaithersburg,MD,20877,700000,5,2.5,WALNUT HILL,3250,9189,1967,,215,,Sold,,,https://www.redfin.com/MD/Gaithersburg/16709-Chestnut-St-20877/home/10739589,BRIGHT MLS,MDMC2087940,N,Y,39.1308766,-77.1781947
PAST SALE,June-22-2023,Townhouse,19541 Sol Pl,Montgomery Village,MD,20879,549035,3,2.5,MONTGOMERY VILLAGE,1978,,2023,,278,164,Sold,,,https://www.redfin.com/MD/Montgomery-Village/19541-Sol-Pl-20879/home/178421844,BRIGHT MLS,MDMC2080682,N,Y,39.1762439,-77.193796
PAST SALE,,Single Family Residential,754 Tiffany Dr,Gaithersburg,MD,20878,700000,,3.0,,2156,10681,1969,,325,,,,,https://www.redfin.com/MD/Gaithersburg/754-Tiffany-Dr-20878/home/10747586,,,N,Y,39.1343731,-77.2337571
PAST SALE,,Single Family Residential,527 Helene St,Gaithersburg,MD,20878,1040000,,2.5,,2640,3600,2002,,394,,,,,https://www.redfin.com/MD/Gaithersburg/527-Helene-St-20878/home/11183365,,,N,Y,39.1176781,-77.2343857
PAST SALE,,Single Family Residential,696 Heathwalk Mews,Gaithersburg,MD,20878,549900,,2.5,,1652,1090,2000,,333,,,,,https://www.redfin.com/MD/Gaithersburg/696-Heathwalk-Mews-20878/home/10882116,,,N,Y,39.1211252,-77.2326344
PAST SALE,May-31-2023,Single Family Residential,10612 Outpost Dr,North Potomac,MD,20878,1280000,5,3.5,STONEBRIDGE,3923,9310,1999,,326,47,Sold,,,https://www.redfin.com/MD/North-Potomac/10612-Outpost-Dr-20878/home/10634425,BRIGHT MLS,MDMC2086676,N,Y,39.0914296,-77.2178591
PAST SALE,September-13-2023,Single Family Residential,9105 Bonny Brook Ct,Gaithersburg,MD,20882,1124933,5,5.5,SENECA SPRINGS,4861,63128,2023,,231,170,Sold,,,https://www.redfin.com/MD/Gaithersburg/9105-Bonny-Brook-Ct-20882/home/167704739,BRIGHT MLS,MDMC2108558,N,Y,39.275272,-77.186991
PAST SALE,May-19-2023,Townhouse,8310 Mountain Ash Way,Gaithersburg,MD,20879,290000,2,2.5,FLOWER HILL,1160,1600,1982,,250,46,Sold,,,https://www.redfin.com/MD/Gaithersburg/8310-Mountain-Ash-Way-20879/home/10806776,BRIGHT MLS,MDMC2087034,N,Y,39.1659088,-77.1712869
PAST SALE,,Townhouse,14023 Great Notch Ter,North Potomac,MD,20878,557000,,3.5,,1870,2250,1986,,298,,,,,https://www.redfin.com/MD/North-Potomac/14023-Great-Notch-Ter-20878/home/10621747,,,N,Y,39.0876193,-77.2386029
PAST SALE,,Single Family Residential,18504 Mountain Laurel Ter,Gaithersburg,MD,20879,107538,,2.0,,1470,8910,1983,,73,,,,,https://www.redfin.com/MD/Gaithersburg/18504-Mountain-Laurel-Ter-20879/home/10804103,,,N,Y,39.1622139,-77.169793
PAST SALE,,Single Family Residential,117 Apple Blossom Way,Gaithersburg,MD,20878,800000,,2.5,,2537,8185,1995,,315,,,,,https://www.redfin.com/MD/Gaithersburg/117-Apple-Blossom-Way-20878/home/10868769,,,N,Y,39.1477775,-77.2366759
PAST SALE,,Condo/Co-op,357 Main St,Gaithersburg,MD,20878,1050000,,,,5072,,2002,,207,,,,,https://www.redfin.com/MD/Gaithersburg/357-Main-St-20878/home/22033729,,,N,Y,39.121059,-77.237678
PAST SALE,May-12-2023,Single Family Residential,8920 Roundleaf Way,Gaithersburg,MD,20879,580000,5,3.5,HUNTERS WOODS,2724,10909,1980,,213,,Sold,,,https://www.redfin.com/MD/Gaithersburg/8920-Roundleaf-Way-20879/home/10789191,BRIGHT MLS,MDMC2090318,N,Y,39.1836046,-77.1845293
PAST SALE,,Townhouse,7625 Laytonia Dr,Gaithersburg,MD,20877,185000,,1.5,,1590,2600,1970,,116,,,,,https://www.redfin.com/MD/Gaithersburg/7625-Laytonia-Dr-20877/home/10739107,,,N,Y,39.1532277,-77.1556223
PAST SALE,,Townhouse,809 Suffield Dr,Gaithersburg,MD,20878,529000,,2.5,,1320,2820,1987,,401,,,,,https://www.redfin.com/MD/Gaithersburg/809-Suffield-Dr-20878/home/10844800,,,N,Y,39.11485,-77.2225811
PAST SALE,October-12-2023,Single Family Residential,9202 Damascus Hills Ln,Damascus,MD,20872,1130680,5,5.0,SENECA SPRINGS,4524,54243,2023,,250,170,Sold,,,https://www.redfin.com/MD/Damascus/9202-Damascus-Rd-20872/home/167704748,BRIGHT MLS,MDMC2111034,N,Y,39.278834,-77.186859
PAST SALE,July-31-2023,Townhouse,19550 Sol Pl,Montgomery Village,MD,20879,578480,4,3.5,MONTGOMERY VILLAGE,1978,,2023,,292,164,Sold,,,https://www.redfin.com/MD/Montgomery-Village/19550-Sol-Pl-20879/home/178421824,BRIGHT MLS,MDMC2081120,N,Y,39.176034,-77.194146
PAST SALE,June-21-2023,Townhouse,18647 Sandpiper Ln,Gaithersburg,MD,20879,310000,3,2.5,QUAIL VALLEY TH,1188,2020,1975,,261,91,Sold,,,https://www.redfin.com/MD/Gaithersburg/18647-Sandpiper-Ln-20879/home/10753067,BRIGHT MLS,MDMC2080368,N,Y,39.1622623,-77.1888453
PAST SALE,May-17-2023,Townhouse,324 Inspiration Ln,Gaithersburg,MD,20878,755000,4,4.5,LAKELANDS,2492,1790,2000,,303,125,Sold,,,https://www.redfin.com/MD/Gaithersburg/324-Inspiration-Ln-20878/home/10878572,BRIGHT MLS,MDMC2093968,N,Y,39.1199952,-77.2370576
PAST SALE,,Single Family Residential,11516 Paramus Dr,North Potomac,MD,20878,960000,,3.5,,2158,12517,1987,,445,,,,,https://www.redfin.com/MD/North-Potomac/11516-Paramus-Dr-20878/home/10621957,,,N,Y,39.0901566,-77.2413909
PAST SALE,April-28-2023,Single Family Residential,18545 Traxell Way,Gaithersburg,MD,20879,743915,5,4.0,GAITHERSBURG OUTSIDE,2542,5766,2022,,293,88,Sold,,,https://www.redfin.com/MD/Gaithersburg/18545-Traxell-Way-20879/home/166354613,BRIGHT MLS,MDMC2021626,N,Y,39.161478,-77.1833769
PAST SALE,July-28-2023,Townhouse,119 Rubensdr,Gaithersburg,MD,20878,879865,4,4.5,CROWN FARM,2599,1500,2023,,339,131,Sold,,,https://www.redfin.com/MD/Gaithersburg/119-Rubens-Dr-20878/home/178421709,BRIGHT MLS,MDMC2103798,N,Y,39.111334,-77.196681
PAST SALE,June-16-2023,Single Family Residential,12109 Sheets Farm Rd,North Potomac,MD,20878,1325000,5,4.5,QUINCE ORCHARD KNOLLS,6567,20594,2000,,202,67,Sold,,,https://www.redfin.com/MD/North-Potomac/12109-Sheets-Farm-Rd-20878/home/10635951,BRIGHT MLS,MDMC2092750,N,Y,39.1103406,-77.2497876
PAST SALE,April-28-2023,Single Family Residential,818 Highland Ridge Ave,Gaithersburg,MD,20878,750000,4,3.5,QUINCE ORCHARD PARK,3333,3162,2002,,225,114,Sold,,,https://www.redfin.com/MD/Gaithersburg/818-Highland-Ridge-Ave-20878/home/11184843,BRIGHT MLS,MDMC2089096,N,Y,39.1234754,-77.2264015
PAST SALE,July-27-2023,Townhouse,19546 Sol Pl,Montgomery Village,MD,20879,598035,3,2.5,MONTGOMERY VILLAGE,1978,,2023,,302,164,Sold,,,https://www.redfin.com/MD/Montgomery-Village/19546-Sol-Pl-20879/home/178421825,BRIGHT MLS,MDMC2084082,N,Y,39.176014,-77.194072
PAST SALE,July-24-2023,Townhouse,831 Rockwell Ave,Gaithersburg,MD,20878,690000,3,2.5,GAITHERSBURG,2548,,2020,,271,180,Sold,,,https://www.redfin.com/MD/NO-POTOMAC/831-Rockwell-AVE-20878/home/173215379,BRIGHT MLS,MDMC2096138,N,Y,39.11149,-77.19948
PAST SALE,May-3-2023,Single Family Residential,108 Upshire Cir,Gaithersburg,MD,20878,860000,5,3.5,WASHINGTONIAN WOODS,3891,7039,1990,,221,89,Sold,,,https://www.redfin.com/MD/Gaithersburg/108-Upshire-Cir-20878/home/10852332,BRIGHT MLS,MDMC2088694,N,Y,39.1084311,-77.2222974
PAST SALE,April-28-2023,Townhouse,18805 Pintail Ln,Gaithersburg,MD,20879,430000,3,3.5,QUAIL VALLEY TH,1820,2000,1978,,236,99,Sold,,,https://www.redfin.com/MD/Gaithersburg/18805-Pintail-Ln-20879/home/10784692,BRIGHT MLS,MDMC2087070,N,Y,39.1656254,-77.1859043
PAST SALE,June-30-2023,Townhouse,901 Curry Ford Ln,Gaithersburg,MD,20878,516000,3,3.0,WARTHER,1342,2776,1983,,385,61,Sold,,,https://www.redfin.com/MD/Gaithersburg/901-Curry-Ford-Ln-20878/home/10806396,BRIGHT MLS,MDMC2092312,N,Y,39.1112312,-77.2133438
PAST SALE,October-13-2023,Single Family Residential,18605 Flower Hill Way,Gaithersburg,MD,20879,480000,3,3.0,FLOWER HILL,1680,9652,1982,,286,38,Sold,,,https://www.redfin.com/MD/Gaithersburg/18605-Flower-Hill-Way-20879/home/10797159,BRIGHT MLS,MDMC2105598,N,Y,39.1623096,-77.1728033
PAST SALE,June-26-2023,Townhouse,466 West Deer Park Rd Unit 15-F,Gaithersburg,MD,20877,395000,5,3.5,BRIGHTON EAST CODM #1,2079,,1971,,190,376,Sold,,,https://www.redfin.com/MD/Gaithersburg/466-W-Deer-Park-Rd-20877/unit-15-F/home/10746184,BRIGHT MLS,MDMC2091948,N,Y,39.1286109,-77.2015467
PAST SALE,July-31-2023,Townhouse,27 Fenceline Dr,Gaithersburg,MD,20878,460000,3,2.5,DIAMOND FARM,1280,2015,1970,,359,95,Sold,,,https://www.redfin.com/MD/Gaithersburg/27-Fenceline-Dr-20878/home/10748492,BRIGHT MLS,MDMC2098122,N,Y,39.1318641,-77.226627
PAST SALE,July-7-2023,Townhouse,121 Stowe Dr,Gaithersburg,MD,20878,760000,3,3.5,CROWN FARM,1842,1887,2021,,413,131,Sold,,,https://www.redfin.com/MD/Gaithersburg/121-Stowe-Dr-20878/home/174562540,BRIGHT MLS,MDMC2097268,N,Y,39.111509,-77.197413
PAST SALE,June-26-2023,Single Family Residential,613 Bright Meadow Dr,Gaithersburg,MD,20878,1205000,4,3.5,LAKELANDS,4277,5961,2001,,282,125,Sold,,,https://www.redfin.com/MD/Gaithersburg/613-Bright-Meadow-Dr-20878/home/11182751,BRIGHT MLS,MDMC2093342,N,Y,39.1154289,-77.2307034
PAST SALE,September-29-2023,Townhouse,115 Coral Reef Ter,Gaithersburg,MD,20878,505000,3,3.0,PARK SUMMIT,1320,2200,1989,,383,101,Sold,,,https://www.redfin.com/MD/Gaithersburg/115-Coral-Reef-Ter-20878/home/10847811,BRIGHT MLS,MDMC2107620,N,Y,39.12194,-77.212924
PAST SALE,May-19-2023,Single Family Residential,16809 Chestnut St,Gaithersburg,MD,20877,735000,4,3.5,WALNUT HILL,3610,9000,1994,,204,,Sold,,,https://www.redfin.com/MD/Gaithersburg/16809-Chestnut-St-20877/home/10859031,BRIGHT MLS,MDMC2089664,N,Y,39.1323769,-77.1805309
PAST SALE,May-26-2023,Single Family Residential,12741 Triple Crown Rd,North Potomac,MD,20878,900000,5,3.5,POTOMAC CHASE,4284,25664,1983,,210,,Sold,,,https://www.redfin.com/MD/North-Potomac/12741-Triple-Crown-Rd-20878/home/10613707,BRIGHT MLS,MDMC2090392,N,Y,39.0974926,-77.2651649
PAST SALE,September-29-2023,Townhouse,656-A Main St Unit A,Gaithersburg,MD,20878,465000,2,2.5,MARKET STREET CODM @ LAKELANDS,1795,,2001,,259,440,Sold,,,https://www.redfin.com/MD/Gaithersburg/656-Main-St-20878/unit-A/home/143398425,BRIGHT MLS,MDMC2106622,N,Y,39.1208852,-77.2326344
PAST SALE,September-26-2023,Single Family Residential,15802 Lautrec Ct,North Potomac,MD,20878,920000,4,2.5,QUINCE HAVEN,4581,10369,1992,,201,44,Sold,,,https://www.redfin.com/MD/North-Potomac/15802-Lautrec-Ct-20878/home/10627351,BRIGHT MLS,MDMC2092064,N,Y,39.1153619,-77.2589918
PAST SALE,July-20-2023,Single Family Residential,12803 Tern Dr,North Potomac,MD,20878,1100000,5,4.5,MOUNTAIN VIEW ESTATES,4750,28925,1997,,232,20,Sold,,,https://www.redfin.com/MD/North-Potomac/12803-Tern-Dr-20878/home/10632563,BRIGHT MLS,MDMC2096708,N,Y,39.1142117,-77.2648731
PAST SALE,May-22-2023,Townhouse,239 Winter Walk Dr,Gaithersburg,MD,20878,730000,3,3.5,QUINCE ORCHARD PARK,2850,2784,1999,,256,111,Sold,,,https://www.redfin.com/MD/Gaithersburg/239-Winter-Walk-Dr-20878/home/10879743,BRIGHT MLS,MDMC2086468,N,Y,39.1288386,-77.2257583
PAST SALE,May-31-2023,Townhouse,18076 Royal Bonnet Cir,Montgomery Village,MD,20886,360000,3,2.5,ODEND'HAL,1505,1083,1997,,239,129,Sold,,,https://www.redfin.com/MD/Montgomery-Village/18076-Royal-Bonnet-Cir-20886/home/10870399,BRIGHT MLS,MDMC2092498,N,Y,39.1538788,-77.1933286
PAST SALE,September-14-2023,Single Family Residential,14912 Coles Chance Rd,North Potomac,MD,20878,566000,3,2.0,DUFIEF,1560,14491,1973,,363,20,Sold,,,https://www.redfin.com/MD/North-Potomac/14912-Coles-Chance-Rd-20878/home/10609636,BRIGHT MLS,MDMC2105368,N,Y,39.101066,-77.2397744
PAST SALE,May-25-2023,Townhouse,721 Chestertown St,Gaithersburg,MD,20878,765000,4,3.5,KENTLANDS UPPER/MID LAKE DIST,2000,2000,1995,,383,155,Sold,,,https://www.redfin.com/MD/Gaithersburg/721-Chestertown-St-20878/home/10869379,BRIGHT MLS,MDMC2090592,N,Y,39.1233816,-77.241738
PAST SALE,May-19-2023,Townhouse,2 Narrowleaf Ct,Gaithersburg,MD,20878,570000,4,3.5,AMBERFIELD,1532,2250,1987,,372,151,Sold,,,https://www.redfin.com/MD/Gaithersburg/2-Narrowleaf-Ct-20878/home/10839487,BRIGHT MLS,MDMC2089776,N,Y,39.1149519,-77.2187689
PAST SALE,May-5-2023,Townhouse,543 Market St E,Gaithersburg,MD,20878,725000,3,2.5,LAKELANDS,2300,1250,2002,,315,125,Sold,,,https://www.redfin.com/MD/Gaithersburg/543-Market-St-E-20878/home/11183278,BRIGHT MLS,MDMC2081628,N,Y,39.1176823,-77.2334315
PAST SALE,July-18-2023,Single Family Residential,24505 Welsh Rd,Gaithersburg,MD,20882,723000,4,3.5,THE PLANTATIONS,2800,24215,1985,,258,17,Sold,,,https://www.redfin.com/MD/Gaithersburg/24505-Welsh-Rd-20882/home/10940452,BRIGHT MLS,MDMC2095952,N,Y,39.2582502,-77.2026777
PAST SALE,May-12-2023,Townhouse,11555 Sullnick Way,Gaithersburg,MD,20878,419900,3,3.0,DORSEY ESTATES,1882,1540,1983,,223,58,Sold,,,https://www.redfin.com/MD/Gaithersburg/11555-Sullnick-Way-20878/home/10805646,BRIGHT MLS,MDMC2086770,N,Y,39.1488359,-77.2364872
PAST SALE,April-28-2023,Single Family Residential,11230 Game Preserve Rd,Gaithersburg,MD,20878,685000,4,2.5,GAITHERSBURG OUTSIDE,2296,60194,1978,,298,,Sold,,,https://www.redfin.com/MD/Gaithersburg/11230-Game-Preserve-Rd-20878/home/10735717,BRIGHT MLS,MDMC2087458,N,Y,39.1592371,-77.2336223
PAST SALE,August-29-2023,Single Family Residential,15212 Falconbridge Ter,North Potomac,MD,20878,900000,5,3.5,POTOMAC CHASE,3008,10800,1986,,299,25,Sold,,,https://www.redfin.com/MD/North-Potomac/15212-Falconbridge-Ter-20878/home/10622675,BRIGHT MLS,MDMC2100778,N,Y,39.1046621,-77.263212
PAST SALE,July-17-2023,Townhouse,640 Pullman Pl,Gaithersburg,MD,20877,565000,3,2.5,HIDDEN CREEK,2600,1290,2010,,217,129,Sold,,,https://www.redfin.com/MD/Gaithersburg/640-Pullman-Pl-20877/home/49781486,BRIGHT MLS,MDMC2096830,N,Y,39.1506123,-77.1892127
PAST SALE,July-28-2023,Townhouse,8 Beacon Hill Way,Gaithersburg,MD,20878,540000,3,3.0,FERNSHIRE FARMS,1860,2000,1988,,290,88,Sold,,,https://www.redfin.com/MD/Gaithersburg/8-Beacon-Hill-Way-20878/home/10849350,BRIGHT MLS,MDMC2096202,N,Y,39.1316533,-77.2381532
PAST SALE,June-28-2023,Townhouse,8107 Begonia Way,Gaithersburg,MD,20879,430000,3,3.0,FLOWER HILL,1776,1800,1988,,242,64,Sold,,,https://www.redfin.com/MD/Gaithersburg/8107-Begonia-Way-20879/home/10838318,BRIGHT MLS,MDMC2089498,N,Y,39.1576834,-77.1688936
PAST SALE,June-9-2023,Townhouse,8 Starboard Ct,Gaithersburg,MD,20877,417000,3,3.5,AUDUBON SQUARE,1700,2250,1985,,245,85,Sold,,,https://www.redfin.com/MD/Gaithersburg/8-Starboard-Ct-20877/home/10793961,BRIGHT MLS,MDMC2090126,N,Y,39.1440822,-77.1840225
PAST SALE,May-1-2023,Townhouse,117 Pontiac Way,Gaithersburg,MD,20878,475000,3,2.5,WARTHER,1494,1980,1982,,318,61,Sold,,,https://www.redfin.com/MD/Gaithersburg/117-Pontiac-Way-20878/home/10805879,BRIGHT MLS,MDMC2087466,N,Y,39.111314,-77.2155348
PAST SALE,April-28-2023,Single Family Residential,14410 Sylvan Glade Dr,North Potomac,MD,20878,1165000,5,4.5,STONEBRIDGE,4552,10624,1989,,256,69,Sold,,,https://www.redfin.com/MD/North-Potomac/14410-Sylvan-Glade-Dr-20878/home/10625897,BRIGHT MLS,MDMC2086818,N,Y,39.0923417,-77.2138169
PAST SALE,July-31-2023,Townhouse,89 Chevy Chase St #89,Gaithersburg,MD,20878,613500,3,2.5,KENTLANDS II CODM,1832,,2003,,335,421,Sold,,,https://www.redfin.com/MD/Gaithersburg/89-Chevy-Chase-St-20878/unit-89/home/11200701,BRIGHT MLS,MDMC2099474,N,Y,39.122686,-77.232546
PAST SALE,May-30-2023,Single Family Residential,12513 Carry Back Pl,North Potomac,MD,20878,1005000,5,3.0,POTOMAC CHASE,4492,15000,1984,,224,25,Sold,,,https://www.redfin.com/MD/North-Potomac/12513-Carry-Back-Pl-20878/home/10618590,BRIGHT MLS,MDMC2088766,N,Y,39.0998087,-77.2600469
PAST SALE,September-15-2023,Single Family Residential,8820 Waxwing Ter,Gaithersburg,MD,20879,600000,3,2.5,QUAIL VALLEY,2020,12499,1984,,297,37,Sold,,,https://www.redfin.com/MD/Gaithersburg/8820-Waxwing-Ter-20879/home/10804709,BRIGHT MLS,MDMC2100974,N,Y,39.1690934,-77.1820135
PAST SALE,July-18-2023,Townhouse,65 Midline Ct,Gaithersburg,MD,20878,465000,3,2.5,DIAMOND FARM,1920,2000,1972,,242,88,Sold,,,https://www.redfin.com/MD/Gaithersburg/65-Midline-Ct-20878/home/10748277,BRIGHT MLS,MDMC2095996,N,Y,39.1327722,-77.2293996
PAST SALE,October-23-2023,Townhouse,128 Barnsfield Ct #213,Gaithersburg,MD,20878,435000,3,2.5,GREENS OF WARTHER CODM,1387,,1981,,314,150,Sold,,,https://www.redfin.com/MD/Gaithersburg/128-Barnsfield-Ct-20878/unit-213/home/10829711,BRIGHT MLS,MDMC2109374,N,Y,39.112747,-77.214427
PAST SALE,May-5-2023,Single Family Residential,12336 Quince Valley Dr,North Potomac,MD,20878,1150000,7,4.5,QUINCE ORCHARD ESTATES,4872,15664,1990,,236,66,Sold,,,https://www.redfin.com/MD/North-Potomac/12336-Quince-Valley-Dr-20878/home/10625394,BRIGHT MLS,MDMC2087394,N,Y,39.1092492,-77.2580041
PAST SALE,May-22-2023,Single Family Residential,8812 Goshen Mill Ct,Gaithersburg,MD,20882,1301000,5,4.5,LAYTONSVILLE OUTSIDE,6506,126324,1997,,200,,Sold,,,https://www.redfin.com/MD/Gaithersburg/8812-Goshen-Mill-Ct-20882/home/10489612,BRIGHT MLS,MDMC2085378,N,Y,39.2021749,-77.1820809
PAST SALE,,Single Family Residential,21921 Foxlair Rd,Gaithersburg,MD,20882,585000,,2.5,,2952,64951,1979,,198,,,,,https://www.redfin.com/MD/Gaithersburg/21921-Foxlair-Rd-20882/home/10484016,,,N,Y,39.217101,-77.192653
PAST SALE,September-15-2023,Single Family Residential,9763 Hawkins Creamery Rd,Gaithersburg,MD,20882,1625000,5,5.0,SENECA SPRINGS,8928,87556,2001,,182,39,Sold,,,https://www.redfin.com/MD/Laytonsville/9763-Hawkins-Creamery-Rd-20882/home/11159273,BRIGHT MLS,MDMC2103986,N,Y,39.271601,-77.2015772
PAST SALE,May-19-2023,Single Family Residential,10 Turley Ct,North Potomac,MD,20878,1199732,5,4.5,POTOMAC GROVE,5348,10426,1989,,224,83,Sold,,,https://www.redfin.com/MD/North-Potomac/10-Turley-Ct-20878/home/10625559,BRIGHT MLS,MDMC2089312,N,Y,39.1062991,-77.2555796
PAST SALE,May-17-2023,Townhouse,541 Summit Hall Rd #541,Gaithersburg,MD,20877,373000,4,3.5,CEDAR VILLAGE,1911,,1971,,195,400,Sold,,,https://www.redfin.com/MD/Gaithersburg/541-Summit-Hall-Rd-20877/unit-541/home/10782498,BRIGHT MLS,MDMC2089724,N,Y,39.1270846,-77.1970098
PAST SALE,June-5-2023,Single Family Residential,13517 Haddonfield Ln,Darnestown,MD,20878,1325000,4,4.5,BONDBROOK,5059,94090,1987,,262,32,Sold,,,https://www.redfin.com/MD/Darnestown/13517-Haddonfield-Ln-20878/home/10624352,BRIGHT MLS,MDMC2089124,N,Y,39.1148865,-77.2843979
PAST SALE,July-21-2023,Single Family Residential,16113 Orchard Grove Rd,Gaithersburg,MD,20878,795000,4,2.5,ORCHARD HILLS,3313,10417,1987,,240,57,Sold,,,https://www.redfin.com/MD/Gaithersburg/16113-Orchard-Grove-Rd-20878/home/10621393,BRIGHT MLS,MDMC2094898,N,Y,39.1229524,-77.2559837
PAST SALE,August-31-2023,Townhouse,9043 Centerway Rd,Gaithersburg,MD,20879,400000,4,3.0,CHARLENE TOWNHOUSES,1320,2024,1977,,303,118,Sold,,,https://www.redfin.com/MD/Gaithersburg/9043-Centerway-Rd-20879/home/10766457,BRIGHT MLS,MDMC2104098,N,Y,39.1709873,-77.1868107
PAST SALE,June-30-2023,Single Family Residential,53 Redding Ridge Dr,Gaithersburg,MD,20878,703333,4,2.5,WESTLEIGH,2200,10784,1970,,320,,Sold,,,https://www.redfin.com/MD/Gaithersburg/53-Redding-Ridge-Dr-20878/home/10759544,BRIGHT MLS,MDMC2097196,N,Y,39.1074997,-77.2310177
PAST SALE,October-13-2023,Single Family Residential,16616 Shea Ln,Gaithersburg,MD,20877,580000,6,4.0,WALNUT HILL,2250,20013,1968,,258,,Sold,,,https://www.redfin.com/MD/Gaithersburg/16616-Shea-Ln-20877/home/35618166,BRIGHT MLS,MDMC2106304,N,Y,39.1289468,-77.181699
PAST SALE,May-3-2023,Single Family Residential,15704 Bondy Ln,Gaithersburg,MD,20878,850000,4,2.5,BONDBROOK,2770,37697,1977,,307,,Sold,,,https://www.redfin.com/MD/Gaithersburg/15704-Bondy-Ln-20878/home/10612535,BRIGHT MLS,MDMC2088136,N,Y,39.114027,-77.278786
PAST SALE,May-5-2023,Single Family Residential,18440 Flower Hill Way,Gaithersburg,MD,20879,550000,3,2.5,FLOWER HILL,1760,8539,1984,,313,39,Sold,,,https://www.redfin.com/MD/Gaithersburg/18440-Flower-Hill-Way-20879/home/10826283,BRIGHT MLS,MDMC2085846,N,Y,39.1598055,-77.1722192
PAST SALE,July-28-2023,Townhouse,120 Liriope Pl,Gaithersburg,MD,20878,641990,4,3.5,WATKINS MILL TOWN CENTER,2100,1668,2013,,306,92,Sold,,,https://www.redfin.com/MD/Gaithersburg/120-Liriope-Pl-20878/home/45112644,BRIGHT MLS,MDMC2097866,N,Y,39.1549393,-77.2261564
PAST SALE,August-31-2023,Townhouse,13802 Grey Colt Dr,North Potomac,MD,20878,605000,3,2.5,POTOMAC RIDGE,1402,1654,1985,,432,81,Sold,,,https://www.redfin.com/MD/North-Potomac/13802-Grey-Colt-Dr-20878/home/10618361,BRIGHT MLS,MDMC2101292,N,Y,39.083657,-77.236592
PAST SALE,June-23-2023,Townhouse,524 Copley Pl Unit 5-B,Gaithersburg,MD,20878,615000,3,2.5,CROWN,2693,,2015,,228,400,Sold,,,https://www.redfin.com/MD/Gaithersburg/524-Copley-Pl-20878/unit-5-B/home/110058257,BRIGHT MLS,MDMC2093364,N,Y,39.11313,-77.208959
PAST SALE,May-9-2023,Single Family Residential,120 Chestnut Ave,Washington Grove,MD,20880,411000,4,1.0,WASHINGTON GROVE,1536,10937,1908,,268,,Sold,,,https://www.redfin.com/MD/Washington-Grove/120-Chestnut-Ave-20880/home/10736411,BRIGHT MLS,MDMC2090348,N,Y,39.1389716,-77.1783295
PAST SALE,October-5-2023,Townhouse,19004 Capehart Dr,Montgomery Village,MD,20886,406000,3,2.5,STEDWICK TOWNHOUSES,1813,1925,1971,,224,134,Sold,,,https://www.redfin.com/MD/Montgomery-Village/19004-Capehart-Dr-20886/home/10741683,BRIGHT MLS,MDMC2105944,N,Y,39.1673661,-77.217944
PAST SALE,September-29-2023,Townhouse,6 Sebastiani Blvd,Gaithersburg,MD,20878,518520,3,3.5,ORCHARD PLACE,1800,2294,1983,,288,68,Sold,,,https://www.redfin.com/MD/Gaithersburg/6-Sebastiani-Blvd-20878/home/10820964,BRIGHT MLS,MDMC2104194,N,Y,39.135632,-77.2277058
PAST SALE,May-4-2023,Single Family Residential,198 Norwich Ln,Gaithersburg,MD,20878,1160000,5,4.5,CROWN POINTE,4898,5000,2013,,237,178,Sold,,,https://www.redfin.com/MD/Gaithersburg/198-Norwich-Ln-20878/home/39883586,BRIGHT MLS,MDMC2086044,N,Y,39.1158535,-77.211444
PAST SALE,,Single Family Residential,16513 Hampton Dr,Gaithersburg,MD,20877,685000,,2.0,,3620,22255,1963,,189,,,,,https://www.redfin.com/MD/Gaithersburg/16513-Hampton-Dr-20877/home/10735067,,,N,Y,39.1269718,-77.189471
PAST SALE,July-5-2023,Single Family Residential,11441 Grey Colt Ln,North Potomac,MD,20878,825000,4,3.5,POTOMAC RIDGE,2382,6119,1984,,346,55,Sold,,,https://www.redfin.com/MD/North-Potomac/11441-Grey-Colt-Ln-20878/home/10618043,BRIGHT MLS,MDMC2094032,N,Y,39.0870064,-77.2371699
PAST SALE,August-18-2023,Single Family Residential,19627 Kildonan Dr,Gaithersburg,MD,20879,440000,3,2.0,EDINBURGH,1514,5045,1988,,291,74,Sold,,,https://www.redfin.com/MD/Gaithersburg/19627-Kildonan-Dr-20879/home/10486507,BRIGHT MLS,MDMC2100106,N,Y,39.1779027,-77.1524035
PAST SALE,August-31-2023,Single Family Residential,13134 Brandon Way Rd,Darnestown,MD,20878,1500000,6,4.5,ANCIENT OAK,5392,67518,2007,,278,,Sold,,,https://www.redfin.com/MD/Darnestown/13134-Brandon-Way-Rd-20878/home/10627056,BRIGHT MLS,MDMC2100460,N,Y,39.1246607,-77.2748618
PAST SALE,July-14-2023,Townhouse,2 Goodport Ln,Gaithersburg,MD,20878,495341,3,3.5,ECHO DALE,1680,3032,1974,,295,110,Sold,,,https://www.redfin.com/MD/Gaithersburg/2-Goodport-Ln-20878/home/10749763,BRIGHT MLS,MDMC2096234,N,Y,39.1520345,-77.2382923
PAST SALE,June-22-2023,Single Family Residential,302 Saybrooke View Dr,Gaithersburg,MD,20877,566000,4,2.5,SAYBROOKE,1754,5050,1988,,323,81,Sold,,,https://www.redfin.com/MD/Gaithersburg/302-Saybrooke-View-Dr-20877/home/10846785,BRIGHT MLS,MDMC2091202,N,Y,39.1481639,-77.1756472
PAST SALE,May-25-2023,Townhouse,28 Wade Ct,Gaithersburg,MD,20878,426000,3,3.0,ECHO DALE,1518,2154,1973,,281,104,Sold,,,https://www.redfin.com/MD/Gaithersburg/28-Wade-Ct-20878/home/10750622,BRIGHT MLS,MDMC2089950,N,Y,39.1507318,-77.2367759
PAST SALE,May-26-2023,Single Family Residential,19021 Quail Valley Blvd,Gaithersburg,MD,20879,400000,5,2.0,QUAIL VALLEY,1524,5000,1976,,262,92,Sold,,,https://www.redfin.com/MD/Gaithersburg/19021-Quail-Valley-Blvd-20879/home/10770553,BRIGHT MLS,MDMC2092474,N,Y,39.1672252,-77.1824643
PAST SALE,June-16-2023,Townhouse,920 Orchard Ridge Dr #100,Gaithersburg,MD,20878,475000,3,2.0,QUINCE ORCHARD PARK II CODM,1752,,2003,,271,421,Sold,,,https://www.redfin.com/MD/Gaithersburg/920-Orchard-Ridge-Dr-20878/unit-100/home/11193311,BRIGHT MLS,MDMC2092610,N,Y,39.1235281,-77.2281767
PAST SALE,May-17-2023,Townhouse,18009 Fence Post Ct,Gaithersburg,MD,20877,477000,3,3.0,EMORY GROVE PARK,2005,2236,1989,,238,43,Sold,,,https://www.redfin.com/MD/Gaithersburg/18009-Fence-Post-Ct-20877/home/10850998,BRIGHT MLS,MDMC2090462,N,Y,39.1528424,-77.1706028
PAST SALE,August-10-2023,Single Family Residential,20301 Rosemeadow Ct,Gaithersburg,MD,20882,765000,4,2.5,ROSEWOOD MANOR,2348,14292,1989,,326,33,Sold,,,https://www.redfin.com/MD/Gaithersburg/20301-Rosemeadow-Ct-20882/home/10487478,BRIGHT MLS,MDMC2099334,N,Y,39.1892083,-77.1523586
PAST SALE,June-15-2023,Single Family Residential,16508 Sioux Ln,Gaithersburg,MD,20878,650000,5,4.0,QUINCE ORCHARD MANOR,1852,10000,1981,,351,,Sold,,,https://www.redfin.com/MD/Gaithersburg/16508-Sioux-Ln-20878/home/10613994,BRIGHT MLS,MDMC2092732,N,Y,39.1275564,-77.2523918
PAST SALE,June-20-2023,Single Family Residential,112 Tulip Dr,Gaithersburg,MD,20877,499000,5,2.0,DEER PARK,1806,12188,1955,,276,,Sold,,,https://www.redfin.com/MD/Gaithersburg/112-Tulip-Dr-20877/home/10748890,BRIGHT MLS,MDMC2093128,N,Y,39.13766,-77.1893587
PAST SALE,August-21-2023,Townhouse,15 Napa Valley Rd,Gaithersburg,MD,20878,500000,3,3.5,ORCHARD PLACE,1800,2575,1982,,278,68,Sold,,,https://www.redfin.com/MD/Gaithersburg/15-Napa-Valley-Rd-20878/home/10792943,BRIGHT MLS,MDMC2101240,N,Y,39.1351267,-77.2283794
PAST SALE,June-27-2023,Townhouse,15727 Ambiance Dr,North Potomac,MD,20878,421000,3,1.5,OWENS GLEN,1188,1206,1985,,354,60,Sold,,,https://www.redfin.com/MD/North-Potomac/15727-Ambiance-Dr-20878/home/10620059,BRIGHT MLS,MDMC2095178,N,Y,39.1130244,-77.2428748
PAST SALE,May-22-2023,Townhouse,8105 Hallmark Pl,Gaithersburg,MD,20879,467800,3,2.5,FLOWER HILL,1806,1650,1985,,259,48,Sold,,,https://www.redfin.com/MD/Gaithersburg/8105-Hallmark-Pl-20879/home/10826528,BRIGHT MLS,MDMC2087254,N,Y,39.1564884,-77.1703349
PAST SALE,June-21-2023,Townhouse,11036 Outpost Dr,North Potomac,MD,20878,485000,3,1.5,DUFIEF MILL,1537,1500,1989,,316,49,Sold,,,https://www.redfin.com/MD/North-Potomac/11036-Outpost-Dr-20878/home/10625078,BRIGHT MLS,MDMC2093182,N,Y,39.0886523,-77.2273754
PAST SALE,May-19-2023,Single Family Residential,15321 Chinaberry St,North Potomac,MD,20878,1210000,5,4.5,POTOMAC GROVE,6254,9813,1990,,193,83,Sold,,,https://www.redfin.com/MD/North-Potomac/15321-Chinaberry-St-20878/home/10626174,BRIGHT MLS,MDMC2086426,N,Y,39.108601,-77.2550408
PAST SALE,September-22-2023,Single Family Residential,6005 Riggs Rd,Laytonsville,MD,20879,1325000,6,6.0,GOLF ESTATES,5855,119354,2003,,226,77,Sold,,,https://www.redfin.com/MD/Laytonsville/6005-Riggs-Rd-20882/home/11172203,BRIGHT MLS,MDMC2104818,N,Y,39.1973,-77.12436
PAST SALE,August-15-2023,Single Family Residential,12524 Carry Back Pl,North Potomac,MD,20878,975000,6,3.5,POTOMAC CHASE,4457,11050,1984,,219,25,Sold,,,https://www.redfin.com/MD/North-Potomac/12524-Carry-Back-Pl-20878/home/10618600,BRIGHT MLS,MDMC2098564,N,Y,39.0991611,-77.2594408
PAST SALE,July-11-2023,Single Family Residential,9521 Primrose View Ct,Gaithersburg,MD,20882,685000,3,3.0,THE PLANTATIONS,2836,12255,1988,,242,93,Sold,,,https://www.redfin.com/MD/Gaithersburg/9521-Primrose-View-Ct-20882/home/10942119,BRIGHT MLS,MDMC2097298,N,Y,39.2452422,-77.1970179
PAST SALE,August-3-2023,Single Family Residential,8208 Seneca View Dr,Gaithersburg,MD,20882,625000,4,3.0,SILVER CREST,2324,46150,1974,,269,,Sold,,,https://www.redfin.com/MD/Gaithersburg/8208-Seneca-View-Dr-20882/home/10933142,BRIGHT MLS,MDMC2094668,N,Y,39.265228,-77.168106
PAST SALE,May-25-2023,Single Family Residential,100 Summit Hall Rd,Gaithersburg,MD,20877,670000,4,3.5,BRIGHTON HIGHLANDS,2724,11708,1984,,246,,Sold,,,https://www.redfin.com/MD/Gaithersburg/100-Summit-Hall-Rd-20877/home/10857587,BRIGHT MLS,MDMC2087380,N,Y,39.1312867,-77.2012852
PAST SALE,May-31-2023,Single Family Residential,8225 Hawkins Creamery Rd,Gaithersburg,MD,20882,605000,3,2.5,UPPER SENECA CREST,2262,55233,1997,,267,,Sold,,,https://www.redfin.com/MD/Gaithersburg/8225-Hawkins-Creamery-Rd-20882/home/10934953,BRIGHT MLS,MDMC2090464,N,Y,39.2542267,-77.168636
PAST SALE,July-28-2023,Single Family Residential,7428 Cinnabar Ter,Gaithersburg,MD,20879,555000,4,3.0,HADLEY FARMS,2406,7289,1986,,231,54,Sold,,,https://www.redfin.com/MD/Gaithersburg/7428-Cinnabar-Ter-20879/home/10486262,BRIGHT MLS,MDMC2092224,N,Y,39.1837132,-77.1525383
PAST SALE,June-30-2023,Single Family Residential,8216 Seneca View Dr,Gaithersburg,MD,20882,540000,3,2.0,SILVER CREST,1560,46150,1973,,346,,Sold,,,https://www.redfin.com/MD/Gaithersburg/8216-Seneca-View-Dr-20882/home/10933135,BRIGHT MLS,MDMC2092256,N,Y,39.264586,-77.168483
PAST SALE,July-10-2023,Single Family Residential,902 Gentlewood St,Gaithersburg,MD,20878,719000,3,3.5,LAKELANDS,1718,2291,2002,,419,125,Sold,,,https://www.redfin.com/MD/Gaithersburg/902-Gentlewood-St-20878/home/10880492,BRIGHT MLS,MDMC2094274,N,Y,39.116329,-77.2284467
PAST SALE,August-18-2023,Single Family Residential,9101 Goshen Valley Dr,Gaithersburg,MD,20882,1299999,6,4.5,GREENHILLS FARM,6218,87120,1991,,209,30,Sold,,,https://www.redfin.com/MD/Gaithersburg/9101-Goshen-Valley-Dr-20882/home/10488150,BRIGHT MLS,MDMC2100780,N,Y,39.2146613,-77.184417
PAST SALE,September-22-2023,Townhouse,9754 Fields Rd,Gaithersburg,MD,20878,680000,3,3.5,CROWN FARM,1822,1575,2015,,373,131,Sold,,,https://www.redfin.com/MD/Gaithersburg/9754-Fields-Rd-20878/home/49782140,BRIGHT MLS,MDMC2104592,N,Y,39.1137525,-77.2017128
PAST SALE,June-5-2023,Single Family Residential,23736 Rolling Fork Way,Gaithersburg,MD,20882,682500,4,3.5,THE PLANTATIONS,2056,9731,1986,,332,93,Sold,,,https://www.redfin.com/MD/Gaithersburg/23736-Rolling-Fork-Way-20882/home/10941782,BRIGHT MLS,MDMC2093512,N,Y,39.2488115,-77.1985901
PAST SALE,May-31-2023,Single Family Residential,12300 Pissaro Dr,North Potomac,MD,20878,862000,4,2.5,QUINCE HAVEN,2548,9706,1995,,338,53,Sold,,,https://www.redfin.com/MD/North-Potomac/12300-Pissaro-Dr-20878/home/10628134,BRIGHT MLS,MDMC2088314,N,Y,39.1127924,-77.2563877
PAST SALE,September-6-2023,Single Family Residential,24425 Hanson Rd,Gaithersburg,MD,20882,551700,4,3.0,UPPER SENECA CREST,2208,31871,1977,,250,,Sold,,,https://www.redfin.com/MD/Gaithersburg/24425-Hanson-Rd-20882/home/10934039,BRIGHT MLS,MDMC2101850,N,Y,39.2581981,-77.1692538
PAST SALE,July-21-2023,Townhouse,18601 Nuthatcher Ln,Gaithersburg,MD,20879,420000,3,3.0,QUAIL VALLEY TH,1944,2610,1976,,216,99,Sold,,,https://www.redfin.com/MD/Gaithersburg/18601-Nuthatcher-Ln-20879/home/10752753,BRIGHT MLS,MDMC2097454,N,Y,39.1607289,-77.1877052
PAST SALE,September-18-2023,Townhouse,8224 Mountain Ash Way,Gaithersburg,MD,20879,350000,3,1.5,FLOWER HILL,1160,1600,1982,,302,90,Sold,,,https://www.redfin.com/MD/Gaithersburg/8224-Mountain-Ash-Way-20879/home/10806714,BRIGHT MLS,MDMC2103128,N,Y,39.1652083,-77.1701531
PAST SALE,July-14-2023,Townhouse,94 Chevy Chase St #94,Gaithersburg,MD,20878,612500,3,2.5,KENTLANDS II CODM,1857,,2003,,330,420,Sold,,,https://www.redfin.com/MD/Gaithersburg/94-Chevy-Chase-St-20878/unit-94/home/11200698,BRIGHT MLS,MDMC2097740,N,Y,39.1228837,-77.2319863
PAST SALE,June-12-2023,Single Family Residential,8100 Langport Ter,Gaithersburg,MD,20877,643000,4,2.5,MILL CREEK SOUTH,2550,12402,1980,,252,,Sold,,,https://www.redfin.com/MD/Gaithersburg/8100-Langport-Ter-20877/home/10794846,BRIGHT MLS,MDMC2090828,N,Y,39.1392799,-77.165971
PAST SALE,May-1-2023,Single Family Residential,16644 S Westland Dr S,Gaithersburg,MD,20877,622000,5,2.5,WALNUT HILL,2802,12926,1967,,222,,Sold,,,https://www.redfin.com/MD/Gaithersburg/16644-S-Westland-Dr-20877/home/10739739,BRIGHT MLS,MDMC2085034,N,Y,39.1303816,-77.1784193
PAST SALE,May-26-2023,Townhouse,306 Park Ave Unit 1-306,Gaithersburg,MD,20877,450000,3,2.5,SUMMIT CROSSING CODM*,2244,,2013,,201,300,Sold,,,https://www.redfin.com/MD/Gaithersburg/306-Park-Ave-20877/unit-1-306/home/64364588,BRIGHT MLS,MDMC2088602,N,Y,39.1460039,-77.1936771
PAST SALE,May-26-2023,Single Family Residential,14229 Platinum Dr,North Potomac,MD,20878,1010000,4,3.5,STONEBRIDGE,4264,10000,1989,,237,69,Sold,,,https://www.redfin.com/MD/North-Potomac/14229-Platinum-Dr-20878/home/10625492,BRIGHT MLS,MDMC2088024,N,Y,39.0900655,-77.2190942
PAST SALE,October-10-2023,Single Family Residential,14516 High Meadow Way,North Potomac,MD,20878,1591000,5,5.5,POTOMAC CHASE,6401,45302,1989,,249,35,Sold,,,https://www.redfin.com/MD/North-Potomac/14516-High-Meadow-Way-20878/home/10626286,BRIGHT MLS,MDMC2106302,N,Y,39.0925667,-77.2642446
PAST SALE,June-9-2023,Single Family Residential,24216 Clematis Dr,Gaithersburg,MD,20882,982404,6,3.5,WOODFIELD ESTATES,5159,69116,1994,,190,24,Sold,,,https://www.redfin.com/MD/Gaithersburg/24216-Clematis-Dr-20882/home/10944445,BRIGHT MLS,MDMC2089228,N,Y,39.254938,-77.1824403
PAST SALE,September-26-2023,Townhouse,202 Heathwalk St Unit A,Gaithersburg,MD,20878,454750,2,2.5,HEATHWALK AT LAKELANDS CODM,1795,,2001,,253,470,Sold,,,https://www.redfin.com/MD/Gaithersburg/202-Heathwalk-St-20878/unit-A/home/186742111,BRIGHT MLS,MDMC2103984,N,Y,39.121366,-77.232334
PAST SALE,May-4-2023,Townhouse,185 Norwich Ln,Gaithersburg,MD,20878,775000,3,3.5,CROWN POINTE,2981,1920,2007,,260,133,Sold,,,https://www.redfin.com/MD/Gaithersburg/185-Norwich-Ln-20878/home/35616156,BRIGHT MLS,MDMC2086712,N,Y,39.1155469,-77.2108965
PAST SALE,June-14-2023,Single Family Residential,14708 Native Dancer Rd,North Potomac,MD,20878,815000,4,2.5,POTOMAC CHASE,3484,16513,1980,,234,,Sold,,,https://www.redfin.com/MD/North-Potomac/14708-Native-Dancer-Rd-20878/home/10613426,BRIGHT MLS,MDMC2084018,N,Y,39.0970076,-77.2616856
PAST SALE,September-20-2023,Townhouse,72 Timber Rock Rd,Gaithersburg,MD,20878,431000,3,2.5,THE ORCHARDS,1280,2000,1973,,337,134,Sold,,,https://www.redfin.com/MD/Gaithersburg/72-Timber-Rock-Rd-20878/home/10755172,BRIGHT MLS,MDMC2102948,N,Y,39.1212012,-77.2490288
PAST SALE,June-7-2023,Townhouse,332 Grand St,Gaithersburg,MD,20878,675000,3,3.5,WATKINS MILL TOWN CENTER,2460,1260,2013,,274,100,Sold,,,https://www.redfin.com/MD/Gaithersburg/332-Grand-St-20878/home/64363138,BRIGHT MLS,MDMC2091252,N,Y,39.152845,-77.2289969
PAST SALE,May-4-2023,Townhouse,213 Ridgepoint Pl,Gaithersburg,MD,20878,685000,4,3.5,KENTLANDS HILL DISTRICT,2120,2380,1993,,323,154,Sold,,,https://www.redfin.com/MD/Gaithersburg/213-Ridgepoint-Pl-20878/home/10865072,BRIGHT MLS,MDMC2087144,N,Y,39.1224598,-77.24828
PAST SALE,August-3-2023,Single Family Residential,512 Paradise Ct,Gaithersburg,MD,20877,603000,4,2.5,OAKMONT MANOR,2664,13047,1986,,226,,Sold,,,https://www.redfin.com/MD/Gaithersburg/512-Paradise-Ct-20877/home/10799567,BRIGHT MLS,MDMC2096726,N,Y,39.1340022,-77.182912
PAST SALE,July-28-2023,Single Family Residential,7301 Tarfside Ln,Gaithersburg,MD,20879,475000,4,1.5,EDINBURGH,1380,8373,1988,,344,66,Sold,,,https://www.redfin.com/MD/Gaithersburg/7301-Tarfside-Ln-20879/home/10487540,BRIGHT MLS,MDMC2096462,N,Y,39.1776876,-77.1519092
PAST SALE,May-3-2023,Single Family Residential,110 Tulip Dr,Gaithersburg,MD,20877,520000,3,2.0,DEER PARK,1328,12188,1955,,392,,Sold,,,https://www.redfin.com/MD/Gaithersburg/110-Tulip-Dr-20877/home/10749043,BRIGHT MLS,MDMC2089238,N,Y,39.1376625,-77.1895608
PAST SALE,May-22-2023,Single Family Residential,14062 Saddle River Dr,North Potomac,MD,20878,850000,4,2.5,DUFIEF MILL ESTATES,2158,12590,1986,,394,50,Sold,,,https://www.redfin.com/MD/North-Potomac/14062-Saddle-River-Dr-20878/home/10621882,BRIGHT MLS,MDMC2090934,N,Y,39.0883986,-77.2435912
PAST SALE,June-1-2023,Single Family Residential,5 Pueblo Ct,Gaithersburg,MD,20878,736000,4,3.0,QUINCE ORCHARD MANOR,2814,13313,1974,,262,,Sold,,,https://www.redfin.com/MD/Gaithersburg/5-Pueblo-Ct-20878/home/10609961,BRIGHT MLS,MDMC2090968,N,Y,39.1262604,-77.2533346
PAST SALE,June-13-2023,Single Family Residential,24700 Etchison Dr,Gaithersburg,MD,20882,392000,3,1.0,SENECA OVERLOOK,972,26256,1972,,403,,Sold,,,https://www.redfin.com/MD/Gaithersburg/24700-Etchison-Dr-20882/home/10483796,BRIGHT MLS,MDMC2090864,N,Y,39.2616151,-77.1515946
PAST SALE,May-8-2023,Single Family Residential,15713 Pissaro Ter,North Potomac,MD,20878,975000,5,4.5,QUINCE HAVEN,4238,13233,1993,,230,53,Sold,,,https://www.redfin.com/MD/North-Potomac/15713-Pissaro-Ter-20878/home/10627449,BRIGHT MLS,MDMC2087392,N,Y,39.1141819,-77.2580938
PAST SALE,July-14-2023,Townhouse,11636 Pleasant Meadow Dr,North Potomac,MD,20878,540000,3,2.5,DUFIEF MILL BROOK,2380,1922,1988,,227,154,Sold,,,https://www.redfin.com/MD/North-Potomac/11636-Pleasant-Meadow-Dr-20878/home/10619372,BRIGHT MLS,MDMC2096124,N,Y,39.088682,-77.2382611
PAST SALE,June-16-2023,Single Family Residential,219 Meadowgate Ter,Gaithersburg,MD,20877,567500,4,2.5,SAYBROOKE,2712,3690,1987,,209,81,Sold,,,https://www.redfin.com/MD/Gaithersburg/219-Meadowgate-Ter-20877/home/10849151,BRIGHT MLS,MDMC2087318,N,Y,39.148961,-77.1763974
PAST SALE,June-30-2023,Single Family Residential,16568 Sioux Ln,Gaithersburg,MD,20878,720000,5,3.5,QUINCE ORCHARD MANOR,2538,10500,1982,,284,,Sold,,,https://www.redfin.com/MD/Gaithersburg/16568-Sioux-Ln-20878/home/10614102,BRIGHT MLS,MDMC2093282,N,Y,39.1293863,-77.2533795
PAST SALE,August-1-2023,Single Family Residential,105 Midtown Rd,Gaithersburg,MD,20878,1320000,5,3.5,KENTLANDS UPPER/MID LAKE DIST,3340,7431,1996,,395,155,Sold,,,https://www.redfin.com/MD/Gaithersburg/105-Midtown-Rd-20878/home/10869486,BRIGHT MLS,MDMC2095500,N,Y,39.1222763,-77.2412113
PAST SALE,May-31-2023,Single Family Residential,809 Gatestone St,Gaithersburg,MD,20878,775000,4,3.5,LAKELANDS,2424,1965,2000,,320,125,Sold,,,https://www.redfin.com/MD/Gaithersburg/809-Gatestone-St-20878/home/10880354,BRIGHT MLS,MDMC2092282,N,Y,39.1180258,-77.2288621
PAST SALE,July-25-2023,Single Family Residential,204 Hart Rd,Gaithersburg,MD,20878,905000,4,3.5,KENTLANDS MIDTOWN,2438,2294,1999,,371,141,Sold,,,https://www.redfin.com/MD/Gaithersburg/204-Hart-Rd-20878/home/10877299,BRIGHT MLS,MDMC2098228,N,Y,39.1203439,-77.2392708
PAST SALE,May-25-2023,Single Family Residential,12205 Pueblo Rd,Gaithersburg,MD,20878,713000,4,3.0,QUINCE ORCHARD MANOR,2236,12000,1974,,319,,Sold,,,https://www.redfin.com/MD/Gaithersburg/12205-Pueblo-Rd-20878/home/10609913,BRIGHT MLS,MDMC2089182,N,Y,39.1270862,-77.2524816
PAST SALE,June-15-2023,Single Family Residential,11928 Raven Rock Ter,Gaithersburg,MD,20878,660000,5,3.0,QUINCE ORCHARD MANOR,2128,15437,1977,,310,,Sold,,,https://www.redfin.com/MD/Gaithersburg/11928-Raven-Rock-Ter-20878/home/10612704,BRIGHT MLS,MDMC2093810,N,Y,39.1287694,-77.2481712
PAST SALE,July-14-2023,Single Family Residential,202 Winter Walk Dr,Gaithersburg,MD,20878,727000,3,3.5,QUINCE ORCHARD PARK,3036,2340,1997,,239,111,Sold,,,https://www.redfin.com/MD/Gaithersburg/202-Winter-Walk-Dr-20878/home/10875640,BRIGHT MLS,MDMC2094198,N,Y,39.1282203,-77.2265762
PAST SALE,May-15-2023,Townhouse,8357 Amity Cir,Gaithersburg,MD,20877,401000,3,2.5,HAMLET NORTH,1660,2400,1985,,242,99,Sold,,,https://www.redfin.com/MD/Gaithersburg/8357-Amity-Cir-20877/home/10833690,BRIGHT MLS,MDMC2083780,N,Y,39.1453771,-77.1688132
PAST SALE,June-20-2023,Townhouse,342 White Ash Pl,Gaithersburg,MD,20878,661100,4,3.0,WATKINS MILL TOWN CENTER,2336,1250,2011,,283,100,Sold,,,https://www.redfin.com/MD/Gaithersburg/342-White-Ash-Pl-20878/home/39539421,BRIGHT MLS,MDMC2094844,N,Y,39.1528858,-77.2320352
PAST SALE,August-21-2023,Single Family Residential,16548 Sioux Ln,Gaithersburg,MD,20878,625000,4,2.5,QUINCE ORCHARD MANOR,2503,11018,1981,,250,,Sold,,,https://www.redfin.com/MD/Gaithersburg/16548-Sioux-Ln-20878/home/10613974,BRIGHT MLS,MDMC2099532,N,Y,39.128565,-77.2549959
PAST SALE,May-31-2023,Single Family Residential,11609 Maddox Ct,North Potomac,MD,20878,927000,4,3.5,DUFIEF,2690,13371,1973,,345,20,Sold,,,https://www.redfin.com/MD/North-Potomac/11609-Maddox-Ct-20878/home/10609648,BRIGHT MLS,MDMC2089242,N,Y,39.0999948,-77.2405826
PAST SALE,September-11-2023,Single Family Residential,620 Poplarwood Pl,Gaithersburg,MD,20877,463100,4,2.0,OAKMONT MANOR,1236,15501,1984,,375,,Sold,,,https://www.redfin.com/MD/Gaithersburg/620-Poplarwood-Pl-20877/home/10796579,BRIGHT MLS,MDMC2104954,N,Y,39.130332,-77.1833613
PAST SALE,October-13-2023,Single Family Residential,407 Danbridge St,Gaithersburg,MD,20878,1111033,4,3.5,LAKELANDS,3808,5250,1999,,292,125,Sold,,,https://www.redfin.com/MD/Gaithersburg/407-Danbridge-St-20878/home/10880477,BRIGHT MLS,MDMC2105756,N,Y,39.1167007,-77.2277394
PAST SALE,June-5-2023,Townhouse,8116 Crabapple Ln,Gaithersburg,MD,20879,442000,3,3.0,FLOWER HILL,1754,2760,1986,,252,64,Sold,,,https://www.redfin.com/MD/Gaithersburg/8116-Crabapple-Ln-20879/home/10838124,BRIGHT MLS,MDMC2087900,N,Y,39.1590195,-77.1673723
PAST SALE,September-15-2023,Single Family Residential,13219 Lantern Hollow Dr,North Potomac,MD,20878,1645000,5,6.0,DARNESTOWN OUTSIDE,6500,103237,1988,,253,,Sold,,,https://www.redfin.com/MD/North-Potomac/13219-Lantern-Hollow-Dr-20878/home/10614199,BRIGHT MLS,MDMC2104964,N,Y,39.0745893,-77.2685993
PAST SALE,June-19-2023,Single Family Residential,24317 Log House Rd,Gaithersburg,MD,20882,565505,4,3.0,THE PLANTATIONS,2188,10625,1980,,258,13,Sold,,,https://www.redfin.com/MD/Gaithersburg/24317-Log-House-Rd-20882/home/10936210,BRIGHT MLS,MDMC2087672,N,Y,39.2553653,-77.2011505
PAST SALE,May-4-2023,Single Family Residential,4 Taunton Ct,Gaithersburg,MD,20877,673500,4,3.5,MILL CREEK SOUTH,3280,9000,1991,,205,,Sold,,,https://www.redfin.com/MD/Gaithersburg/4-Taunton-Ct-20877/home/10858346,BRIGHT MLS,MDMC2088772,N,Y,39.1418942,-77.1639974
PAST SALE,June-8-2023,Single Family Residential,10820 Tuckahoe Way,North Potomac,MD,20878,1150000,4,3.5,STONEBRIDGE,3306,9600,1986,,348,69,Sold,,,https://www.redfin.com/MD/North-Potomac/10820-Tuckahoe-Way-20878/home/10619545,BRIGHT MLS,MDMC2090708,N,Y,39.095558,-77.2231362
PAST SALE,October-6-2023,Townhouse,19916 Tygart Ln,Gaithersburg,MD,20879,405000,3,2.5,HADLEY FARMS,1240,1530,1991,,327,79,Sold,,,https://www.redfin.com/MD/Gaithersburg/19916-Tygart-Ln-20879/home/10488230,BRIGHT MLS,MDMC2106392,N,Y,39.1846888,-77.1612441
PAST SALE,May-26-2023,Townhouse,10127 Reprise Dr,Rockville,MD,20850,410000,3,2.5,DECOVERLY ADVENTURE,1386,1297,1995,,296,145,Sold,,,https://www.redfin.com/MD/Rockville/10127-Reprise-Dr-20850/home/10865678,BRIGHT MLS,MDMC2089340,N,Y,39.1119733,-77.2094295
PAST SALE,September-12-2023,Townhouse,627-A Main St Unit 627-A,Gaithersburg,MD,20878,495000,2,2.5,MAIN STREET AT LAKELANDS CODM,1795,,2000,,276,430,Sold,,,https://www.redfin.com/MD/North-Potomac/627-A-Main-ST-20878/unit-627-A/home/186746384,BRIGHT MLS,MDMC2102790,N,Y,39.1206,-77.23368
PAST SALE,June-30-2023,Single Family Residential,24 Virginia Dr,Gaithersburg,MD,20877,485000,4,2.0,ROSEMONT,2012,20002,1955,,241,,Sold,,,https://www.redfin.com/MD/Gaithersburg/24-Virginia-Dr-20877/home/10751451,BRIGHT MLS,MDMC2091898,N,Y,39.1288413,-77.1905268
PAST SALE,August-28-2023,Single Family Residential,14208 Reed Farm Way,North Potomac,MD,20878,1240000,4,3.5,AMBERLEA FARM,3244,10536,2002,,382,67,Sold,,,https://www.redfin.com/MD/North-Potomac/14208-Reed-Farm-Way-20878/home/11165368,BRIGHT MLS,MDMC2100544,N,Y,39.0875147,-77.2329933
PAST SALE,June-15-2023,Single Family Residential,605 Steinbeck Ave,Gaithersburg,MD,20878,1375000,4,3.5,CROWN FARM,,16421,1870,,,,Sold,,,https://www.redfin.com/MD/Gaithersburg/605-Steinbeck-Ave-20878/home/49782654,BRIGHT MLS,MDMC2091950,N,Y,39.1109995,-77.2029809
PAST SALE,May-31-2023,Townhouse,105 Barnsfield Ct #228,Gaithersburg,MD,20878,430000,3,2.5,GREENS OF WARTHER CODM,1386,,1981,,310,150,Sold,,,https://www.redfin.com/MD/Gaithersburg/105-Barnsfield-Ct-20878/unit-228/home/10827501,BRIGHT MLS,MDMC2091444,N,Y,39.1134632,-77.2149047
PAST SALE,September-29-2023,Townhouse,11141 Black Forest Way,Gaithersburg,MD,20879,350000,3,3.5,SENECA PARK,1600,1500,1985,,219,105,Sold,,,https://www.redfin.com/MD/Gaithersburg/11141-Black-Forest-Way-20879/home/10817619,BRIGHT MLS,MDMC2106192,N,Y,39.1703297,-77.2305378
PAST SALE,June-20-2023,Single Family Residential,6 Mayhill Ct,Gaithersburg,MD,20879,510000,3,2.5,HADLEY FARMS,1576,7136,1986,,324,65,Sold,,,https://www.redfin.com/MD/Gaithersburg/6-Mayhill-Ct-20879/home/10485523,BRIGHT MLS,MDMC2093844,N,Y,39.17977,-77.151328
PAST SALE,May-24-2023,Single Family Residential,637 Kent Oaks Way,Gaithersburg,MD,20878,1000000,4,3.5,KENTLANDS HILL DISTRICT,3448,4402,1998,,290,154,Sold,,,https://www.redfin.com/MD/Gaithersburg/637-Kent-Oaks-Way-20878/home/10867269,BRIGHT MLS,MDMC2090554,N,Y,39.1208482,-77.2460241
PAST SALE,September-14-2023,Single Family Residential,16520 Roundabout Dr,Gaithersburg,MD,20878,695000,4,2.5,QUINCE ORCHARD MANOR,2298,13500,1978,,302,,Sold,,,https://www.redfin.com/MD/Gaithersburg/16520-Roundabout-Dr-20878/home/10612814,BRIGHT MLS,MDMC2103042,N,Y,39.1280057,-77.2456118
PAST SALE,August-30-2023,Single Family Residential,14141 Saddle River Dr,North Potomac,MD,20878,1100000,4,3.5,DUFIEF MILL ESTATES,2658,14065,1988,,414,48,Sold,,,https://www.redfin.com/MD/North-Potomac/14141-Saddle-River-Dr-20878/home/10624164,BRIGHT MLS,MDMC2100700,N,Y,39.0910902,-77.2447586
PAST SALE,May-15-2023,Townhouse,11 Dufief Ct,North Potomac,MD,20878,452000,3,1.5,WESTLEIGH,1220,2310,1984,,370,70,Sold,,,https://www.redfin.com/MD/North-Potomac/11-Dufief-Ct-20878/home/10618642,BRIGHT MLS,MDMC2088312,N,Y,39.0997718,-77.237489
PAST SALE,June-15-2023,Single Family Residential,11700 Game Preserve Rd,Gaithersburg,MD,20878,652000,5,2.0,GAITHERSBURG OUTSIDE,2400,65340,1954,,272,,Sold,,,https://www.redfin.com/MD/Gaithersburg/11700-Game-Preserve-Rd-20878/home/10736080,BRIGHT MLS,MDMC2093416,N,Y,39.1515549,-77.2418848
PAST SALE,October-20-2023,Townhouse,16 Oak Shade Rd,Gaithersburg,MD,20878,396000,3,2.5,ECHO DALE,1564,3185,1973,,253,110,Sold,,,https://www.redfin.com/MD/Gaithersburg/16-Oak-Shade-Rd-20878/home/10750549,BRIGHT MLS,MDMC2107680,N,Y,39.1504994,-77.2354509
PAST SALE,June-9-2023,Single Family Residential,13324 Darnestown Rd,Gaithersburg,MD,20878,895500,4,3.5,DARNESTOWN OUTSIDE,3554,67082,1987,,252,,Sold,,,https://www.redfin.com/MD/Gaithersburg/13324-Darnestown-Rd-20878/home/10606599,BRIGHT MLS,MDMC2088216,N,Y,39.110493,-77.2765019
PAST SALE,May-22-2023,Single Family Residential,104 Dogwood Dr,Gaithersburg,MD,20877,550000,3,2.0,LYNPARK,1796,10800,1953,,306,,Sold,,,https://www.redfin.com/MD/Gaithersburg/104-Dogwood-Dr-20877/home/10750916,BRIGHT MLS,MDMC2089634,N,Y,39.1407375,-77.1909534
PAST SALE,May-30-2023,Single Family Residential,28 Cullinan Dr,Gaithersburg,MD,20878,711000,4,3.0,WEST RIDING,2616,9559,1973,,272,,Sold,,,https://www.redfin.com/MD/Gaithersburg/28-Cullinan-Dr-20878/home/10758999,BRIGHT MLS,MDMC2087854,N,Y,39.1330907,-77.2384272
PAST SALE,June-16-2023,Townhouse,18610 Phoebe Way,Gaithersburg,MD,20879,395000,3,2.5,QUAIL VALLEY TH,1426,2001,1979,,277,99,Sold,,,https://www.redfin.com/MD/Gaithersburg/18610-Phoebe-Way-20879/home/10763940,BRIGHT MLS,MDMC2086808,N,Y,39.1610311,-77.1857388
PAST SALE,June-2-2023,Townhouse,158 Bent Twig Ln #334,Gaithersburg,MD,20878,298000,2,1.0,GREENS OF WARTHER CODM,1163,,1981,,256,150,Sold,,,https://www.redfin.com/MD/Gaithersburg/158-Bent-Twig-Ln-20878/unit-334/home/10819065,BRIGHT MLS,MDMC2090668,N,Y,39.1138781,-77.2142997
PAST SALE,August-31-2023,Single Family Residential,8109 Langport Ter,Gaithersburg,MD,20877,650000,4,2.5,MILL CREEK SOUTH,3000,10437,1980,,217,,Sold,,,https://www.redfin.com/MD/Gaithersburg/8109-Langport-Ter-20877/home/10794852,BRIGHT MLS,MDMC2098260,N,Y,39.1397939,-77.1656143
PAST SALE,June-21-2023,Townhouse,7501 Augustine Way,Gaithersburg,MD,20879,435000,3,3.0,GOSHEN ESTATES,1804,2040,1993,,241,65,Sold,,,https://www.redfin.com/MD/Gaithersburg/7501-Augustine-Way-20879/home/10489385,BRIGHT MLS,MDMC2092916,N,Y,39.193537,-77.153227
PAST SALE,May-1-2023,Single Family Residential,14100 Silent Wood Way,North Potomac,MD,20878,1075000,4,3.5,DUFIEF MILL,3860,10183,1989,,278,41,Sold,,,https://www.redfin.com/MD/North-Potomac/14100-Silent-Wood-Way-20878/home/10625030,BRIGHT MLS,MDMC2086508,N,Y,39.0860923,-77.2245958
PAST SALE,July-16-2023,Townhouse,111 Ruben,Gaithersburg,MD,20878,837990,4,4.0,CROWN FARM,,1320,,,,132,Sold,,,https://www.redfin.com/MD/Gaithersburg/111-Rubens-Dr-20878/home/178421707,BRIGHT MLS,MDMC2087634,N,Y,39.111457,-77.19663
PAST SALE,May-19-2023,Single Family Residential,11108 Lake Breeze Dr,North Potomac,MD,20878,1025000,4,3.5,DUFIEF MILL,3340,12276,1986,,307,31,Sold,,,https://www.redfin.com/MD/North-Potomac/11108-Lake-Breeze-Dr-20878/home/10616024,BRIGHT MLS,MDMC2088414,N,Y,39.0936834,-77.2248203
PAST SALE,August-1-2023,Single Family Residential,19205 Gatlin Dr,Gaithersburg,MD,20879,500000,4,3.0,SENECA WHETSTONE,2698,11726,1981,,185,,Sold,,,https://www.redfin.com/MD/Gaithersburg/19205-Gatlin-Dr-20879/home/10782868,BRIGHT MLS,MDMC2099328,N,Y,39.1706319,-77.2210029
PAST SALE,May-24-2023,Single Family Residential,8208 Langport Ter,Gaithersburg,MD,20877,595000,4,2.5,MILL CREEK SOUTH,3016,9375,1981,,197,,Sold,,,https://www.redfin.com/MD/Gaithersburg/8208-Langport-Ter-20877/home/10794718,BRIGHT MLS,MDMC2087534,N,Y,39.1405094,-77.1677261
PAST SALE,August-18-2023,Single Family Residential,12216 Bradbury Dr,Gaithersburg,MD,20878,640000,4,3.0,QUINCE ORCHARD VALLEY,2042,10610,1971,,313,,Sold,,,https://www.redfin.com/MD/Gaithersburg/12216-Bradbury-Dr-20878/home/10608487,BRIGHT MLS,MDMC2099710,N,Y,39.1319619,-77.2535142
PAST SALE,July-24-2023,Townhouse,18663 Sandpiper Ln,Gaithersburg,MD,20879,390000,3,3.0,QUAIL VALLEY TH,1748,2020,1975,,223,99,Sold,,,https://www.redfin.com/MD/Gaithersburg/18663-Sandpiper-Ln-20879/home/10753100,BRIGHT MLS,MDMC2094932,N,Y,39.1621308,-77.189465
PAST SALE,August-18-2023,Single Family Residential,18203 Pinecroft Ct,Gaithersburg,MD,20877,477000,4,2.5,EMORY GROVE PARK,1040,7811,1979,,459,6,Sold,,,https://www.redfin.com/MD/Gaithersburg/18203-Pinecroft-Ct-20877/home/10779775,BRIGHT MLS,MDMC2099252,N,Y,39.1532795,-77.1610311
PAST SALE,September-19-2023,Townhouse,18019 Fence Post Ct,Gaithersburg,MD,20877,488000,3,3.0,EMORY GROVE PARK,2005,2250,1989,,243,43,Sold,,,https://www.redfin.com/MD/Gaithersburg/18019-Fence-Post-Ct-20877/home/10851115,BRIGHT MLS,MDMC2102934,N,Y,39.1526013,-77.1708612
PAST SALE,August-18-2023,Townhouse,9 Granite Ridge Ct,North Potomac,MD,20878,640000,3,3.5,QUINCE HAVEN,1774,2040,1992,,361,73,Sold,,,https://www.redfin.com/MD/North-Potomac/9-Granite-Ridge-Ct-20878/home/10626418,BRIGHT MLS,MDMC2101964,N,Y,39.117274,-77.260722
PAST SALE,June-15-2023,Single Family Residential,139 Apple Blossom Way,Gaithersburg,MD,20878,870000,5,3.5,PHEASANT RUN,4672,9067,1996,,186,,Sold,,,https://www.redfin.com/MD/Gaithersburg/139-Apple-Blossom-Way-20878/home/10868450,BRIGHT MLS,MDMC2090130,N,Y,39.1463273,-77.2373046
PAST SALE,June-7-2023,Townhouse,19553 Sol Pl,Montgomery Village,MD,20886,526335,4,3.5,MONTGOMERY VILLAGE,1978,,2023,,266,164,Sold,,,https://www.redfin.com/MD/Montgomery-Village/19553-Sol-Pl-20879/home/178421849,BRIGHT MLS,MDMC2079490,N,Y,39.176346,-77.194169
PAST SALE,September-25-2023,Single Family Residential,12100 Sioux Pl,Gaithersburg,MD,20878,575000,3,2.0,QUINCE ORCHARD MANOR,1470,6988,1981,,391,,Sold,,,https://www.redfin.com/MD/Gaithersburg/12100-Sioux-Pl-20878/home/10614138,BRIGHT MLS,MDMC2106186,N,Y,39.1283666,-77.2524816
PAST SALE,August-28-2023,Townhouse,18726 Pintail Ln,Gaithersburg,MD,20879,417500,3,3.0,QUAIL VALLEY TH,1220,2000,1979,,342,99,Sold,,,https://www.redfin.com/MD/Gaithersburg/18726-Pintail-Ln-20879/home/10764830,BRIGHT MLS,MDMC2101556,N,Y,39.1640302,-77.1856734
PAST SALE,October-16-2023,Single Family Residential,307 Argosy Dr,Gaithersburg,MD,20878,860000,4,3.5,WASHINGTONIAN WOODS,3704,8653,1989,,232,89,Sold,,,https://www.redfin.com/MD/Gaithersburg/307-Argosy-Dr-20878/home/10854823,BRIGHT MLS,MDMC2106470,N,Y,39.1058652,-77.2205594
PAST SALE,June-6-2023,Townhouse,314 Wye Mill Ct,Gaithersburg,MD,20879,475000,4,3.5,WOODLAND HILLS,2110,3049,1980,,225,90,Sold,,,https://www.redfin.com/MD/Gaithersburg/314-Wye-Mill-Ct-20879/home/10787003,BRIGHT MLS,MDMC2089626,N,Y,39.1613739,-77.2106218
PAST SALE,July-14-2023,Townhouse,8 Narrowleaf Ct,Gaithersburg,MD,20878,550000,4,3.5,AMBERFIELD,1428,1550,1987,,385,151,Sold,,,https://www.redfin.com/MD/Gaithersburg/8-Narrowleaf-Ct-20878/home/10839495,BRIGHT MLS,MDMC2096426,N,Y,39.1151219,-77.2188588
PAST SALE,June-30-2023,Single Family Residential,8933 Watkins Rd,Gaithersburg,MD,20882,650000,4,4.5,DAMASCUS OUTSIDE,2836,38768,1950,,229,,Sold,,,https://www.redfin.com/MD/Gaithersburg/8933-Watkins-Rd-20882/home/10928229,BRIGHT MLS,MDMC2090172,N,Y,39.2369375,-77.1848438
PAST SALE,May-5-2023,Townhouse,47 Inkberry Cir,Gaithersburg,MD,20877,545000,3,3.0,HIDDEN CREEK,2192,1802,2003,,249,100,Sold,,,https://www.redfin.com/MD/Gaithersburg/47-Inkberry-Cir-20877/home/11189169,BRIGHT MLS,MDMC2088284,N,Y,39.1583357,-77.1908867
PAST SALE,July-25-2023,Townhouse,503 W Diamond Ave #2,Gaithersburg,MD,20877,320000,3,2.5,STRATFORD MEWS CODM,1629,,1981,,196,163,Sold,,,https://www.redfin.com/MD/Gaithersburg/503-W-Diamond-Ave-20877/unit-2/home/10806455,BRIGHT MLS,MDMC2092722,N,Y,39.1399587,-77.2095248
PAST SALE,,Condo/Co-op,6 Nina Ct #160,Gaithersburg,MD,20877,367500,,2.0,,1535,,1974,,239,,,,,https://www.redfin.com/MD/Gaithersburg/6-Nina-Ct-20877/unit-160/home/10771340,,,N,Y,39.1447345,-77.1814621
PAST SALE,September-7-2023,Single Family Residential,10 Winesap Ct,North Potomac,MD,20878,685000,4,3.0,QUINCE ORCHARD KNOLLS,1822,10296,1974,,376,4,Sold,,,https://www.redfin.com/MD/North-Potomac/10-Winesap-Ct-20878/home/10609130,BRIGHT MLS,MDMC2101000,N,Y,39.1044876,-77.2489794
PAST SALE,August-2-2023,Townhouse,9242 Hummingbird Ter,Gaithersburg,MD,20879,445000,3,3.0,QUAIL VALLEY TH,1656,2610,1974,,269,98,Sold,,,https://www.redfin.com/MD/Gaithersburg/9242-Hummingbird-Ter-20879/home/10752927,BRIGHT MLS,MDMC2095738,N,Y,39.1604429,-77.1915321
PAST SALE,May-1-2023,Single Family Residential,15208 Water Oak Dr,Gaithersburg,MD,20878,930000,4,3.5,ANCIENT OAK,3398,145490,1971,,274,,Sold,,,https://www.redfin.com/MD/Gaithersburg/15208-Water-Oak-Dr-20878/home/10608129,BRIGHT MLS,MDMC2086626,N,Y,39.106125,-77.279873
PAST SALE,June-14-2023,Townhouse,614 Suffield Dr,Gaithersburg,MD,20878,555518,3,3.0,AMBERFIELD,2178,1550,1987,,255,151,Sold,,,https://www.redfin.com/MD/Gaithersburg/614-Suffield-Dr-20878/home/10839599,BRIGHT MLS,MDMC2090012,N,Y,39.1151838,-77.2215951
PAST SALE,,Single Family Residential,16031 Riffle Ford Rd,Gaithersburg,MD,20878,475000,,3.0,,1484,28822,1967,,320,,,,,https://www.redfin.com/MD/Gaithersburg/16031-Riffle-Ford-Rd-20878/home/10606561,,,N,Y,39.119559,-77.264626
PAST SALE,August-17-2023,Single Family Residential,7806 Mineral Springs Dr,Gaithersburg,MD,20877,491000,4,3.0,EMORY GROVE PARK,1824,6031,1980,,269,,Sold,,,https://www.redfin.com/MD/Gaithersburg/7806-Mineral-Springs-Dr-20877/home/10779756,BRIGHT MLS,MDMC2098882,N,Y,39.1526844,-77.1599976
PAST SALE,June-2-2023,Townhouse,936 Orchard Ridge Dr #200,Gaithersburg,MD,20878,504000,3,2.5,QUINCE ORCHARD PARK II CODM,2722,,2003,,185,477,Sold,,,https://www.redfin.com/MD/Gaithersburg/936-Orchard-Ridge-Dr-20878/unit-200/home/11200767,BRIGHT MLS,MDMC2090494,N,Y,39.123505,-77.228433
PAST SALE,September-5-2023,Townhouse,1202 Travis View Ct,Gaithersburg,MD,20879,424000,2,3.0,MONTGOMERY MEADOWS,1670,2320,1990,,254,85,Sold,,,https://www.redfin.com/MD/Gaithersburg/1202-Travis-View-Ct-20879/home/10844422,BRIGHT MLS,MDMC2101910,N,Y,39.1636138,-77.2211801
PAST SALE,June-12-2023,Townhouse,212 Gold Kettle Dr,Gaithersburg,MD,20878,500000,3,3.0,SHADY GROVE VILLAGE,1440,2000,1980,,347,70,Sold,,,https://www.redfin.com/MD/Gaithersburg/212-Gold-Kettle-Dr-20878/home/10752093,BRIGHT MLS,MDMC2092198,N,Y,39.1171861,-77.2147608
PAST SALE,July-11-2023,Townhouse,18613 Chickadee Ln,Gaithersburg,MD,20879,420000,3,3.0,QUAIL VALLEY TH,1288,2001,1979,,326,99,Sold,,,https://www.redfin.com/MD/Gaithersburg/18613-Chickadee-Ln-20879/home/10764243,BRIGHT MLS,MDMC2094904,N,Y,39.1622139,-77.1844283
PAST SALE,June-26-2023,Townhouse,18510 Crabapple Pl,Gaithersburg,MD,20879,408000,3,3.0,FLOWER HILL,1617,1800,1986,,252,58,Sold,,,https://www.redfin.com/MD/Gaithersburg/18510-Crabapple-Pl-20879/home/10838131,BRIGHT MLS,MDMC2089348,N,Y,39.1590453,-77.1668882
PAST SALE,May-30-2023,Single Family Residential,19109 Harkness Ln,Gaithersburg,MD,20879,582000,4,2.5,CHARLENE,2245,8250,1973,,259,,Sold,,,https://www.redfin.com/MD/Gaithersburg/19109-Harkness-Ln-20879/home/10760830,BRIGHT MLS,MDMC2088330,N,Y,39.1699989,-77.1890667
PAST SALE,June-20-2023,Single Family Residential,19905 Bramble Bush Dr,Gaithersburg,MD,20879,575000,4,2.5,HUNTERS WOODS,2552,10200,1980,,225,,Sold,,,https://www.redfin.com/MD/Gaithersburg/19905-Bramble-Bush-Dr-20879/home/10789066,BRIGHT MLS,MDMC2089524,N,Y,39.1823508,-77.1861915
PAST SALE,April-28-2023,Single Family Residential,9730 Wightman Rd,Gaithersburg,MD,20879,653500,5,2.5,GOSHEN ESTATES,2352,62162,1978,,278,,Sold,,,https://www.redfin.com/MD/Gaithersburg/9730-Wightman-Rd-20879/home/10775298,BRIGHT MLS,MDMC2086988,N,Y,39.1969489,-77.201336
PAST SALE,September-15-2023,Townhouse,803 Main St,Gaithersburg,MD,20878,825000,4,2.5,LAKELANDS,2160,2233,1999,,382,125,Sold,,,https://www.redfin.com/MD/Gaithersburg/803-Main-St-20878/home/10878718,BRIGHT MLS,MDMC2101652,N,Y,39.1195198,-77.2322302
PAST SALE,September-15-2023,Single Family Residential,7801 Meadowvale Ter,Gaithersburg,MD,20882,900000,6,4.5,GOSHEN ESTATES,5033,87120,1996,,179,110,Sold,,,https://www.redfin.com/MD/Laytonsville/7801-Meadowvale-Ter-20882/home/10489591,BRIGHT MLS,MDMC2102264,N,Y,39.197429,-77.159648
PAST SALE,July-5-2023,Townhouse,8006 Cloverwood Ct,Gaithersburg,MD,20879,470000,4,3.5,FLOWER HILL,1958,1980,1991,,240,57,Sold,,,https://www.redfin.com/MD/Gaithersburg/8006-Cloverwood-Ct-20879/home/10855167,BRIGHT MLS,MDMC2094354,N,Y,39.1610909,-77.1650547
PAST SALE,July-27-2023,Townhouse,1210 Vermeer Ave,Gaithersburg,MD,20878,836015,3,4.0,CROWN FARM,2679,1930,,,312,132,Sold,,,https://www.redfin.com/MD/Gaithersburg/1210-Vermeer-Ave-20878/home/178421726,BRIGHT MLS,MDMC2087834,N,Y,39.111703,-77.195912
PAST SALE,April-28-2023,Single Family Residential,11644 Parsippany Ter,North Potomac,MD,20878,975000,5,3.5,DUFIEF MILL ESTATES,2420,15689,1985,,403,50,Sold,,,https://www.redfin.com/MD/North-Potomac/11644-Parsippany-Ter-20878/home/10619923,BRIGHT MLS,MDMC2087268,N,Y,39.0870983,-77.2423339
PAST SALE,October-10-2023,Townhouse,1210 Travis View Ct,Gaithersburg,MD,20879,450000,3,3.5,MONTGOMERY MEADOWS,1670,2323,1990,,269,84,Sold,,,https://www.redfin.com/MD/Gaithersburg/1210-Travis-View-Ct-20879/home/10844442,BRIGHT MLS,MDMC2107134,N,Y,39.1637762,-77.2213822
PAST SALE,July-19-2023,Single Family Residential,17720 Stoneridge Dr,North Potomac,MD,20878,673000,4,3.0,PARKRIDGE,2326,16360,1974,,289,,Sold,,,https://www.redfin.com/MD/North-Potomac/17720-Stoneridge-Dr-20878/home/10754509,BRIGHT MLS,MDMC2096218,N,Y,39.1472552,-77.2417052
PAST SALE,June-9-2023,Single Family Residential,19120 Harkness Ln,Gaithersburg,MD,20879,610100,4,2.5,CHARLENE,2296,12393,1979,,266,49,Sold,,,https://www.redfin.com/MD/Gaithersburg/19120-Harkness-Ln-20879/home/10760837,BRIGHT MLS,MDMC2092560,N,Y,39.1704602,-77.1895534
PAST SALE,,Single Family Residential,18441 Cape Jasmine Way,Gaithersburg,MD,20879,450000,,3.5,,2570,9047,1986,,175,,,,,https://www.redfin.com/MD/Gaithersburg/18441-Cape-Jasmine-Way-20879/home/10831842,,,N,Y,39.1587971,-77.1775208
PAST SALE,August-28-2023,Townhouse,31 Travis Ct,Gaithersburg,MD,20879,390000,3,3.5,MONTGOMERY MEADOWS,1630,2561,1982,,239,95,Sold,,,https://www.redfin.com/MD/Gaithersburg/31-Travis-Ct-20879/home/10783307,BRIGHT MLS,MDMC2100612,N,Y,39.1613158,-77.2149665
PAST SALE,July-24-2023,Townhouse,15729 Cherry Blossom Ln,North Potomac,MD,20878,630000,4,4.5,QUINCE ORCHARD KNOLLS,2508,1760,1990,,251,104,Sold,,,https://www.redfin.com/MD/North-Potomac/15729-Cherry-Blossom-Ln-20878/home/10626508,BRIGHT MLS,MDMC2097464,N,Y,39.1154688,-77.2473722
PAST SALE,June-14-2023,Townhouse,12411 Morning Light Ter,Gaithersburg,MD,20878,425000,3,2.5,QUINCE ORCHARD VALLEY,1580,2250,1987,,269,40,Sold,,,https://www.redfin.com/MD/Gaithersburg/12411-Morning-Light-Ter-20878/home/10622493,BRIGHT MLS,MDMC2092156,N,Y,39.136074,-77.256403
PAST SALE,September-22-2023,Townhouse,10 Napa Valley Rd,Gaithersburg,MD,20878,460000,3,3.5,ORCHARD PLACE,1800,2635,1983,,256,67,Sold,,,https://www.redfin.com/MD/Gaithersburg/10-Napa-Valley-Rd-20878/home/10792884,BRIGHT MLS,MDMC2104696,N,Y,39.1347298,-77.2273666
PAST SALE,August-9-2023,Single Family Residential,120 Billingsgate Ln,Gaithersburg,MD,20877,623000,5,3.5,SAYBROOKE,2398,5270,1988,,260,81,Sold,,,https://www.redfin.com/MD/Gaithersburg/120-Billingsgate-Ln-20877/home/10850410,BRIGHT MLS,MDMC2100436,N,Y,39.1504712,-77.1770748
PAST SALE,July-31-2023,Single Family Residential,14 Settlers Landing Ct,North Potomac,MD,20878,855000,4,2.5,DUFIEF MILL,1878,12445,1987,,455,31,Sold,,,https://www.redfin.com/MD/North-Potomac/14-Settlers-Landing-Ct-20878/home/10622143,BRIGHT MLS,MDMC2098952,N,Y,39.0915611,-77.2262574
PAST SALE,September-15-2023,Single Family Residential,20045 Mattingly Ter,Gaithersburg,MD,20879,540000,3,3.5,HADLEY FARMS,2421,4437,1990,,223,66,Sold,,,https://www.redfin.com/MD/Gaithersburg/20045-Mattingly-Ter-20879/home/10487602,BRIGHT MLS,MDMC2102998,N,Y,39.1853503,-77.1596831
PAST SALE,May-16-2023,Single Family Residential,12821 Tern Dr,North Potomac,MD,20878,983000,5,4.5,MOUNTAIN VIEW ESTATES,4752,22100,1999,,207,21,Sold,,,https://www.redfin.com/MD/North-Potomac/12821-Tern-Dr-20878/home/10632577,BRIGHT MLS,MDMC2085748,N,Y,39.1133803,-77.2660404
PAST SALE,May-26-2023,Single Family Residential,7234 Pompano Ter,Gaithersburg,MD,20879,695000,4,2.5,BROOKEFIELD,2352,91912,1986,,295,,Sold,,,https://www.redfin.com/MD/Gaithersburg/7234-Pompano-Ter-20879/home/10485194,BRIGHT MLS,MDMC2090710,N,Y,39.1817784,-77.149887
PAST SALE,May-5-2023,Townhouse,336 Park Ave Unit 16-336,Gaithersburg,MD,20877,456000,3,2.5,SUMMIT CROSSING CODM*,2598,,2013,,176,300,Sold,,,https://www.redfin.com/MD/Gaithersburg/336-Park-Ave-20877/unit-16-336/home/56617239,BRIGHT MLS,MDMC2087096,N,Y,39.146085,-77.193082
PAST SALE,June-15-2023,Townhouse,8707 Kelso Ter,Gaithersburg,MD,20877,398000,3,3.0,EMORY GROVE HILLS,1408,1628,1985,,283,75,Sold,,,https://www.redfin.com/MD/Gaithersburg/8707-Kelso-Ter-20877/home/10819165,BRIGHT MLS,MDMC2090948,N,Y,39.1556924,-77.1771457
PAST SALE,August-22-2023,Townhouse,22 Starboard Ct,Gaithersburg,MD,20877,425000,3,3.5,AUDUBON SQUARE,1890,2250,1985,,225,83,Sold,,,https://www.redfin.com/MD/Gaithersburg/22-Starboard-Ct-20877/home/10793897,BRIGHT MLS,MDMC2100912,N,Y,39.1438687,-77.1833843
PAST SALE,May-12-2023,Single Family Residential,12 Turnham Ct,Gaithersburg,MD,20878,936000,5,3.5,WESTLEIGH,4250,12061,1974,,220,,Sold,,,https://www.redfin.com/MD/North-Potomac/12-Turnham-Ct-20878/home/10759513,BRIGHT MLS,MDMC2085458,N,Y,39.106849,-77.2316464
PAST SALE,September-7-2023,Single Family Residential,24312 Club View Dr,Gaithersburg,MD,20882,619000,4,3.5,THE PLANTATIONS,2916,11326,1983,,212,17,Sold,,,https://www.redfin.com/MD/Gaithersburg/24312-Club-View-Dr-20882/home/10938156,BRIGHT MLS,MDMC2101496,N,Y,39.2557105,-77.2056872
PAST SALE,October-23-2023,Townhouse,839 Rockwell Ave,Gaithersburg,MD,20878,760000,3,2.5,GAITHERSBURG,2548,,2021,,298,290,Sold,,,https://www.redfin.com/MD/Gaithersburg/839-Rockwell-Ave-20878/home/172209381,BRIGHT MLS,MDMC2107406,N,Y,39.111463,-77.199303
PAST SALE,June-7-2023,Townhouse,313 Fleece Flower Dr,Gaithersburg,MD,20878,520000,4,3.5,AMBERFIELD,1940,2820,1987,,268,151,Sold,,,https://www.redfin.com/MD/Gaithersburg/313-Fleece-Flower-Dr-20878/home/10843769,BRIGHT MLS,MDMC2091836,N,Y,39.1140922,-77.2217638
PAST SALE,August-18-2023,Single Family Residential,140 Crown Farm Dr,Gaithersburg,MD,20878,1155001,5,4.5,CROWN POINTE,4778,5000,2012,,242,178,Sold,,,https://www.redfin.com/MD/Gaithersburg/140-Crown-Farm-Dr-20878/home/39885408,BRIGHT MLS,MDMC2099434,N,Y,39.1159496,-77.2104535
PAST SALE,June-9-2023,Townhouse,19602 Labelle Ct,Gaithersburg,MD,20879,375000,3,2.5,GOSHEN VILLAGE,1504,1633,1984,,249,99,Sold,,,https://www.redfin.com/MD/Gaithersburg/19602-Labelle-Ct-20879/home/10832528,BRIGHT MLS,MDMC2090372,N,Y,39.177384,-77.1914209
PAST SALE,July-13-2023,Single Family Residential,765 Vargas Ct,Gaithersburg,MD,20878,579900,4,3.0,DIAMOND COURTS,1920,10328,1970,,302,,Sold,,,https://www.redfin.com/MD/Gaithersburg/765-Vargas-Ct-20878/home/10747652,BRIGHT MLS,MDMC2096820,N,Y,39.1356971,-77.2363167
PAST SALE,June-28-2023,Townhouse,18725 Falling River Dr,Gaithersburg,MD,20879,520000,4,3.5,WHETSTONE RUN,2880,2108,2007,,181,104,Sold,,,https://www.redfin.com/MD/Gaithersburg/18725-Falling-River-Dr-20879/home/35616179,BRIGHT MLS,MDMC2093506,N,Y,39.1643254,-77.2219124
PAST SALE,September-6-2023,Single Family Residential,102 E Deer Park Dr,Gaithersburg,MD,20877,480000,4,2.0,DEER PARK,2420,13543,1949,,198,,Sold,,,https://www.redfin.com/MD/Gaithersburg/102-E-Deer-Park-Dr-20877/home/10749583,BRIGHT MLS,MDMC2099802,N,Y,39.133578,-77.186259
PAST SALE,July-28-2023,Single Family Residential,14537 Pebblewood Dr,North Potomac,MD,20878,1001000,4,3.5,STONEBRIDGE,3828,10455,1988,,261,69,Sold,,,https://www.redfin.com/MD/North-Potomac/14537-Pebblewood-Dr-20878/home/10622569,BRIGHT MLS,MDMC2094574,N,Y,39.0949013,-77.2202843
PAST SALE,June-12-2023,Single Family Residential,21010 Delta Dr,Gaithersburg,MD,20882,311000,0,,GOSHEN ESTATES,2640,43124,1972,,118,,Sold,,,https://www.redfin.com/MD/Gaithersburg/21010-Delta-Dr-20882/home/10483593,BRIGHT MLS,MDMC2092926,N,Y,39.2009875,-77.1644461
PAST SALE,August-14-2023,Townhouse,408 Uptown St,Gaithersburg,MD,20878,785000,5,4.5,WATKINS MILL TOWN CENTER,3384,1740,2014,,232,100,Sold,,,https://www.redfin.com/MD/Gaithersburg/408-Uptown-St-20878/home/64363543,BRIGHT MLS,MDMC2095214,N,Y,39.1525457,-77.2270209
PAST SALE,August-18-2023,Single Family Residential,13524 Straw Bale Ln,Darnestown,MD,20878,807500,5,2.5,HIGHLANDS OF DARNESTOWN,2967,26217,1985,,272,,Sold,,,https://www.redfin.com/MD/Darnestown/13524-Straw-Bale-Ln-20878/home/10614959,BRIGHT MLS,MDMC2097986,N,Y,39.0942614,-77.2821114
PAST SALE,April-28-2023,Single Family Residential,7 Thorburn Pl,North Potomac,MD,20878,880000,5,2.5,WESTLEIGH,3194,12394,1979,,276,5,Sold,,,https://www.redfin.com/MD/Gaithersburg/7-Thorburn-Pl-20878/home/10759676,BRIGHT MLS,MDMC2086848,N,Y,39.1059109,-77.2264371
PAST SALE,July-21-2023,Single Family Residential,8005 Hilton Rd,Gaithersburg,MD,20882,525000,5,2.5,UPPER SENECA CREST,2184,35620,1973,,240,,Sold,,,https://www.redfin.com/MD/Gaithersburg/8005-Hilton-Rd-20882/home/10934122,BRIGHT MLS,MDMC2093444,N,Y,39.2557713,-77.166468
PAST SALE,April-28-2023,Single Family Residential,22105 Creekview Dr,Gaithersburg,MD,20882,930000,6,5.0,FOXLAIR ACRES,4365,89298,1988,,213,,Sold,,,https://www.redfin.com/MD/Gaithersburg/22105-Creekview-Dr-20882/home/10486113,BRIGHT MLS,MDMC2085238,N,Y,39.2199649,-77.1977815
PAST SALE,July-5-2023,Townhouse,158 Mill Green Ave #100,Gaithersburg,MD,20878,477500,3,2.5,QUINCE ORCHARD PARK CODM,1771,,2002,,270,369,Sold,,,https://www.redfin.com/MD/Gaithersburg/158-Mill-Green-Ave-20878/unit-100/home/11188967,BRIGHT MLS,MDMC2093402,N,Y,39.1259196,-77.2257185
PAST SALE,August-23-2023,Townhouse,1226 Travis View Ct,Gaithersburg,MD,20879,415000,3,2.5,MONTGOMERY MEADOWS,1670,2360,1991,,249,85,Sold,,,https://www.redfin.com/MD/Gaithersburg/1226-Travis-View-Ct-20879/home/10844467,BRIGHT MLS,MDMC2096864,N,Y,39.1642718,-77.2214381
PAST SALE,August-17-2023,Single Family Residential,13419 Haddonfield Ln,Darnestown,MD,20878,1175000,4,2.5,BONDBROOK,3484,87120,1984,,337,21,Sold,,,https://www.redfin.com/MD/Gaithersburg/13419-Haddonfield-Ln-20878/home/10618697,BRIGHT MLS,MDMC2099696,N,Y,39.1116715,-77.280271
PAST SALE,July-14-2023,Single Family Residential,23840 Rolling Fork Way,Gaithersburg,MD,20882,665000,4,3.5,THE PLANTATIONS,1939,12099,1987,,343,93,Sold,,,https://www.redfin.com/MD/Gaithersburg/23840-Rolling-Fork-Way-20882/home/10942259,BRIGHT MLS,MDMC2094816,N,Y,39.2453076,-77.1993986
PAST SALE,,Single Family Residential,18307 Powhatan Ct,Gaithersburg,MD,20877,207000,,1.5,,1256,7085,1978,,165,,,,,https://www.redfin.com/MD/Gaithersburg/18307-Powhatan-Ct-20877/home/10779621,,,N,Y,39.1546739,-77.1606267
PAST SALE,,Single Family Residential,100 Spring St,Gaithersburg,MD,20877,577000,,3.0,,1844,7874,1963,,313,,,,,https://www.redfin.com/MD/Gaithersburg/100-Spring-St-20877/home/10746928,,,N,Y,39.138067,-77.2021836
PAST SALE,August-11-2023,Townhouse,250 Gold Kettle Dr,Gaithersburg,MD,20878,505000,3,3.5,SHADY GROVE VILLAGE,1647,2000,1969,,307,70,Sold,,,https://www.redfin.com/MD/Gaithersburg/250-Gold-Kettle-Dr-20878/home/10751688,BRIGHT MLS,MDMC2099030,N,Y,39.1174012,-77.2128936
PAST SALE,,Other,22509 Hawlings River Rd,Laytonsville,MD,20882,260000,,,,,23088,,,,,,,,https://www.redfin.com/MD/Laytonsville/22509-Hawlings-River-Rd-20882/home/10483665,,,N,Y,39.2268441,-77.1170326
PAST SALE,September-28-2023,Single Family Residential,14521 High Meadow Way,North Potomac,MD,20878,1575000,4,4.5,POTOMAC CHASE,5465,29166,1990,,288,33,Sold,,,https://www.redfin.com/MD/North-Potomac/14521-High-Meadow-Way-20878/home/10627204,BRIGHT MLS,MDMC2102716,N,Y,39.0933739,-77.2624937
PAST SALE,September-8-2023,Townhouse,408 Fleece Flower Dr,Gaithersburg,MD,20878,510000,3,2.5,AMBERFIELD,1720,1800,1987,,297,151,Sold,,,https://www.redfin.com/MD/Gaithersburg/408-Fleece-Flower-Dr-20878/home/10844822,BRIGHT MLS,MDMC2103850,N,Y,39.1145149,-77.2221876
PAST SALE,September-22-2023,Single Family Residential,7312 Brenish Dr,Gaithersburg,MD,20879,435000,3,1.5,EDINBURGH,1264,5588,1985,,344,73,Sold,,,https://www.redfin.com/MD/Gaithersburg/7312-Brenish-Dr-20879/home/10485879,BRIGHT MLS,MDMC2101672,N,Y,39.175558,-77.1530635
PAST SALE,August-31-2023,Single Family Residential,13624 Straw Bale Ln,Darnestown,MD,20878,875000,4,3.5,HIGHLANDS OF DARNESTOWN,3780,45738,1986,,231,,Sold,,,https://www.redfin.com/MD/Darnestown/13624-Straw-Bale-Ln-20878/home/10614808,BRIGHT MLS,MDMC2100424,N,Y,39.097069,-77.27996
PAST SALE,August-11-2023,Single Family Residential,361 Alfandre Mews,Gaithersburg,MD,20878,725000,3,2.5,KENTLANDS MIDTOWN,2176,1125,1999,,333,155,Sold,,,https://www.redfin.com/MD/Gaithersburg/361-Alfandre-Mews-20878/home/10878494,BRIGHT MLS,MDMC2098164,N,Y,39.1198772,-77.2378055
PAST SALE,September-28-2023,Single Family Residential,423 Parkview,Gaithersburg,MD,20878,855000,4,2.5,WATKINS MILL TOWN CENTER,3190,2508,2013,,268,100,Sold,,,https://www.redfin.com/MD/Gaithersburg/423-Parkview-Ave-20878/home/110056744,BRIGHT MLS,MDMC2103554,N,Y,39.1517563,-77.2253143
PAST SALE,September-6-2023,Single Family Residential,162 Hidden Forest Ct,Gaithersburg,MD,20877,820000,5,4.5,HIDDEN CREEK,4494,5799,2003,,182,100,Sold,,,https://www.redfin.com/MD/Gaithersburg/162-Hidden-Forest-Ct-20877/home/11193175,BRIGHT MLS,MDMC2097792,N,Y,39.1575324,-77.1847891
PAST SALE,July-24-2023,Townhouse,715 Crown Park Ave,Gaithersburg,MD,20878,912000,3,3.5,CROWN FARM,2529,1958,2014,,361,131,Sold,,,https://www.redfin.com/MD/Gaithersburg/715-Crown-Park-Ave-20878/home/49782631,BRIGHT MLS,MDMC2097240,N,Y,39.1113089,-77.2019729
PAST SALE,June-12-2023,Single Family Residential,12355 Quince Valley Dr,North Potomac,MD,20878,875000,4,3.5,QUINCE ORCHARD ESTATES,3476,10028,1989,,252,66,Sold,,,https://www.redfin.com/MD/North-Potomac/12355-Quince-Valley-Dr-20878/home/10625414,BRIGHT MLS,MDMC2085218,N,Y,39.1103301,-77.2576449
PAST SALE,June-2-2023,Single Family Residential,24020 Pecan Grove Ln,Gaithersburg,MD,20882,625000,4,2.5,THE PLANTATIONS,1948,9375,1986,,321,100,Sold,,,https://www.redfin.com/MD/Gaithersburg/24020-Pecan-Grove-Ln-20882/home/10940785,BRIGHT MLS,MDMC2089342,N,Y,39.2513966,-77.1970628
PAST SALE,October-16-2023,Townhouse,625 Kingfisher Ave,Gaithersburg,MD,20877,448000,3,2.5,HIDDEN CREEK CODM,1868,,2007,,240,288,Sold,,,https://www.redfin.com/MD/Gaithersburg/625-Kingfisher-Ave-20877/home/22035007,BRIGHT MLS,MDMC2105806,N,Y,39.154687,-77.189442
PAST SALE,July-26-2023,Townhouse,1218 Vermeer Ave,Gaithersburg,MD,20878,850000,4,4.5,CROWN FARM,2679,1930,2023,,317,132,Sold,,,https://www.redfin.com/MD/Gaithersburg/1218-Vermeer-Ave-20878/home/178421724,BRIGHT MLS,MDMC2091718,N,Y,39.111667,-77.195778
PAST SALE,September-26-2023,Single Family Residential,127 Upshire Cir,Gaithersburg,MD,20878,1060000,4,3.5,WASHINGTONIAN WOODS,4138,11831,1989,,256,89,Sold,,,https://www.redfin.com/MD/Gaithersburg/127-Upshire-Cir-20878/home/10852418,BRIGHT MLS,MDMC2106364,N,Y,39.1090585,-77.224506
PAST SALE,August-14-2023,Townhouse,19117 Broadwater Way,Gaithersburg,MD,20879,380000,3,2.5,GOSHEN VILLAGE,1188,1760,1984,,320,100,Sold,,,https://www.redfin.com/MD/Gaithersburg/19117-Broadwater-Way-20879/home/10824882,BRIGHT MLS,MDMC2092628,N,Y,39.1706181,-77.1923296
PAST SALE,July-13-2023,Single Family Residential,18435 Gardenia Way,Gaithersburg,MD,20879,694900,4,3.5,FLOWER HILL,2774,14790,1985,,251,38,Sold,,,https://www.redfin.com/MD/Gaithersburg/18435-Gardenia-Way-20879/home/10832010,BRIGHT MLS,MDMC2090532,N,Y,39.1588463,-77.1736569
PAST SALE,June-29-2023,Townhouse,223 Strummer Ln,Gaithersburg,MD,20878,820000,3,3.0,CROWN FARM,2036,1763,2014,,403,131,Sold,,,https://www.redfin.com/MD/Gaithersburg/223-Strummer-Ln-20878/home/49782740,BRIGHT MLS,MDMC2093076,N,Y,39.1127587,-77.2021823
PAST SALE,August-11-2023,Single Family Residential,8025 Exodus Dr,Gaithersburg,MD,20882,975000,5,3.5,GOSHEN ESTATES,4700,94089,1983,,207,,Sold,,,https://www.redfin.com/MD/Gaithersburg/8025-Exodus-Dr-20882/home/10483638,BRIGHT MLS,MDMC2095692,N,Y,39.2021317,-77.1653897
PAST SALE,,Single Family Residential,243 Grange Hall Dr,Gaithersburg,MD,20877,650000,,3.5,,3320,10793,1989,,196,,,,,https://www.redfin.com/MD/Gaithersburg/243-Grange-Hall-Dr-20877/home/10851494,,,N,Y,39.1512249,-77.1795425
PAST SALE,July-27-2023,Single Family Residential,14900 Keeneland Cir,North Potomac,MD,20878,839000,4,3.5,MILLS FARM,3576,13386,1984,,235,,Sold,,,https://www.redfin.com/MD/North-Potomac/14900-Keeneland-Cir-20878/home/10616269,BRIGHT MLS,MDMC2097074,N,Y,39.0984878,-77.2566122
PAST SALE,June-26-2023,Single Family Residential,429 Upshire Cir,Gaithersburg,MD,20878,740000,3,3.5,WASHINGTONIAN WOODS,3333,7810,1990,,222,89,Sold,,,https://www.redfin.com/MD/Gaithersburg/429-Upshire-Cir-20878/home/10860593,BRIGHT MLS,MDMC2094450,N,Y,39.1151517,-77.2238869
PAST SALE,July-7-2023,Townhouse,204 Lazy Hollow Dr,Gaithersburg,MD,20878,525000,4,3.5,AMBERFIELD,1428,1612,1985,,368,151,Sold,,,https://www.redfin.com/MD/Gaithersburg/204-Lazy-Hollow-Dr-20878/home/10831653,BRIGHT MLS,MDMC2096546,N,Y,39.1127825,-77.2192524
PAST SALE,August-29-2023,Townhouse,607 Gatestone St,Gaithersburg,MD,20878,785000,4,2.5,LAKELANDS,2300,1260,2002,,341,125,Sold,,,https://www.redfin.com/MD/Gaithersburg/607-Gatestone-St-20878/home/10880036,BRIGHT MLS,MDMC2100360,N,Y,39.1193837,-77.2318148
PAST SALE,October-20-2023,Townhouse,16 Middlebury Ct,Gaithersburg,MD,20878,795000,3,3.5,CROWN POINTE,3096,2154,2009,,257,133,Sold,,,https://www.redfin.com/MD/Gaithersburg/16-Middlebury-Ct-20878/home/35616407,BRIGHT MLS,MDMC2105894,N,Y,39.1135543,-77.2113127
PAST SALE,July-21-2023,Townhouse,443 Tschiffely Square Rd,Gaithersburg,MD,20878,875000,4,3.5,KENTLANDS,2100,8236,1994,,417,147,Sold,,,https://www.redfin.com/MD/Gaithersburg/443-Tschiffely-Square-Rd-20878/home/10867457,BRIGHT MLS,MDMC2094920,N,Y,39.1223627,-77.2433582
PAST SALE,August-25-2023,Townhouse,9121 Turtle Dove Ln,Gaithersburg,MD,20879,395000,3,2.5,CHARLENE TOWNHOUSES,1364,2024,1980,,290,82,Sold,,,https://www.redfin.com/MD/Gaithersburg/9121-Turtle-Dove-Ln-20879/home/10784748,BRIGHT MLS,MDMC2102136,N,Y,39.1769358,-77.1881172
PAST SALE,August-11-2023,Townhouse,19 Story Dr,Gaithersburg,MD,20878,490000,4,3.5,SHADY GROVE VILLAGE,2129,3445,1969,,230,70,Sold,,,https://www.redfin.com/MD/Gaithersburg/19-Story-Dr-20878/home/10751938,BRIGHT MLS,MDMC2098478,N,Y,39.1163508,-77.2125506
PAST SALE,August-22-2023,Single Family Residential,13017 Meadow View Dr,Gaithersburg,MD,20878,890000,4,2.5,ANCIENT OAK,3580,28879,1971,,249,,Sold,,,https://www.redfin.com/MD/Gaithersburg/13017-Meadow-View-Dr-20878/home/10607752,BRIGHT MLS,MDMC2096160,N,Y,39.1153169,-77.2724575
PAST SALE,May-16-2023,Single Family Residential,339 Tschiffely Square Rd,Gaithersburg,MD,20878,1300000,4,3.5,KENTLANDS,2398,6391,1993,,542,154,Sold,,,https://www.redfin.com/MD/Gaithersburg/339-Tschiffely-Square-Rd-20878/home/10862693,BRIGHT MLS,MDMC2085730,N,Y,39.120117,-77.2440454
PAST SALE,April-28-2023,Townhouse,18816 Purple Martin Ln,Gaithersburg,MD,20879,320000,3,1.5,QUAIL VALLEY TH,1580,2001,1977,,203,99,Sold,,,https://www.redfin.com/MD/Gaithersburg/18816-Purple-Martin-Ln-20879/home/10764649,BRIGHT MLS,MDMC2085264,N,Y,39.1657747,-77.1877174
PAST SALE,October-13-2023,Single Family Residential,302 Little Quarry Rd,Gaithersburg,MD,20878,850000,3,2.5,KENTLANDS HILL DISTRICT,1888,3118,1993,,450,154,Sold,,,https://www.redfin.com/MD/Gaithersburg/302-Little-Quarry-Rd-20878/home/10862291,BRIGHT MLS,MDMC2107594,N,Y,39.1211686,-77.2452975
PAST SALE,June-30-2023,Single Family Residential,18701 Flower Hill Way,Gaithersburg,MD,20879,570000,4,2.5,FLOWER HILL,2240,7702,1983,,254,33,Sold,,,https://www.redfin.com/MD/Gaithersburg/18701-Flower-Hill-Way-20879/home/10797041,BRIGHT MLS,MDMC2094564,N,Y,39.1635631,-77.1740151
PAST SALE,August-23-2023,Single Family Residential,8531 Emory Grove Rd,Gaithersburg,MD,20877,510000,3,2.5,GAITHERSBURG OUTSIDE,1992,42486,1982,,256,,Sold,,,https://www.redfin.com/MD/Gaithersburg/8531-Emory-Grove-Rd-20877/home/10735484,BRIGHT MLS,MDMC2097046,N,Y,39.1559824,-77.1741512
PAST SALE,September-27-2023,Townhouse,10410 Nolan Dr,Rockville,MD,20850,690000,4,3.5,HUNTING HILLS WOODS,2106,2035,1984,,328,52,Sold,,,https://www.redfin.com/MD/Rockville/10410-Nolan-Dr-20850/home/10617949,BRIGHT MLS,MDMC2101864,N,Y,39.0965352,-77.2159262
PAST SALE,June-21-2023,Single Family Residential,2 Frances Green Ct,North Potomac,MD,20878,1075000,4,3.5,DUFIEF MILL BROOK,3316,10920,1985,,324,108,Sold,,,https://www.redfin.com/MD/North-Potomac/2-Frances-Green-Ct-20878/home/10619774,BRIGHT MLS,MDMC2090524,N,Y,39.0916489,-77.2355308
PAST SALE,July-31-2023,Single Family Residential,11104 Pinion Ct,North Potomac,MD,20878,775000,4,3.0,WESTLEIGH,1760,11553,1976,,440,16,Sold,,,https://www.redfin.com/MD/North-Potomac/11104-Pinion-Ct-20878/home/10610235,BRIGHT MLS,MDMC2098388,N,Y,39.0993949,-77.2304788
PAST SALE,May-4-2023,Townhouse,11547 Sullnick Way,Gaithersburg,MD,20878,475000,4,3.0,DORSEY ESTATES,1940,1943,1984,,245,58,Sold,,,https://www.redfin.com/MD/Gaithersburg/11547-Sullnick-Way-20878/home/10824727,BRIGHT MLS,MDMC2089172,N,Y,39.1489281,-77.236179
PAST SALE,August-11-2023,Townhouse,18620 Grosbeak Ter,Gaithersburg,MD,20879,415000,3,3.0,QUAIL VALLEY TH,1403,2001,1980,,296,99,Sold,,,https://www.redfin.com/MD/Gaithersburg/18620-Grosbeak-Ter-20879/home/10764076,BRIGHT MLS,MDMC2101696,N,Y,39.1621893,-77.1868459
PAST SALE,May-12-2023,Townhouse,9952 Lake Lndg,Montgomery Village,MD,20886,415000,3,2.5,WALKERS CHOICE-MONTG VIL,2038,1786,1980,,204,102,Sold,,,https://www.redfin.com/MD/Gaithersburg/9952-Lake-Landing-Rd-20886/home/10786094,BRIGHT MLS,MDMC2088958,N,Y,39.1648015,-77.2066753
PAST SALE,July-21-2023,Single Family Residential,14401 Settlers Lndg,North Potomac,MD,20878,1046000,4,3.5,DUFIEF MILL,3352,14519,1987,,312,31,Sold,,,https://www.redfin.com/MD/North-Potomac/14401-Settlers-Landing-Way-20878/home/143273472,BRIGHT MLS,MDMC2094534,N,Y,39.0909837,-77.2300747
