PAST SALE,July-25-2023,Townhouse,13530 Champions Way,Germantown,MD,20874,451000,3,2.5,FOUNTAIN HILLS,1636,1050,1999,,276,101,Sold,,,https://www.redfin.com/MD/Germantown/13530-Champions-Way-20874/home/10876321,BRIGHT MLS,MDMC2098240,N,Y,39.1623632,-77.2793386
PAST SALE,August-24-2023,Townhouse,1 Esmond Ct,Germantown,MD,20874,331000,3,3.5,GUNNERS VIEW,1488,2400,1986,,222,96,Sold,,,https://www.redfin.com/MD/Germantown/1-Esmond-Ct-20874/home/10830565,BRIGHT MLS,MDMC2101302,N,Y,39.171796,-77.2514209
PAST SALE,April-28-2023,Single Family Residential,12110 Stardrift Dr,Germantown,MD,20876,665000,4,3.0,MILESTONE,2988,6518,1992,,223,58,Sold,,,https://www.redfin.com/MD/Germantown/12110-Stardrift-Dr-20876/home/10496752,BRIGHT MLS,MDMC2087626,N,Y,39.2057239,-77.2490692
PAST SALE,April-28-2023,Townhouse,12547 Timber Hollow Pl,Germantown,MD,20874,310000,2,2.0,GUNNERS LAKE VILLAGE,1330,1085,1985,,233,95,Sold,,,https://www.redfin.com/MD/Germantown/12547-Timber-Hollow-Pl-20874/home/10826969,BRIGHT MLS,MDMC2087302,N,Y,39.1718476,-77.2572746
PAST SALE,October-17-2023,Townhouse,18668 Winding Creek Pl,Germantown,MD,20874,350000,3,1.5,GUNNERS LAKE VILLAGE,1260,2339,1982,,278,121,Sold,,,https://www.redfin.com/MD/Germantown/18668-Winding-Creek-Pl-20874/home/10790726,BRIGHT MLS,MDMC2106834,N,Y,39.1616812,-77.250307
PAST SALE,May-1-2023,Townhouse,18517 Eagles Roost Dr,Germantown,MD,20874,405000,3,3.5,STONERIDGE,1948,1376,1979,,208,98,Sold,,,https://www.redfin.com/MD/Germantown/18517-Eagles-Roost-Dr-20874/home/10773948,BRIGHT MLS,MDMC2085856,N,Y,39.1604748,-77.2697415
PAST SALE,July-27-2023,Townhouse,19003 Gallop Dr,Germantown,MD,20874,510000,3,2.5,GERMANTOWN ESTATES,2060,1600,1990,,248,85,Sold,,,https://www.redfin.com/MD/Germantown/19003-Gallop-Dr-20874/home/10494713,BRIGHT MLS,MDMC2097208,N,Y,39.1726387,-77.2891262
PAST SALE,August-31-2023,Townhouse,20306 Cedarhurst Way,Germantown,MD,20876,445000,3,3.5,BRANDERMILL,1960,1615,1988,,227,111,Sold,,,https://www.redfin.com/MD/Germantown/20306-Cedarhurst-Way-20876/home/10803029,BRIGHT MLS,MDMC2101106,N,Y,39.1912061,-77.2392225
PAST SALE,September-5-2023,Townhouse,19935 Appledowre Cir #116,Germantown,MD,20876,301500,2,2.0,GRNFLDS OF BRNDRMILL COD,1284,,1983,,235,386,Sold,,,https://www.redfin.com/MD/Germantown/19935-Appledowre-Cir-20876/unit-116/home/10827800,BRIGHT MLS,MDMC2101430,N,Y,39.1839704,-77.2352206
PAST SALE,September-22-2023,Single Family Residential,19712 Webster Ct,Germantown,MD,20874,606000,4,2.5,CHURCHILL TOWN SECTOR,2456,9677,1978,,247,120,Sold,,,https://www.redfin.com/MD/Germantown/19712-Webster-Ct-20874/home/10491057,BRIGHT MLS,MDMC2099000,N,Y,39.1810619,-77.286645
PAST SALE,June-23-2023,Single Family Residential,21401 Stage Coach Pl,Germantown,MD,20876,860000,4,4.5,MILESTONE,4936,10494,1996,,174,58,Sold,,,https://www.redfin.com/MD/Germantown/21401-Stage-Coach-Pl-20876/home/10497786,BRIGHT MLS,MDMC2092998,N,Y,39.2084633,-77.2501692
PAST SALE,October-6-2023,Townhouse,18926 Birdseye Dr,Germantown,MD,20874,334000,2,2.0,GUNNERS LAKE VILLAGE,1482,1214,1983,,225,100,Sold,,,https://www.redfin.com/MD/Germantown/18926-Birdseye-Dr-20874/home/10823291,BRIGHT MLS,MDMC2105790,N,Y,39.1652955,-77.2503948
PAST SALE,July-28-2023,Townhouse,13055 Open Hearth Way,Germantown,MD,20874,387000,3,2.5,PLEASANT FIELDS,1544,1305,1976,,251,96,Sold,,,https://www.redfin.com/MD/Germantown/13055-Open-Hearth-Way-20874/home/10611871,BRIGHT MLS,MDMC2094104,N,Y,39.1568379,-77.2699787
PAST SALE,June-12-2023,Townhouse,13079 Open Hearth Way,Germantown,MD,20874,372000,2,2.0,PLEASANT FIELDS,1573,1496,1976,,236,96,Sold,,,https://www.redfin.com/MD/Germantown/13079-Open-Hearth-Way-20874/home/10611899,BRIGHT MLS,MDMC2091590,N,Y,39.1564903,-77.2705608
PAST SALE,October-24-2023,Townhouse,19419 Dover Cliffs Cir #19419,Germantown,MD,20874,375000,2,2.5,BUCKINGHAM STATION CODM*,1567,,2007,,239,336,Sold,,,https://www.redfin.com/MD/Germantown/19419-Dover-Cliffs-Cir-20874/unit-19419/home/187367837,BRIGHT MLS,MDMC2106324,N,Y,39.1771799,-77.2790141
PAST SALE,June-23-2023,Townhouse,24 Grotto Ct,Germantown,MD,20874,430000,3,2.5,GERMANTOWN VIEW,1514,1750,1986,,284,85,Sold,,,https://www.redfin.com/MD/Germantown/24-Grotto-Ct-20874/home/10825498,BRIGHT MLS,MDMC2094146,N,Y,39.1697344,-77.2683077
PAST SALE,October-12-2023,Townhouse,18507 Bay Leaf Way,Germantown,MD,20874,330000,3,1.5,GERMANTOWN PARK,1248,2000,1974,,264,170,Sold,,,https://www.redfin.com/MD/Germantown/18507-Bay-Leaf-Way-20874/home/10765649,BRIGHT MLS,MDMC2105414,N,Y,39.159287,-77.263891
PAST SALE,August-4-2023,Single Family Residential,19104 Gunnerfield Ln,Germantown,MD,20874,670000,4,3.0,GUNNERS VIEW,2789,14657,1987,,240,13,Sold,,,https://www.redfin.com/MD/Germantown/19104-Gunnerfield-Ln-20874/home/10842526,BRIGHT MLS,MDMC2098752,N,Y,39.1687748,-77.2540081
PAST SALE,June-8-2023,Townhouse,12429 Walnut Cove Cir,Germantown,MD,20874,435000,3,2.5,GUNNERS LAKE VILLAGE,1320,1400,1988,,330,95,Sold,,,https://www.redfin.com/MD/Germantown/12429-Walnut-Cove-Cir-20874/home/10848855,BRIGHT MLS,MDMC2090356,N,Y,39.1695901,-77.2562669
PAST SALE,August-10-2023,Townhouse,19611 Gassaway Ln,Germantown,MD,20874,570000,3,3.0,KINGSVIEW RIDGE,2460,2500,2001,,232,87,Sold,,,https://www.redfin.com/MD/Germantown/19611-Gassaway-Ln-20874/home/11173481,BRIGHT MLS,MDMC2098744,N,Y,39.1768747,-77.2844564
PAST SALE,May-19-2023,Single Family Residential,19900 Knollcross Dr,Germantown,MD,20876,700000,5,3.5,KINGS SQUARE,3364,9141,1996,,208,39,Sold,,,https://www.redfin.com/MD/Germantown/19900-Knollcross-Dr-20876/home/10873907,BRIGHT MLS,MDMC2087736,N,Y,39.1820638,-77.2292663
PAST SALE,June-13-2023,Single Family Residential,13806 Rockingham Rd,Germantown,MD,20874,790000,4,3.5,KINGSVIEW VILLAGE,4103,7203,1999,,193,70,Sold,,,https://www.redfin.com/MD/Germantown/13806-Rockingham-Rd-20874/home/10634541,BRIGHT MLS,MDMC2088504,N,Y,39.1585541,-77.286886
PAST SALE,July-12-2023,Townhouse,6 Gunners Ct,Germantown,MD,20876,522000,3,3.0,MARY J BOLAND SUB,2472,1760,2002,,211,105,Sold,,,https://www.redfin.com/MD/Germantown/6-Gunners-Ct-20876/home/11168068,BRIGHT MLS,MDMC2092262,N,Y,39.187315,-77.2411013
PAST SALE,May-31-2023,Single Family Residential,11524 Doxdam Ter,Germantown,MD,20876,540000,5,3.0,WEXFORD,2137,6002,1987,,253,76,Sold,,,https://www.redfin.com/MD/Germantown/11524-Doxdam-Ter-20876/home/10820764,BRIGHT MLS,MDMC2089372,N,Y,39.1992677,-77.2409419
PAST SALE,August-9-2023,Single Family Residential,23103 Davis Mill Rd,Germantown,MD,20876,1795000,6,4.0,DAMASCUS OUTSIDE,7300,1566418,2009,,246,,Sold,,,https://www.redfin.com/MD/Germantown/23103-Davis-Mill-Rd-20876/home/143758493,BRIGHT MLS,MDMC2093870,N,Y,39.2292974,-77.22048
PAST SALE,,Townhouse,18837 Summer Oak Ct,Germantown,MD,20874,328811,,2.5,,1344,1470,1981,,245,,,,,https://www.redfin.com/MD/Germantown/18837-Summer-Oak-Ct-20874/home/10788696,,,N,Y,39.1636604,-77.2432888
PAST SALE,May-18-2023,Townhouse,19064 Sawyer Ter,Germantown,MD,20874,465000,3,3.5,GERMANTOWN ESTATES,1830,1600,1997,,254,88,Sold,,,https://www.redfin.com/MD/Germantown/19064-Sawyer-Ter-20874/home/10494811,BRIGHT MLS,MDMC2089150,N,Y,39.1719386,-77.2849272
PAST SALE,,Townhouse,13225 Country Ridge Dr,Germantown,MD,20874,440000,,2.5,,2078,1470,1981,,212,,,,,https://www.redfin.com/MD/Germantown/13225-Country-Ridge-Dr-20874/home/10492340,,,N,Y,39.1850766,-77.2716071
PAST SALE,,Townhouse,20223 Waters Row Ter,Germantown,MD,20874,385000,,2.5,,1320,1580,1992,,292,,,,,https://www.redfin.com/MD/Germantown/20223-Waters-Row-Ter-20874/home/10496308,,,N,Y,39.188557,-77.266428
PAST SALE,,Townhouse,18307 Bailiwick Pl,Germantown,MD,20874,560000,,3.5,,2470,1500,2000,,227,,,,,https://www.redfin.com/MD/Germantown/18307-Bailiwick-Pl-20874/home/10635712,,,N,Y,39.1584173,-77.286111
PAST SALE,,Townhouse,18501 Owl Run Way,Germantown,MD,20874,200000,,3.5,,1532,1941,1978,,131,,,,,https://www.redfin.com/MD/Germantown/18501-Owl-Run-Way-20874/home/10773785,,,N,Y,39.1600801,-77.2683315
PAST SALE,,Single Family Residential,11613 Sir Spencer Way,Germantown,MD,20876,565000,,2.0,,1717,8142,1988,,329,,,,,https://www.redfin.com/MD/Germantown/11613-Sir-Spencer-Way-20876/home/10841145,,,N,Y,39.1975042,-77.240897
PAST SALE,,Townhouse,19218 Misty Meadow Ter,Germantown,MD,20874,259000,,1.0,,945,1039,1986,,274,,,,,https://www.redfin.com/MD/Germantown/19218-Misty-Meadow-Ter-20874/home/10833252,,,N,Y,39.1700522,-77.2606761
PAST SALE,May-16-2023,Townhouse,19401 Dover Cliffs Cir,Germantown,MD,20874,365000,2,2.5,BUCKINGHAM STATION CODM*,1567,,2007,,233,367,Sold,,,https://www.redfin.com/MD/Germantown/19401-Dover-Cliffs-Cir-20874/unit-19401/home/23468138,BRIGHT MLS,MDMC2089408,N,Y,39.1771206,-77.2795656
PAST SALE,,Townhouse,11448 Stoney Point Pl,Germantown,MD,20876,310000,,2.0,,1148,1400,1985,,270,,,,,https://www.redfin.com/MD/Germantown/11448-Stoney-Point-Pl-20876/home/10800696,,,N,Y,39.1836114,-77.2384059
PAST SALE,June-29-2023,Townhouse,13230 Wonderland Way #385,Germantown,MD,20874,325000,3,2.5,FARMINGDALE CODM,1064,,1985,,305,245,Sold,,,https://www.redfin.com/MD/Germantown/13230-Wonderland-Way-20874/unit-385/home/10619957,BRIGHT MLS,MDMC2100478,N,Y,39.1549713,-77.2759055
PAST SALE,,Condo/Co-op,21056 Sojourn Ct #55,Germantown,MD,20876,466000,,,,2040,,1999,,228,,,,,https://www.redfin.com/MD/Germantown/21056-Sojourn-Ct-20876/unit-55/home/11161679,,,N,Y,39.203298,-77.264297
PAST SALE,,Condo/Co-op,13110 Briarcliff Ter Unit 6-611,Germantown,MD,20874,307000,,,,1058,,1993,,290,,,,,https://www.redfin.com/MD/Germantown/13110-Briarcliff-Ter-20874/unit-6-611/home/10497207,,,N,Y,39.1820894,-77.2737305
PAST SALE,,Condo/Co-op,19905 Dunstable Cir #183,Germantown,MD,20876,340000,,1.0,,1392,,1992,,244,,,,,https://www.redfin.com/MD/Germantown/19905-Dunstable-Cir-20876/unit-183/home/10865327,,,N,Y,39.1823656,-77.2311765
PAST SALE,,Townhouse,19623 Rhinestone Dr,Germantown,MD,20874,330000,,1.5,,1120,1600,1984,,295,,,,,https://www.redfin.com/MD/Germantown/19623-Rhinestone-Dr-20874/home/10815095,,,N,Y,39.1771486,-77.2598359
PAST SALE,,Single Family Residential,12516 Deoudes Rd,Boyds,MD,20841,690000,,2.5,,2542,52676,1973,,271,,,,,https://www.redfin.com/MD/Boyds/12516-Deoudes-Rd-20841/home/10490756,,,N,Y,39.2114883,-77.2599795
PAST SALE,,Single Family Residential,15005 Darnestown Rd,Germantown,MD,20874,520000,,1.0,,793,18149,1944,,656,,,,,https://www.redfin.com/MD/Germantown/15005-Darnestown-Rd-20874/home/10607045,,,N,Y,39.1156438,-77.3115542
PAST SALE,,Condo/Co-op,20514 Shadyside Way Unit 47-3,Germantown,MD,20874,242000,,,,845,,1985,,286,,,,,https://www.redfin.com/MD/Germantown/20514-Shadyside-Way-20874/unit-47-3/home/10493304,,,N,Y,39.1928651,-77.272702
PAST SALE,,Townhouse,11652 Drumcastle Ter,Germantown,MD,20876,415000,,2.5,,1300,1400,1988,,319,,,,,https://www.redfin.com/MD/Germantown/11652-Drumcastle-Ter-20876/home/10802059,,,N,Y,39.1913401,-77.2410878
PAST SALE,May-12-2023,Single Family Residential,11711 Virginia Pine Dr,Germantown,MD,20876,720000,5,3.5,SENECA CROSSING,2982,8090,1997,,241,42,Sold,,,https://www.redfin.com/MD/Germantown/11711-Virginia-Pine-Dr-20876/home/10873342,BRIGHT MLS,MDMC2088318,N,Y,39.2060168,-77.2401785
PAST SALE,August-17-2023,Townhouse,13102 Dairymaid Dr,Germantown,MD,20874,400000,3,2.5,FARMINGDALE ESTATES,1364,2090,1976,,293,58,Sold,,,https://www.redfin.com/MD/Germantown/13102-Dairymaid-Dr-20874/home/10611023,BRIGHT MLS,MDMC2101624,N,Y,39.1543866,-77.2715716
PAST SALE,,Condo/Co-op,21033 Sojourn Ct #46,Germantown,MD,20876,455000,,,,2040,,1999,,223,,,,,https://www.redfin.com/MD/Germantown/21033-Sojourn-Ct-20876/unit-46/home/11161786,,,N,Y,39.2038194,-77.2640762
PAST SALE,,Single Family Residential,12004 Rushworth Ter,Germantown,MD,20874,750000,,2.5,,3070,9869,1988,,244,,,,,https://www.redfin.com/MD/Germantown/12004-Rushworth-Ter-20874/home/10847249,,,N,Y,39.1709135,-77.2472773
PAST SALE,June-13-2023,Single Family Residential,21203 Comfrey Ln,Germantown,MD,20876,540000,4,3.5,MILESTONE,1970,3816,1999,,274,58,Sold,,,https://www.redfin.com/MD/Germantown/21203-Comfrey-Ln-20876/home/10498823,BRIGHT MLS,MDMC2091498,N,Y,39.2045686,-77.2620896
PAST SALE,,Townhouse,18737 Curry Powder Ln,Germantown,MD,20874,195000,,1.5,,1248,2000,1976,,156,,,,,https://www.redfin.com/MD/Germantown/18737-Curry-Powder-Ln-20874/home/10767314,,,N,Y,39.1625403,-77.2632763
PAST SALE,July-28-2023,Single Family Residential,21414 Davis Mill Rd,Germantown,MD,20876,672000,5,3.0,CLARKSBURG OUTSIDE,3384,110207,1979,,199,,Sold,,,https://www.redfin.com/MD/Germantown/21414-Davis-Mill-Rd-20876/home/10497349,BRIGHT MLS,MDMC2078792,N,Y,39.2085939,-77.2162422
PAST SALE,August-31-2023,Single Family Residential,18927 Fountain Hills Dr,Germantown,MD,20874,740000,4,3.5,FOUNTAIN HILLS,3604,6908,2000,,205,86,Sold,,,https://www.redfin.com/MD/Germantown/18927-Fountain-Hills-Dr-20874/home/10881221,BRIGHT MLS,MDMC2098374,N,Y,39.1662461,-77.2756024
PAST SALE,September-20-2023,Townhouse,10 Bronco #270,Germantown,MD,20874,375000,3,2.5,VILL AT MANCHESTER FARMS CODM,1662,,1990,,226,314,Sold,,,https://www.redfin.com/MD/Germantown/10-Bronco-Ct-20874/unit-270/home/10496518,BRIGHT MLS,MDMC2103562,N,Y,39.166805,-77.2873797
PAST SALE,July-28-2023,Townhouse,13021 Wallich Way,Germantown,MD,20874,644000,4,4.0,GERMANTOWN,2850,1760,2018,,226,149,Sold,,,https://www.redfin.com/MD/Germantown/13021-Wallich-Way-20874/home/145566390,BRIGHT MLS,MDMC2098306,N,Y,39.1688591,-77.2706644
PAST SALE,September-28-2023,Townhouse,13610 Caravan Pl,Germantown,MD,20874,430000,2,2.5,GERMANTOWN ESTATES,1896,1307,1994,,227,94,Sold,,,https://www.redfin.com/MD/Germantown/13610-Caravan-Pl-20874/home/10494837,BRIGHT MLS,MDMC2105390,N,Y,39.1734957,-77.2821173
PAST SALE,August-31-2023,Single Family Residential,19107 Gunnerfield Ln,Germantown,MD,20874,660000,4,3.5,GUNNERS VIEW,2602,12758,1987,,254,11,Sold,,,https://www.redfin.com/MD/Germantown/19107-Gunnerfield-Ln-20874/home/10842549,BRIGHT MLS,MDMC2101520,N,Y,39.168909,-77.2531438
PAST SALE,June-23-2023,Townhouse,13301 Waterford Hills Blvd,Germantown,MD,20874,585000,4,3.0,VILLAGE WEST @ GERMANTOWN TWN CTR,2214,1769,2014,,264,109,Sold,,,https://www.redfin.com/MD/Germantown/13301-Waterford-Hills-Blvd-20874/home/59256204,BRIGHT MLS,MDMC2093482,N,Y,39.1777496,-77.2744034
PAST SALE,June-23-2023,Townhouse,19328 Elderberry Ter,Germantown,MD,20876,335500,2,2.0,MIDDLEBROOK COMMONS,1424,1135,1983,,236,80,Sold,,,https://www.redfin.com/MD/Germantown/19328-Elderberry-Ter-20876/home/10805459,BRIGHT MLS,MDMC2095566,N,Y,39.1729779,-77.2441548
PAST SALE,June-9-2023,Townhouse,19805 Larentia Dr,Germantown,MD,20874,371000,3,2.5,CHURCHILL TWN SECTOR TH,1604,880,1983,,231,105,Sold,,,https://www.redfin.com/MD/Germantown/19805-Larentia-Dr-20874/home/10492601,BRIGHT MLS,MDMC2093994,N,Y,39.1813008,-77.2776662
PAST SALE,,Single Family Residential,12220 Milestone Manor Ln,Germantown,MD,20876,685000,,3.5,,2680,8312,1995,,256,,,,,https://www.redfin.com/MD/Germantown/12220-Milestone-Manor-Ln-20876/home/10497172,,,N,Y,39.2042388,-77.2522571
PAST SALE,July-14-2023,Single Family Residential,18403 Blue Moon Ct,Boyds,MD,20841,650000,3,3.5,KINGS CROSSING,2684,6150,2003,,242,70,Sold,,,https://www.redfin.com/MD/Boyds/18403-Blue-Moon-Ct-20841/home/11180251,BRIGHT MLS,MDMC2096184,N,Y,39.1590152,-77.304284
PAST SALE,June-30-2023,Townhouse,12830 Rexmore Dr #3,Germantown,MD,20874,300000,2,2.0,VILLAGE AT TOWN CENTER CODM,1290,,2001,,233,280,Sold,,,https://www.redfin.com/MD/Germantown/12830-Rexmore-Dr-20874/unit-3/home/11174144,BRIGHT MLS,MDMC2096102,N,Y,39.184352,-77.265299
PAST SALE,May-31-2023,Townhouse,13146 Country Ridge Dr,Germantown,MD,20874,450000,3,3.0,CHURCHILL TWN SECTOR TH,1846,1470,1981,,244,124,Sold,,,https://www.redfin.com/MD/Germantown/13146-Country-Ridge-Dr-20874/home/10492219,BRIGHT MLS,MDMC2091644,N,Y,39.1838775,-77.2709067
PAST SALE,September-21-2023,Townhouse,18402 Allspice Dr,Germantown,MD,20874,367000,3,2.5,GERMANTOWN PARK,1248,2000,1978,,294,170,Sold,,,https://www.redfin.com/MD/Germantown/18402-Allspice-Dr-20874/home/10763295,BRIGHT MLS,MDMC2103468,N,Y,39.1576322,-77.2598859
PAST SALE,July-10-2023,Single Family Residential,19048 Staleybridge Rd,Germantown,MD,20876,490000,4,2.5,FOX CHAPEL,2184,9139,1971,,224,,Sold,,,https://www.redfin.com/MD/Germantown/19048-Staleybridge-Rd-20876/home/10744945,BRIGHT MLS,MDMC2094852,N,Y,39.1676366,-77.2412113
PAST SALE,July-18-2023,Townhouse,19466 Zinnia Cir,Germantown,MD,20876,331000,2,1.5,MIDDLEBROOK COMMONS,944,1863,1985,,351,80,Sold,,,https://www.redfin.com/MD/Germantown/19466-Zinnia-Cir-20876/home/10818772,BRIGHT MLS,MDMC2095702,N,Y,39.1753673,-77.2438606
PAST SALE,August-15-2023,Townhouse,19457 Dover Cliffs Cir #19457,Germantown,MD,20874,400000,3,2.5,BUCKINGHAM STATION CODM*,2176,,2009,,184,367,Sold,,,https://www.redfin.com/MD/Germantown/19457-Dover-Cliffs-Cir-20874/unit-19457/home/185866304,BRIGHT MLS,MDMC2097864,N,Y,39.1768199,-77.2780703
PAST SALE,October-13-2023,Townhouse,18711 Ginger Ct,Germantown,MD,20874,360000,3,2.5,GERMANTOWN PARK,1248,2000,1977,,288,170,Sold,,,https://www.redfin.com/MD/Germantown/18711-Ginger-Ct-20874/home/10767467,BRIGHT MLS,MDMC2107442,N,Y,39.1627637,-77.2646647
PAST SALE,September-21-2023,Single Family Residential,14225 Ashleigh Greene Rd,Boyds,MD,20841,915000,5,3.5,KINGS CROSSING,4924,10772,2003,,186,73,Sold,,,https://www.redfin.com/MD/Boyds/14225-Ashleigh-Greene-Rd-20841/home/11180479,BRIGHT MLS,MDMC2104252,N,Y,39.1602849,-77.2998408
PAST SALE,June-8-2023,Townhouse,13511 Ambassador Dr #13511,Germantown,MD,20874,277000,2,2.5,LANDING GLEN CODM,1038,,1987,,267,171,Sold,,,https://www.redfin.com/MD/Germantown/13511-Ambassador-Dr-20874/unit-13511/home/185198953,BRIGHT MLS,MDMC2090404,N,Y,39.19082,-77.283392
PAST SALE,September-15-2023,Townhouse,20309 Beaconfield Ter #101,Germantown,MD,20874,250000,2,2.0,ESPRIT CODM,1092,,1985,,229,337,Sold,,,https://www.redfin.com/MD/Germantown/20309-Beaconfield-Ter-20874/unit-101/home/167051955,BRIGHT MLS,MDMC2103348,N,Y,39.189894,-77.272515
PAST SALE,August-21-2023,Townhouse,12100 Island View Cir,Germantown,MD,20874,450000,3,2.5,GUNNERS LAKE VILLAGE,1958,1960,1988,,230,96,Sold,,,https://www.redfin.com/MD/Germantown/12100-Island-View-Cir-20874/home/10845176,BRIGHT MLS,MDMC2099690,N,Y,39.1654316,-77.2522289
PAST SALE,May-19-2023,Townhouse,19657 Vaughn Landing Dr,Germantown,MD,20874,575000,3,3.5,VILLAGE WEST @ GERMANTOWN TWN CTR,2367,1958,2016,,243,297,Sold,,,https://www.redfin.com/MD/Germantown/19657-Vaughn-Landing-Dr-20874/home/64364042,BRIGHT MLS,MDMC2088474,N,Y,39.1757485,-77.2751087
PAST SALE,April-28-2023,Single Family Residential,11230 Game Preserve Rd,Gaithersburg,MD,20878,685000,4,2.5,GAITHERSBURG OUTSIDE,2296,60194,1978,,298,,Sold,,,https://www.redfin.com/MD/Gaithersburg/11230-Game-Preserve-Rd-20878/home/10735717,BRIGHT MLS,MDMC2087458,N,Y,39.1592371,-77.2336223
PAST SALE,May-22-2023,Single Family Residential,13600 Monarch Vista Dr,Germantown,MD,20874,815000,5,3.5,BROWNSTOWN ESTATES,4098,7335,1999,,199,60,Sold,,,https://www.redfin.com/MD/Germantown/13600-Monarch-Vista-Dr-20874/home/11178448,BRIGHT MLS,MDMC2087828,N,Y,39.1398224,-77.2808096
PAST SALE,September-8-2023,Townhouse,13 Mountain Lake Ct #1402,Germantown,MD,20874,470000,3,2.5,CLOVERLEAF TWNHS CODM,2160,,1997,,218,155,Sold,,,https://www.redfin.com/MD/Germantown/13-Mountain-Lake-Ct-20874/unit-1402/home/10498621,BRIGHT MLS,MDMC2103292,N,Y,39.198852,-77.269878
PAST SALE,July-7-2023,Townhouse,13267 Country Ridge Dr,Germantown,MD,20874,450000,3,3.5,CHURCHILL TWN SECTOR TH,2205,2170,1983,,204,124,Sold,,,https://www.redfin.com/MD/Germantown/13267-Country-Ridge-Dr-20874/home/10492732,BRIGHT MLS,MDMC2096004,N,Y,39.1851587,-77.2718971
PAST SALE,July-17-2023,Townhouse,11540 Summer Oak Dr,Germantown,MD,20874,455000,3,3.5,GUNNERS LAKE VILLAGE,2016,1680,1980,,226,121,Sold,,,https://www.redfin.com/MD/Germantown/11540-Summer-Oak-Dr-20874/home/10788564,BRIGHT MLS,MDMC2097752,N,Y,39.1624678,-77.2426097
PAST SALE,June-14-2023,Single Family Residential,21100 Kaul Ln,Germantown,MD,20876,775000,4,2.5,GOSHEN MANOR,2712,109771,1989,,286,,Sold,,,https://www.redfin.com/MD/Germantown/21100-Kaul-Ln-20876/home/10844100,BRIGHT MLS,MDMC2091290,N,Y,39.2027002,-77.2121102
PAST SALE,August-25-2023,Townhouse,18909 Port Haven Pl,Germantown,MD,20874,410000,3,3.0,GUNNERS LAKE VILLAGE,1320,1625,1987,,311,87,Sold,,,https://www.redfin.com/MD/Germantown/18909-Port-Haven-Pl-20874/home/10846006,BRIGHT MLS,MDMC2103156,N,Y,39.1660628,-77.2573591
PAST SALE,May-26-2023,Single Family Residential,20383 Mill Pond Ter,Germantown,MD,20876,792000,5,4.5,NEELSVILLE ESTATES,3990,15670,1996,,198,48,Sold,,,https://www.redfin.com/MD/Germantown/20383-Mill-Pond-Ter-20876/home/10861543,BRIGHT MLS,MDMC2092066,N,Y,39.1937853,-77.2304339
PAST SALE,May-25-2023,Townhouse,14038 Jump Dr,Germantown,MD,20874,407150,4,3.5,GERMANTOWN ESTATES,1780,1626,1993,,229,88,Sold,,,https://www.redfin.com/MD/Germantown/14038-Jump-Dr-20874/home/10496487,BRIGHT MLS,MDMC2090946,N,Y,39.1715325,-77.2908182
PAST SALE,August-30-2023,Townhouse,19950 Gateshead Cir #75,Germantown,MD,20876,348000,2,2.5,SCENERY POINTE CODM,1638,,1991,,212,412,Sold,,,https://www.redfin.com/MD/Germantown/19950-Gateshead-Cir-20876/unit-75/home/10860882,BRIGHT MLS,MDMC2100844,N,Y,39.1826568,-77.2338119
PAST SALE,July-31-2023,Townhouse,17711 Smokewood Dr,Germantown,MD,20874,560000,3,3.5,CLOPPERS MILL WEST,2432,2025,1996,,230,107,Sold,,,https://www.redfin.com/MD/Germantown/17711-Smokewood-Dr-20874/home/10631154,BRIGHT MLS,MDMC2096010,N,Y,39.1477882,-77.2784608
PAST SALE,August-23-2023,Townhouse,20528 Afternoon Ln,Germantown,MD,20874,443000,3,3.5,CHURCHILL TWN SECTOR TH,1582,1760,1984,,280,107,Sold,,,https://www.redfin.com/MD/Germantown/20528-Afternoon-Ln-20874/home/10492004,BRIGHT MLS,MDMC2100196,N,Y,39.1906924,-77.2797323
PAST SALE,October-17-2023,Townhouse,103 Lullaby Ct,Germantown,MD,20874,534900,3,3.5,GERMANTOWN STATION,2072,1574,2011,,258,152,Sold,,,https://www.redfin.com/MD/Germantown/103-Lullaby-Ct-20874/home/40092130,BRIGHT MLS,MDMC2100198,N,Y,39.1772682,-77.2826165
PAST SALE,May-22-2023,Single Family Residential,14500 Bellmeade Ln,Darnestown,MD,20874,920000,4,3.5,BROOKMEAD,3343,61894,1978,,275,,Sold,,,https://www.redfin.com/MD/Darnestown/14500-Bellmeade-Ln-20874/home/10612386,BRIGHT MLS,MDMC2090538,N,Y,39.119843,-77.301076
PAST SALE,June-16-2023,Townhouse,21723 Seneca Ayr Dr,Boyds,MD,20841,500000,3,3.0,SUMMERFIELD CROSSING,2022,2017,2005,,247,88,Sold,,,https://www.redfin.com/MD/Boyds/21723-Seneca-Ayr-Dr-20841/home/11203876,BRIGHT MLS,MDMC2094588,N,Y,39.2124974,-77.2676445
PAST SALE,June-9-2023,Single Family Residential,14413 Autumn Crest Rd,Boyds,MD,20841,950000,5,3.5,KINGS CROSSING,4737,13002,2001,,201,70,Sold,,,https://www.redfin.com/MD/Boyds/14413-Autumn-Crest-Rd-20841/home/10635576,BRIGHT MLS,MDMC2091398,N,Y,39.1682784,-77.3048674
PAST SALE,May-3-2023,Townhouse,19909 Choctaw Ct,Germantown,MD,20876,368000,3,3.5,BLUNT COMMONS,1360,1600,1983,,271,77,Sold,,,https://www.redfin.com/MD/Germantown/19909-Choctaw-Ct-20876/home/10806943,BRIGHT MLS,MDMC2087576,N,Y,39.1835876,-77.2273769
PAST SALE,July-28-2023,Townhouse,19905 Dunstable Cir,Germantown,MD,20876,340000,2,2.5,SCENERY POINTE CODM,1392,,1992,,244,329,Sold,,,https://www.redfin.com/MD/Germantown/19905-Dunstable-Cir-20876/home/185775598,BRIGHT MLS,MDMC2095778,N,Y,39.1823656,-77.2311765
PAST SALE,August-18-2023,Single Family Residential,11412 Brook Run Dr,Germantown,MD,20876,892000,5,4.0,NEELSVILLE ESTATES,4405,8535,1994,,202,45,Sold,,,https://www.redfin.com/MD/Germantown/11412-Brook-Run-Dr-20876/home/10857707,BRIGHT MLS,MDMC2101816,N,Y,39.1933836,-77.2376189
PAST SALE,July-14-2023,Townhouse,19772 Teakwood Cir #43,Germantown,MD,20874,365000,3,2.5,WILLOW COVE MANOR CODM,1683,,1988,,217,260,Sold,,,https://www.redfin.com/MD/Germantown/19772-Teakwood-Cir-20874/unit-43/home/10495917,BRIGHT MLS,MDMC2093500,N,Y,39.1795377,-77.2810033
PAST SALE,August-25-2023,Single Family Residential,19061 Mcfarlin Dr,Germantown,MD,20874,465000,4,3.0,GERMANTOWN ESTATES,1026,6510,1983,,453,44,Sold,,,https://www.redfin.com/MD/Germantown/19061-McFarlin-Dr-20874/home/10491694,BRIGHT MLS,MDMC2101388,N,Y,39.166808,-77.2792385
PAST SALE,August-2-2023,Townhouse,11 Cottage Field Ct,Germantown,MD,20874,525000,3,2.5,VILLAGE OF CLOPPERS MILL,1760,1875,1994,,298,110,Sold,,,https://www.redfin.com/MD/Germantown/11-Cottage-Field-Ct-20874/home/10629980,BRIGHT MLS,MDMC2094740,N,Y,39.1481722,-77.2713934
PAST SALE,July-14-2023,Single Family Residential,11716 Scarlet Leaf Cir,Germantown,MD,20876,660000,4,3.0,SENECA CROSSING,2556,10585,1999,,258,42,Sold,,,https://www.redfin.com/MD/Germantown/11716-Scarlet-Leaf-Cir-20876/home/10871693,BRIGHT MLS,MDMC2095958,N,Y,39.2028884,-77.2440402
PAST SALE,October-20-2023,Single Family Residential,21226 Seneca Crossing Dr,Germantown,MD,20876,745000,4,3.5,SENECA CROSSING,3370,8616,1998,,221,42,Sold,,,https://www.redfin.com/MD/Germantown/21226-Seneca-Crossing-Dr-20876/home/10873399,BRIGHT MLS,MDMC2108152,N,Y,39.2051281,-77.239011
PAST SALE,May-11-2023,Townhouse,19908 Stoney Point Way,Germantown,MD,20876,316000,2,2.0,BRANDERMILL,1148,1400,1985,,275,119,Sold,,,https://www.redfin.com/MD/Germantown/19908-Stoney-Point-Way-20876/home/10800118,BRIGHT MLS,MDMC2087636,N,Y,39.1832879,-77.2353423
PAST SALE,May-2-2023,Townhouse,11522 Summer Oak Dr,Germantown,MD,20874,420000,3,2.5,GUNNERS LAKE VILLAGE,2016,1470,1980,,208,121,Sold,,,https://www.redfin.com/MD/Germantown/11522-Summer-Oak-Dr-20874/home/10788530,BRIGHT MLS,MDMC2087732,N,Y,39.1626167,-77.2419605
PAST SALE,September-15-2023,Townhouse,24 Appledowre Ct #50,Germantown,MD,20876,298000,3,2.0,GRNFLDS OF BRNDRMILL COD,1326,,1983,,225,386,Sold,,,https://www.redfin.com/MD/Germantown/24-Appledowre-Ct-20876/unit-50/home/10829732,BRIGHT MLS,MDMC2105054,N,Y,39.185468,-77.236795
PAST SALE,May-12-2023,Townhouse,13547 Ambassador Dr #13547,Germantown,MD,20874,365000,2,3.5,LANDING GLEN CODM,1025,,1987,,356,171,Sold,,,https://www.redfin.com/MD/Germantown/13547-Ambassador-Dr-20874/unit-13547/home/10494320,BRIGHT MLS,MDMC2089654,N,Y,39.1914295,-77.2832521
PAST SALE,August-16-2023,Townhouse,11843 Summer Oak Dr,Germantown,MD,20874,400000,3,2.0,GUNNERS LAKE VILLAGE,1218,1533,1979,,328,121,Sold,,,https://www.redfin.com/MD/Germantown/11843-Summer-Oak-Dr-20874/home/10787876,BRIGHT MLS,MDMC2098124,N,Y,39.1659567,-77.2446039
PAST SALE,May-25-2023,Townhouse,13217 Country Ridge Dr,Germantown,MD,20874,450000,3,3.5,CHURCHILL TWN SECTOR TH,2078,1470,1981,,217,124,Sold,,,https://www.redfin.com/MD/Germantown/13217-Country-Ridge-Dr-20874/home/10492345,BRIGHT MLS,MDMC2091030,N,Y,39.1848535,-77.2711173
PAST SALE,September-29-2023,Single Family Residential,17501 Charity Ln,Germantown,MD,20874,1195000,6,3.5,CEDAR CREEK ESTATES,4021,284882,1987,,297,,Sold,,,https://www.redfin.com/MD/Germantown/17501-Charity-Ln-20874/home/10618485,BRIGHT MLS,MDMC2105630,N,Y,39.143504,-77.286396
PAST SALE,June-16-2023,Townhouse,20176 Timber Oak Ln #166,Germantown,MD,20874,455000,3,3.5,WILLOW COVE TWNHS CODM,1678,,1987,,271,171,Sold,,,https://www.redfin.com/MD/Germantown/20176-Timber-Oak-Ln-20874/unit-166/home/10495330,BRIGHT MLS,MDMC2092672,N,Y,39.1870141,-77.2840286
PAST SALE,August-30-2023,Single Family Residential,10157 Sycamore Hollow Ln,Germantown,MD,20876,1395000,5,4.5,CLARKSBURG OUTSIDE,6532,118919,2013,,214,275,Sold,,,https://www.redfin.com/MD/Germantown/10157-Sycamore-Hollow-Ln-20876/home/49782900,BRIGHT MLS,MDMC2092760,N,Y,39.2123675,-77.211908
PAST SALE,June-21-2023,Townhouse,20911 Rosebay Pl #1303,Germantown,MD,20874,470000,3,2.5,CLOVERLEAF TWNHS CODM,1920,,1996,,245,155,Sold,,,https://www.redfin.com/MD/Germantown/20911-Rosebay-Pl-20874/unit-1303/home/10498392,BRIGHT MLS,MDMC2095064,N,Y,39.1997688,-77.2706307
PAST SALE,May-11-2023,Townhouse,18105 Kitchen House Ct,Germantown,MD,20874,417000,4,3.5,PLEASANT FIELDS,1760,2046,1978,,237,92,Sold,,,https://www.redfin.com/MD/Germantown/18105-Kitchen-House-Ct-20874/home/10610646,BRIGHT MLS,MDMC2086932,N,Y,39.1516715,-77.2661414
PAST SALE,May-26-2023,Single Family Residential,19204 Saint Johnsbury Ln,Germantown,MD,20876,383000,3,2.0,FOX CHAPEL,1302,6228,1971,,294,,Sold,,,https://www.redfin.com/MD/Germantown/19204-Saint-Johnsbury-Ln-20876/home/10744507,BRIGHT MLS,MDMC2088878,N,Y,39.1711658,-77.2398642
PAST SALE,June-16-2023,Townhouse,19966 Appledowre Cir #402,Germantown,MD,20876,335000,3,2.5,GRNFLDS OF BRNDRMILL COD,1596,,1983,,210,386,Sold,,,https://www.redfin.com/MD/Germantown/19966-Appledowre-Cir-20876/unit-402/home/10837324,BRIGHT MLS,MDMC2091558,N,Y,39.1836956,-77.2343913
PAST SALE,June-23-2023,Townhouse,13670 Ansel Ter,Germantown,MD,20874,468000,3,2.5,CLOPPERS MILL WEST,1120,1567,1996,,418,107,Sold,,,https://www.redfin.com/MD/Germantown/13670-Ansel-Ter-20874/home/10631198,BRIGHT MLS,MDMC2092324,N,Y,39.1487062,-77.2812692
PAST SALE,May-4-2023,Townhouse,18121 Stags Leap Ter,Germantown,MD,20874,507000,3,3.0,VILLAGE OF CLOPPERS MILL,2046,1725,1995,,248,110,Sold,,,https://www.redfin.com/MD/Germantown/18121-Stags-Leap-Ter-20874/home/10630452,BRIGHT MLS,MDMC2084842,N,Y,39.1496359,-77.2733613
PAST SALE,August-21-2023,Townhouse,12964 Pinnacle Dr Unit 15/10,Germantown,MD,20874,382000,3,2.5,VILLAGE AT TOWN CENTER CODM,1760,,2002,,217,280,Sold,,,https://www.redfin.com/MD/Germantown/12964-Pinnacle-Dr-20874/unit-15-10/home/11187801,BRIGHT MLS,MDMC2098614,N,Y,39.184091,-77.265815
PAST SALE,August-24-2023,Townhouse,19611 Vaughn Landing Dr,Germantown,MD,20874,605000,4,3.5,VILLAGE WEST @ GERMANTOWN TWN CTR,2401,2224,2015,,252,71,Sold,,,https://www.redfin.com/MD/Germantown/19611-Vaughn-Landing-Dr-20874/home/64363964,BRIGHT MLS,MDMC2099930,N,Y,39.1768235,-77.2746835
PAST SALE,April-28-2023,Townhouse,12522 Timber Hollow Pl,Germantown,MD,20874,426500,3,3.0,GUNNERS LAKE VILLAGE,1820,1400,1984,,234,95,Sold,,,https://www.redfin.com/MD/Germantown/12522-Timber-Hollow-Pl-20874/home/10826835,BRIGHT MLS,MDMC2088226,N,Y,39.1716034,-77.2583687
PAST SALE,August-15-2023,Townhouse,9 Cottage Field Ct,Germantown,MD,20874,520000,3,3.0,VILLAGE OF CLOPPERS MILL,2300,1500,1994,,226,118,Sold,,,https://www.redfin.com/MD/Germantown/9-Cottage-Field-Ct-20874/home/10629982,BRIGHT MLS,MDMC2100944,N,Y,39.1481798,-77.2712811
PAST SALE,July-7-2023,Townhouse,18815 Summer Oak Ct,Germantown,MD,20874,470000,3,2.5,GUNNERS LAKE VILLAGE,1328,1820,1981,,354,121,Sold,,,https://www.redfin.com/MD/Germantown/18815-Summer-Oak-Ct-20874/home/10788730,BRIGHT MLS,MDMC2095294,N,Y,39.163355,-77.2439732
PAST SALE,May-15-2023,Single Family Residential,18022 Red Rocks Dr,Germantown,MD,20874,740000,4,3.5,CLOPPERS MILL WEST,2756,6736,1998,,269,57,Sold,,,https://www.redfin.com/MD/Germantown/18022-Red-Rocks-Dr-20874/home/10632466,BRIGHT MLS,MDMC2090880,N,Y,39.153972,-77.2826641
PAST SALE,May-31-2023,Single Family Residential,21725 Boneset Way,Germantown,MD,20876,820000,4,3.0,COURTS OF CLARKSBURG,3018,5486,2019,,272,200,Sold,,,https://www.redfin.com/MD/Germantown/21725-Boneset-Way-20876/home/166094638,BRIGHT MLS,MDMC2089772,N,Y,39.211383,-77.240284
PAST SALE,June-16-2023,Single Family Residential,14334 Ashleigh Greene Rd,Boyds,MD,20841,936000,5,4.5,KINGS CROSSING,4980,11518,2003,,188,70,Sold,,,https://www.redfin.com/MD/Boyds/14334-Ashleigh-Greene-Rd-20841/home/11180205,BRIGHT MLS,MDMC2090400,N,Y,39.1582759,-77.3055818
PAST SALE,October-10-2023,Townhouse,10 Valleyside Ct,Germantown,MD,20874,310000,2,1.5,GUNNERS LAKE VILLAGE,945,1085,1985,,328,95,Sold,,,https://www.redfin.com/MD/Germantown/10-Valleyside-Ct-20874/home/10827023,BRIGHT MLS,MDMC2103224,N,Y,39.1712124,-77.2570995
PAST SALE,June-23-2023,Townhouse,18709 Autumn Mist Dr,Germantown,MD,20874,550000,3,3.0,FOUNTAIN HILLS,2450,1760,1997,,224,101,Sold,,,https://www.redfin.com/MD/Germantown/18709-Autumn-Mist-Dr-20874/home/10876106,BRIGHT MLS,MDMC2091962,N,Y,39.1606415,-77.2740707
PAST SALE,August-17-2023,Townhouse,13003 Mill House Ct,Germantown,MD,20874,365000,3,2.0,PLEASANT FIELDS,968,1408,1977,,377,96,Sold,,,https://www.redfin.com/MD/Germantown/13003-Mill-House-Ct-20874/home/10611682,BRIGHT MLS,MDMC2086170,N,Y,39.1552623,-77.2678368
PAST SALE,July-10-2023,Townhouse,13012 Town Commons Dr,Germantown,MD,20874,461000,3,3.0,CHURCHILL TWN SECTOR TH,2020,1500,2002,,228,75,Sold,,,https://www.redfin.com/MD/Germantown/13012-Town-Commons-Dr-20874/home/11174094,BRIGHT MLS,MDMC2096604,N,Y,39.1823406,-77.2693267
PAST SALE,August-21-2023,Townhouse,21061 Sojourn Ct #63,Germantown,MD,20876,480000,4,3.5,MILESTONE II TOWNHOUSE CODM,2280,,1999,,211,155,Sold,,,https://www.redfin.com/MD/Germantown/21061-Sojourn-Ct-20876/unit-63/home/10499237,BRIGHT MLS,MDMC2101512,N,Y,39.2032933,-77.2646487
PAST SALE,October-24-2023,Townhouse,19030 Sawyer Ter,Germantown,MD,20874,495000,4,3.5,GERMANTOWN ESTATES,1360,1600,1997,,364,88,Sold,,,https://www.redfin.com/MD/Germantown/19030-Sawyer-Ter-20874/home/10494796,BRIGHT MLS,MDMC2103696,N,Y,39.171078,-77.284322
PAST SALE,July-25-2023,Townhouse,13419 Demetrias Way,Germantown,MD,20874,340000,3,2.5,CHURCHILL TWN SECTOR TH,1604,900,1983,,212,105,Sold,,,https://www.redfin.com/MD/Germantown/13419-Demetrias-Way-20874/home/10492624,BRIGHT MLS,MDMC2098728,N,Y,39.1813918,-77.2786358
PAST SALE,September-28-2023,Townhouse,13010 Open Hearth Way,Germantown,MD,20874,390000,4,2.5,PLEASANT FIELDS,1856,1496,1977,,210,92,Sold,,,https://www.redfin.com/MD/Germantown/13010-Open-Hearth-Way-20874/home/10611808,BRIGHT MLS,MDMC2105486,N,Y,39.1560028,-77.2683841
PAST SALE,September-21-2023,Townhouse,20307 Waters Row Ter,Germantown,MD,20874,453600,3,2.5,CHURCHILL TWN SECTOR TH,1280,1520,1991,,354,109,Sold,,,https://www.redfin.com/MD/Germantown/20307-Waters-Row-Ter-20874/home/10496288,BRIGHT MLS,MDMC2098768,N,Y,39.188966,-77.2672089
PAST SALE,July-28-2023,Single Family Residential,10017 Blue Banner Dr,Germantown,MD,20876,800000,4,3.0,BANNER COUNTRY,3340,99317,1985,,240,,Sold,,,https://www.redfin.com/MD/Germantown/10017-Blue-Banner-Dr-20876/home/10938827,BRIGHT MLS,MDMC2097488,N,Y,39.2304769,-77.2093254
PAST SALE,August-24-2023,Townhouse,13500 Rising Sun Ln,Germantown,MD,20874,476500,3,2.5,FOUNTAIN HILLS,1650,1363,1996,,289,108,Sold,,,https://www.redfin.com/MD/Germantown/13500-Rising-Sun-Ln-20874/home/11182072,BRIGHT MLS,MDMC2100738,N,Y,39.1622576,-77.2781743
PAST SALE,May-19-2023,Townhouse,19206 Misty Meadow Ter,Germantown,MD,20874,321000,2,1.5,GUNNERS LAKE VILLAGE,945,1039,1986,,340,87,Sold,,,https://www.redfin.com/MD/Germantown/19206-Misty-Meadow-Ter-20874/home/10833226,BRIGHT MLS,MDMC2087992,N,Y,39.1698731,-77.260924
PAST SALE,October-13-2023,Single Family Residential,17818 Falconcrest Cir,Germantown,MD,20874,830000,4,3.5,KINGSVIEW VILLAGE,3566,10154,2000,,233,71,Sold,,,https://www.redfin.com/MD/Germantown/17818-Falconcrest-Cir-20874/home/10636097,BRIGHT MLS,MDMC2106300,N,Y,39.1507848,-77.2902358
PAST SALE,September-1-2023,Townhouse,12867 Sage Ter,Germantown,MD,20874,375000,4,2.5,GERMANTOWN PARK,1464,2772,1975,,256,170,Sold,,,https://www.redfin.com/MD/Germantown/12867-Sage-Ter-20874/home/10768071,BRIGHT MLS,MDMC2100714,N,Y,39.1613183,-77.2661744
PAST SALE,September-29-2023,Townhouse,11141 Black Forest Way,Gaithersburg,MD,20879,350000,3,3.5,SENECA PARK,1600,1500,1985,,219,105,Sold,,,https://www.redfin.com/MD/Gaithersburg/11141-Black-Forest-Way-20879/home/10817619,BRIGHT MLS,MDMC2106192,N,Y,39.1703297,-77.2305378
PAST SALE,May-31-2023,Single Family Residential,10 Shakespeare Ct,Germantown,MD,20876,705000,4,3.5,WEXFORD,2760,7160,1990,,255,76,Sold,,,https://www.redfin.com/MD/Germantown/10-Shakespeare-Ct-20876/home/10820859,BRIGHT MLS,MDMC2089054,N,Y,39.2000922,-77.2404479
PAST SALE,May-4-2023,Townhouse,12053 Panthers Ridge Dr,Germantown,MD,20876,502000,2,3.5,MILESTONE TOWNHOUSES,1658,2000,1997,,303,105,Sold,,,https://www.redfin.com/MD/Germantown/12053-Panthers-Ridge-Dr-20876/home/10498052,BRIGHT MLS,MDMC2086586,N,Y,39.1949675,-77.2501019
PAST SALE,June-30-2023,Townhouse,20162 Timber Oak Ln #176,Germantown,MD,20874,477000,3,2.5,WILLOW COVE TWNHS CODM,1678,,1987,,284,171,Sold,,,https://www.redfin.com/MD/Germantown/20162-Timber-Oak-Ln-20874/unit-176/home/10495336,BRIGHT MLS,MDMC2092588,N,Y,39.1870141,-77.2840286
PAST SALE,September-6-2023,Townhouse,21209 Delevan Way #144,Germantown,MD,20876,490000,3,3.0,MILESTONE II TOWNHOUSE CODM,2040,,1998,,240,155,Sold,,,https://www.redfin.com/MD/Germantown/21209-Delevan-Way-20876/unit-144/home/10498927,BRIGHT MLS,MDMC2101148,N,Y,39.204524,-77.264885
PAST SALE,May-5-2023,Townhouse,11700 Zebrawood Ct,Germantown,MD,20876,300000,2,1.5,MIDDLEBROOK COMMONS,944,1803,1985,,318,87,Sold,,,https://www.redfin.com/MD/Germantown/11700-Zebrawood-Ct-20876/home/10827850,BRIGHT MLS,MDMC2087800,N,Y,39.1757167,-77.2418871
PAST SALE,June-13-2023,Townhouse,18207 Smoke House Ct,Germantown,MD,20874,417000,3,2.5,PLEASANT FIELDS,1662,1305,1979,,251,96,Sold,,,https://www.redfin.com/MD/Germantown/18207-Smoke-House-Ct-20874/home/10611366,BRIGHT MLS,MDMC2093288,N,Y,39.15353,-77.2676112
PAST SALE,September-7-2023,Townhouse,12911 Alderleaf Dr,Germantown,MD,20874,420000,3,2.0,CHURCHILL TOWN SECTOR,1408,4711,1981,,298,53,Sold,,,https://www.redfin.com/MD/Germantown/12911-Alderleaf-Dr-20874/home/10492186,BRIGHT MLS,MDMC2101232,N,Y,39.1903263,-77.2673872
PAST SALE,July-11-2023,Townhouse,11501 Summer Oak Dr,Germantown,MD,20874,371000,3,3.0,GUNNERS LAKE VILLAGE,1928,1820,1980,,192,121,Sold,,,https://www.redfin.com/MD/Germantown/11501-Summer-Oak-Dr-20874/home/10788489,BRIGHT MLS,MDMC2094412,N,Y,39.1630332,-77.2412152
PAST SALE,July-12-2023,Single Family Residential,6 Neerwinder Ct,Germantown,MD,20874,490000,3,2.5,CHURCHILL TOWN SECTOR,1320,5713,1984,,371,50,Sold,,,https://www.redfin.com/MD/Germantown/6-Neerwinder-Ct-20874/home/10493243,BRIGHT MLS,MDMC2091874,N,Y,39.1942959,-77.2786999
PAST SALE,August-2-2023,Single Family Residential,21729 Brink Meadow Ln,Germantown,MD,20876,1261000,5,3.5,CLARKSBURG OUTSIDE,5721,122839,1989,,220,,Sold,,,https://www.redfin.com/MD/Germantown/21729-Brink-Meadow-Ln-20876/home/10495398,BRIGHT MLS,MDMC2099500,N,Y,39.2154681,-77.2448709
PAST SALE,July-10-2023,Townhouse,30 Whitechurch Ct,Germantown,MD,20874,379000,3,2.5,CHURCHILL TWN SECTOR TH,1604,820,1986,,236,110,Sold,,,https://www.redfin.com/MD/Germantown/30-Whitechurch-Ct-20874/home/10493605,BRIGHT MLS,MDMC2093268,N,Y,39.194624,-77.274471
PAST SALE,July-12-2023,Townhouse,19324 Elderberry Ter,Germantown,MD,20876,347000,3,2.5,MIDDLEBROOK COMMONS,1424,2002,1983,,244,80,Sold,,,https://www.redfin.com/MD/Germantown/19324-Elderberry-Ter-20876/home/10805448,BRIGHT MLS,MDMC2095258,N,Y,39.172968,-77.244096
PAST SALE,May-30-2023,Townhouse,19128 Aldenham Ct,Germantown,MD,20876,352000,4,2.0,FOX CHAPEL TH,1281,2118,1973,,275,62,Sold,,,https://www.redfin.com/MD/Germantown/19128-Aldenham-Ct-20876/home/10754105,BRIGHT MLS,MDMC2090778,N,Y,39.1703693,-77.241245
PAST SALE,June-30-2023,Townhouse,12904 Poppy Seed Ct,Germantown,MD,20874,340000,3,1.5,GERMANTOWN PARK,1248,2000,1978,,272,170,Sold,,,https://www.redfin.com/MD/Germantown/12904-Poppy-Seed-Ct-20874/home/10769858,BRIGHT MLS,MDMC2092186,N,Y,39.1631587,-77.2677634
PAST SALE,May-26-2023,Townhouse,12815 Climbing Ivy Dr,Germantown,MD,20874,445000,3,3.5,GERMANTOWN VIEW,1844,2486,1983,,241,84,Sold,,,https://www.redfin.com/MD/Germantown/12815-Climbing-Ivy-Dr-20874/home/10813977,BRIGHT MLS,MDMC2090850,N,Y,39.1657175,-77.2653109
PAST SALE,May-3-2023,Single Family Residential,19200 Gunnerfield Ln,Germantown,MD,20874,592300,4,2.5,GUNNERS VIEW,1878,10027,1985,,315,,Sold,,,https://www.redfin.com/MD/Germantown/19200-Gunnerfield-Ln-20874/home/10823944,BRIGHT MLS,MDMC2086268,N,Y,39.1702669,-77.2539408
PAST SALE,May-10-2023,Townhouse,20420 Afternoon Ln,Germantown,MD,20874,458000,3,3.5,CHURCHILL TWN SECTOR TH,1582,1760,1984,,290,107,Sold,,,https://www.redfin.com/MD/Germantown/20420-Afternoon-Ln-20874/home/10492043,BRIGHT MLS,MDMC2089272,N,Y,39.1893154,-77.2779255
PAST SALE,August-24-2023,Single Family Residential,26 Burnt Woods Ct,Germantown,MD,20874,610000,4,3.0,CHURCHILL TOWN SECTOR,1968,7331,1986,,310,54,Sold,,,https://www.redfin.com/MD/Germantown/26-Burnt-Woods-Ct-20874/home/10493868,BRIGHT MLS,MDMC2102984,N,Y,39.1970228,-77.2802261
PAST SALE,September-22-2023,Townhouse,12114 Birdseye Ter,Germantown,MD,20874,390000,4,3.0,GUNNERS LAKE VILLAGE,1498,1120,1984,,260,,Sold,,,https://www.redfin.com/MD/Germantown/12114-Birdseye-Ter-20874/home/10823158,BRIGHT MLS,MDMC2104554,N,Y,39.164318,-77.2495031
PAST SALE,September-20-2023,Single Family Residential,19017 Leatherbark Dr,Germantown,MD,20874,598000,3,2.5,GUNNERS LAKE VILLAGE,1832,7108,1987,,326,25,Sold,,,https://www.redfin.com/MD/Germantown/19017-Leatherbark-Dr-20874/home/10843827,BRIGHT MLS,MDMC2102222,N,Y,39.1681534,-77.2476772
PAST SALE,May-18-2023,Townhouse,20318 Cedarhurst Way,Germantown,MD,20876,450000,4,3.5,BRANDERMILL,1600,2100,1989,,281,111,Sold,,,https://www.redfin.com/MD/Germantown/20318-Cedarhurst-Way-20876/home/10803003,BRIGHT MLS,MDMC2084606,N,Y,39.1915496,-77.2397007
PAST SALE,August-1-2023,Townhouse,20306 Thunderhead Way,Germantown,MD,20874,355000,3,2.5,CHURCHILL TWN SECTOR TH,2078,1470,1983,,171,124,Sold,,,https://www.redfin.com/MD/Germantown/20306-Thunderhead-Way-20874/home/10493048,BRIGHT MLS,MDMC2095130,N,Y,39.1893,-77.270574
PAST SALE,April-28-2023,Townhouse,13907 Chatterly Pl,Germantown,MD,20874,589000,3,2.5,KINGSVIEW VILLAGE,2320,1760,2000,,254,107,Sold,,,https://www.redfin.com/MD/Germantown/13907-Chatterly-Pl-20874/home/11156033,BRIGHT MLS,MDMC2086080,N,Y,39.1529437,-77.2901348
PAST SALE,August-2-2023,Single Family Residential,13413 Winterspoon Ln,Germantown,MD,20874,540000,4,2.5,CHURCHILL TOWN SECTOR,1540,9811,1983,,351,120,Sold,,,https://www.redfin.com/MD/Germantown/13413-Winterspoon-Ln-20874/home/10491341,BRIGHT MLS,MDMC2099190,N,Y,39.1826884,-77.2791213
PAST SALE,July-10-2023,Townhouse,19950 Dunstable Cir #245,Germantown,MD,20876,340000,2,2.5,SCENERY POINTE CODM,1638,,1992,,208,412,Sold,,,https://www.redfin.com/MD/Germantown/19950-Dunstable-Cir-20876/unit-245/home/10864886,BRIGHT MLS,MDMC2095006,N,Y,39.1828306,-77.2302318
PAST SALE,October-20-2023,Townhouse,17805 Millhaven Ter,Germantown,MD,20874,540000,4,3.5,VILLAGE OF CLOPPERS MILL,2440,1420,2012,,221,121,Sold,,,https://www.redfin.com/MD/Germantown/17805-Millhaven-Ter-20874/home/40017696,BRIGHT MLS,MDMC2104800,N,Y,39.1486249,-77.2747607
PAST SALE,August-15-2023,Single Family Residential,21105 Hickory Forest Way,Germantown,MD,20876,730000,4,3.5,SENECA CROSSING,2308,6413,2002,,316,42,Sold,,,https://www.redfin.com/MD/Germantown/21105-Hickory-Forest-Way-20876/home/10872779,BRIGHT MLS,MDMC2101698,N,Y,39.2017772,-77.2354635
PAST SALE,May-17-2023,Townhouse,18819 Coral Grove Ter,Germantown,MD,20874,410000,3,3.0,GUNNERS LAKE VILLAGE,1860,1300,1988,,220,87,Sold,,,https://www.redfin.com/MD/Germantown/18819-Coral-Grove-Ter-20874/home/10846395,BRIGHT MLS,MDMC2088188,N,Y,39.1641221,-77.2584742
PAST SALE,May-16-2023,Townhouse,18800 Broken Oak Rd,Boyds,MD,20841,650000,3,3.5,SENECA VIEW ESTATES,2528,2423,2003,,257,154,Sold,,,https://www.redfin.com/MD/Boyds/18800-Broken-Oak-Rd-20841/home/11166275,BRIGHT MLS,MDMC2085782,N,Y,39.1697059,-77.3022195
PAST SALE,August-8-2023,Townhouse,11578 Summer Oak Dr,Germantown,MD,20874,436000,3,3.5,GUNNERS LAKE VILLAGE,2016,1470,1980,,216,121,Sold,,,https://www.redfin.com/MD/Germantown/11578-Summer-Oak-Dr-20874/home/10788645,BRIGHT MLS,MDMC2095764,N,Y,39.1634831,-77.2423462
PAST SALE,August-31-2023,Single Family Residential,20412 Boland Farm Rd,Germantown,MD,20876,1180000,6,4.5,CLARKSBURG OUTSIDE,6716,24056,2005,,176,113,Sold,,,https://www.redfin.com/MD/Germantown/20412-Boland-Farm-Rd-20876/home/11202338,BRIGHT MLS,MDMC2101418,N,Y,39.1909074,-77.251157
PAST SALE,August-25-2023,Townhouse,13512 Waterford Hills Blvd #13512,Germantown,MD,20874,380000,3,2.5,BUCKINGHAM STATION CODM*,1613,,2010,,236,351,Sold,,,https://www.redfin.com/MD/Germantown/13512-Waterford-Hills-Blvd-20874/unit-13512/home/186214369,BRIGHT MLS,MDMC2100936,N,Y,39.1775105,-77.2772324
PAST SALE,September-12-2023,Townhouse,13104 Alpine Dr #2503,Germantown,MD,20874,450000,3,2.5,CLOVERLEAF TWNHS CODM,1920,,1998,,234,155,Sold,,,https://www.redfin.com/MD/Germantown/13104-Alpine-Dr-20874/unit-2503/home/10498990,BRIGHT MLS,MDMC2095264,N,Y,39.19854,-77.271536
PAST SALE,June-16-2023,Townhouse,18501 Eagles Roost Dr,Germantown,MD,20874,330000,3,3.5,STONERIDGE,1532,2432,1979,,215,98,Sold,,,https://www.redfin.com/MD/Germantown/18501-Eagles-Roost-Dr-20874/home/10774024,BRIGHT MLS,MDMC2092278,N,Y,39.1608414,-77.2699835
PAST SALE,August-11-2023,Single Family Residential,14308 Autumn Gold Rd,Boyds,MD,20841,840000,4,2.5,KINGS CROSSING,3136,9392,2001,,268,73,Sold,,,https://www.redfin.com/MD/Boyds/14308-Autumn-Gold-Rd-20841/home/10635337,BRIGHT MLS,MDMC2099936,N,Y,39.1662096,-77.3020064
PAST SALE,June-15-2023,Townhouse,18945 Snow Fields Cir,Germantown,MD,20874,450000,3,3.5,GUNNERS LAKE VILLAGE,1800,1610,1988,,250,96,Sold,,,https://www.redfin.com/MD/Germantown/18945-Snow-Fields-Cir-20874/home/10845378,BRIGHT MLS,MDMC2090580,N,Y,39.1653248,-77.2514144
PAST SALE,August-22-2023,Townhouse,20423 Afternoon Ln,Germantown,MD,20874,441150,3,3.0,CHURCHILL TWN SECTOR TH,1364,2160,1982,,323,107,Sold,,,https://www.redfin.com/MD/Germantown/20423-Afternoon-Ln-20874/home/10492063,BRIGHT MLS,MDMC2097020,N,Y,39.1899491,-77.2780714
PAST SALE,August-25-2023,Townhouse,13635 Ansel Ter,Germantown,MD,20874,546000,3,3.5,CLOPPERS MILL WEST,2260,1760,1995,,242,103,Sold,,,https://www.redfin.com/MD/Germantown/13635-Ansel-Ter-20874/home/10631026,BRIGHT MLS,MDMC2101826,N,Y,39.1476489,-77.2807541
PAST SALE,June-22-2023,Single Family Residential,20905 Tewkesbury Ter,Germantown,MD,20876,485000,4,3.0,WEXFORD,1782,6991,1988,,272,76,Sold,,,https://www.redfin.com/MD/Germantown/20905-Tewkesbury-Ter-20876/home/10820466,BRIGHT MLS,MDMC2089644,N,Y,39.200823,-77.2432544
PAST SALE,August-28-2023,Townhouse,13230 Trimfield Ln,Germantown,MD,20874,400000,3,1.5,CHURCHILL TWN SECTOR TH,1760,2240,1983,,227,124,Sold,,,https://www.redfin.com/MD/Germantown/13230-Trimfield-Ln-20874/home/10492941,BRIGHT MLS,MDMC2095552,N,Y,39.1860345,-77.2729483
PAST SALE,June-20-2023,Townhouse,14420 Long Channel Cir,Germantown,MD,20874,480000,3,3.0,CHURCHILL TWN SECTOR TH,2084,1591,1989,,230,112,Sold,,,https://www.redfin.com/MD/Germantown/14420-Long-Channel-Cir-20874/home/10495663,BRIGHT MLS,MDMC2093260,N,Y,39.1879341,-77.3001284
PAST SALE,May-26-2023,Single Family Residential,20400 Alderleaf Ter,Germantown,MD,20874,494000,3,2.5,CHURCHILL TOWN SECTOR,1880,5528,1983,,263,58,Sold,,,https://www.redfin.com/MD/Germantown/20400-Alderleaf-Ter-20874/home/10492170,BRIGHT MLS,MDMC2088182,N,Y,39.1903495,-77.2701257
PAST SALE,August-7-2023,Townhouse,13016 Woodcutter Cir #153,Germantown,MD,20876,510000,3,3.0,LAING AT MILESTONE CODM,2432,,1999,,210,165,Sold,,,https://www.redfin.com/MD/Germantown/13016-Woodcutter-Cir-20876/unit-153/home/11161708,BRIGHT MLS,MDMC2097310,N,Y,39.206442,-77.269592
PAST SALE,May-24-2023,Townhouse,18937 Quiet Oak Ln,Germantown,MD,20874,461000,3,2.5,TOWNES AT CHESTNUT OAKS,1986,1500,1994,,232,95,Sold,,,https://www.redfin.com/MD/Germantown/18937-Quiet-Oak-Ln-20874/home/10866067,BRIGHT MLS,MDMC2089880,N,Y,39.1650994,-77.2716105
PAST SALE,July-31-2023,Townhouse,18601 Poplar Glen Ct,Boyds,MD,20841,665000,4,4.5,LEAMAN FARM,3694,3720,2009,,180,126,Sold,,,https://www.redfin.com/MD/Boyds/18601-Poplar-Glen-Ct-20841/home/35616330,BRIGHT MLS,MDMC2096992,N,Y,39.1631627,-77.2865916
PAST SALE,June-22-2023,Townhouse,13110 Twilight Ct,Germantown,MD,20874,399900,3,2.0,CHURCHILL TWN SECTOR TH,1616,1540,1980,,247,124,Sold,,,https://www.redfin.com/MD/Germantown/13110-Twilight-Ct-20874/home/10491850,BRIGHT MLS,MDMC2092978,N,Y,39.1847535,-77.2693727
PAST SALE,May-31-2023,Townhouse,18827 Summer Oak Ct,Germantown,MD,20874,370000,3,1.5,GUNNERS LAKE VILLAGE,1218,1470,1981,,304,121,Sold,,,https://www.redfin.com/MD/Germantown/18827-Summer-Oak-Ct-20874/home/10788717,BRIGHT MLS,MDMC2090090,N,Y,39.1634308,-77.2435185
PAST SALE,August-4-2023,Single Family Residential,17309 Flagstone Dr,Germantown,MD,20874,507500,3,1.5,BLACK ROCK ESTATES,1136,21000,1962,,447,,Sold,,,https://www.redfin.com/MD/Germantown/17309-Flagstone-Dr-20874/home/10607210,BRIGHT MLS,MDMC2093552,N,Y,39.1403917,-77.2968337
PAST SALE,August-22-2023,Townhouse,12509 Spring Harbor Pl,Germantown,MD,20874,385000,3,2.0,GUNNERS LAKE VILLAGE,1220,1200,1986,,316,89,Sold,,,https://www.redfin.com/MD/Germantown/12509-Spring-Harbor-Pl-20874/home/10835843,BRIGHT MLS,MDMC2100614,N,Y,39.1687842,-77.2577738
PAST SALE,April-28-2023,Townhouse,12755 Longford Glen Dr,Germantown,MD,20874,540000,3,2.5,SENECA HILL,2110,1731,2016,,256,105,Sold,,,https://www.redfin.com/MD/Germantown/12755-Longford-Glen-Dr-20874/home/85694960,BRIGHT MLS,MDMC2087154,N,Y,39.1580164,-77.2645799
PAST SALE,June-15-2023,Single Family Residential,19009 Noble Oak Dr,Germantown,MD,20874,795000,4,3.5,FOUNTAIN HILLS,4716,5001,2000,,169,80,Sold,,,https://www.redfin.com/MD/Germantown/19009-Noble-Oak-Dr-20874/home/10882566,BRIGHT MLS,MDMC2092360,N,Y,39.1661719,-77.27457
PAST SALE,July-14-2023,Townhouse,12925 Pickering Dr,Germantown,MD,20874,420000,3,3.5,CHURCHILL TWN SECTOR TH,1848,1540,1984,,227,124,Sold,,,https://www.redfin.com/MD/Germantown/12925-Pickering-Dr-20874/home/10493186,BRIGHT MLS,MDMC2093876,N,Y,39.1866861,-77.2686714
PAST SALE,July-3-2023,Townhouse,11316 Appledowre Way #149,Germantown,MD,20876,305000,3,2.5,GRNFLDS OF BRNDRMILL COD,1284,,1983,,238,386,Sold,,,https://www.redfin.com/MD/Germantown/11316-Appledowre-Way-20876/unit-149/home/10834512,BRIGHT MLS,MDMC2096558,N,Y,39.1850985,-77.2357796
PAST SALE,August-7-2023,Single Family Residential,19504 Bowman Ridge Dr,Germantown,MD,20874,580000,3,2.5,KINGSVIEW RIDGE,1760,5134,2001,,330,74,Sold,,,https://www.redfin.com/MD/Germantown/19504-Bowman-Ridge-Dr-20874/home/11173421,BRIGHT MLS,MDMC2098966,N,Y,39.1765818,-77.2854889
PAST SALE,May-12-2023,Single Family Residential,20715 Summer Sweet Ter,Germantown,MD,20876,660000,4,2.5,SENECA VISTA ESTATES,2396,8842,1997,,275,101,Sold,,,https://www.redfin.com/MD/Germantown/20715-Summer-Sweet-Ter-20876/home/10497604,BRIGHT MLS,MDMC2088672,N,Y,39.1954639,-77.2459261
PAST SALE,June-16-2023,Single Family Residential,13429 Walnutwood Ln,Germantown,MD,20874,515000,3,2.5,CHURCHILL TOWN SECTOR,2420,8562,1976,,213,120,Sold,,,https://www.redfin.com/MD/Germantown/13429-Walnutwood-Ln-20874/home/10490977,BRIGHT MLS,MDMC2091016,N,Y,39.1842616,-77.279059
PAST SALE,September-7-2023,Townhouse,13005 Trailside Way Unit 5-3,Germantown,MD,20874,295000,3,2.0,NORTH CREEK,960,,1978,,307,88,Sold,,,https://www.redfin.com/MD/Germantown/13005-Trailside-Way-20874/unit-5-3/home/10785248,BRIGHT MLS,MDMC2103778,N,Y,39.164343,-77.2701963
PAST SALE,,Townhouse,20 Cross Ridge Ct,Germantown,MD,20874,320000,,1.5,,945,1085,1984,,339,,,,,https://www.redfin.com/MD/Germantown/20-Cross-Ridge-Ct-20874/home/10822294,,,N,Y,39.1732836,-77.2592025
PAST SALE,August-21-2023,Townhouse,9 Liberty Heights Ct,Germantown,MD,20874,455000,3,2.5,LIBERTY HEIGHTS,1269,2455,1988,,359,137,Sold,,,https://www.redfin.com/MD/Germantown/9-Liberty-Heights-Ct-20874/home/10495164,BRIGHT MLS,MDMC2098576,N,Y,39.1729689,-77.2729467
PAST SALE,July-3-2023,Townhouse,8 Birdseye Ct,Germantown,MD,20874,332000,3,2.0,GUNNERS LAKE VILLAGE,988,1400,1984,,336,79,Sold,,,https://www.redfin.com/MD/Germantown/8-Birdseye-Ct-20874/home/10822964,BRIGHT MLS,MDMC2095752,N,Y,39.1646596,-77.248195
PAST SALE,September-27-2023,Townhouse,12985 Pinnacle Dr #6,Germantown,MD,20874,390000,3,2.5,VILLAGE AT TOWN CENTER CODM,1770,,2001,,220,280,Sold,,,https://www.redfin.com/MD/Germantown/12985-Pinnacle-Dr-20874/unit-6/home/11174766,BRIGHT MLS,MDMC2102678,N,Y,39.18404,-77.264932
PAST SALE,June-15-2023,Townhouse,18213 Coachmans Rd,Germantown,MD,20874,540000,4,3.5,KINGSVIEW VILLAGE,2510,1600,1999,,215,107,Sold,,,https://www.redfin.com/MD/Germantown/18213-Coachmans-Rd-20874/home/10634605,BRIGHT MLS,MDMC2093546,N,Y,39.1579133,-77.2863308
PAST SALE,June-30-2023,Townhouse,13689 Winterspoon Ln #42,Germantown,MD,20874,380000,3,2.5,WILLOW COVE MANOR CODM,1683,,1988,,226,260,Sold,,,https://www.redfin.com/MD/Germantown/13689-Winterspoon-Ln-20874/unit-42/home/10495916,BRIGHT MLS,MDMC2095056,N,Y,39.1800076,-77.2803607
PAST SALE,August-28-2023,Townhouse,12927 Bridger Dr #1808,Germantown,MD,20874,420000,2,3.0,CLOVERLEAF CENTER CODM,1990,,1996,,211,181,Sold,,,https://www.redfin.com/MD/Germantown/12927-Bridger-Dr-20874/unit-1808/home/10498306,BRIGHT MLS,MDMC2099600,N,Y,39.194958,-77.269271
PAST SALE,June-5-2023,Single Family Residential,13728 Wanegarden Dr,Germantown,MD,20874,557000,4,3.0,CHURCHILL TOWN SECTOR,2184,11422,1977,,255,120,Sold,,,https://www.redfin.com/MD/Germantown/13728-Wanegarden-Dr-20874/home/10491234,BRIGHT MLS,MDMC2088190,N,Y,39.1830619,-77.2855677
PAST SALE,September-27-2023,Townhouse,1 Metz Ct,Germantown,MD,20874,400000,3,2.0,FARMINGDALE ESTATES,1144,3077,1978,,350,58,Sold,,,https://www.redfin.com/MD/Germantown/1-Metz-Ct-20874/home/10611026,BRIGHT MLS,MDMC2103556,N,Y,39.1540532,-77.2717427
PAST SALE,July-21-2023,Townhouse,12155 Amber Ridge Cir,Germantown,MD,20876,480000,4,3.0,MILESTONE CENTER,1560,1742,1998,,308,88,Sold,,,https://www.redfin.com/MD/Germantown/12155-Amber-Ridge-Cir-20876/home/10497763,BRIGHT MLS,MDMC2097428,N,Y,39.1969492,-77.251303
PAST SALE,June-19-2023,Townhouse,18715 Autumn Mist Dr,Germantown,MD,20874,559900,4,3.5,FOUNTAIN HILLS,2440,2000,1997,,229,101,Sold,,,https://www.redfin.com/MD/Germantown/18715-Autumn-Mist-Dr-20874/home/10876208,BRIGHT MLS,MDMC2090924,N,Y,39.1608177,-77.2740655
PAST SALE,August-10-2023,Single Family Residential,13505 Jamieson Pl,Germantown,MD,20874,447500,4,2.0,GERMANTOWN ESTATES,2000,13291,1980,,224,70,Sold,,,https://www.redfin.com/MD/Germantown/13505-Jamieson-Pl-20874/home/10491532,BRIGHT MLS,MDMC2098252,N,Y,39.169727,-77.2795976
PAST SALE,September-13-2023,Townhouse,19380 Hottinger Cir,Germantown,MD,20874,399999,3,3.5,GUNNERS VIEW,1532,1650,1984,,261,93,Sold,,,https://www.redfin.com/MD/Germantown/19380-Hottinger-Cir-20874/home/10827257,BRIGHT MLS,MDMC2097022,N,Y,39.1736963,-77.2532003
PAST SALE,May-2-2023,Single Family Residential,19969 Wild Cherry Ln,Germantown,MD,20874,553000,5,2.0,CHURCHILL TOWN SECTOR,2060,9817,1978,,268,120,Sold,,,https://www.redfin.com/MD/Germantown/19969-Wild-Cherry-Ln-20874/home/10491044,BRIGHT MLS,MDMC2087020,N,Y,39.1823219,-77.2863089
PAST SALE,June-13-2023,Townhouse,18856 Mcfarlin Dr,Germantown,MD,20874,450000,5,3.5,GERMANTOWN ESTATES,1224,1729,1987,,368,42,Sold,,,https://www.redfin.com/MD/Germantown/18856-McFarlin-Dr-20874/home/10495081,BRIGHT MLS,MDMC2091866,N,Y,39.1636693,-77.2821312
PAST SALE,August-21-2023,Townhouse,14143 Furlong Way,Germantown,MD,20874,480000,3,3.5,GERMANTOWN ESTATES,1360,1600,1991,,353,88,Sold,,,https://www.redfin.com/MD/Germantown/14143-Furlong-Way-20874/home/10494704,BRIGHT MLS,MDMC2101938,N,Y,39.1743263,-77.2919213
PAST SALE,June-9-2023,Townhouse,18617 Poplar Glen Ct,Boyds,MD,20841,620000,3,3.5,LEAMAN FARM,2848,1705,2009,,218,126,Sold,,,https://www.redfin.com/MD/Boyds/18617-Poplar-Glen-Ct-20841/home/35616325,BRIGHT MLS,MDMC2091154,N,Y,39.1633941,-77.2860727
PAST SALE,September-8-2023,Townhouse,13318 Rising Sun Ln,Germantown,MD,20874,540000,3,2.5,FOUNTAIN HILLS,2720,1600,1999,,199,102,Sold,,,https://www.redfin.com/MD/Germantown/13318-Rising-Sun-Ln-20874/home/11182401,BRIGHT MLS,MDMC2099200,N,Y,39.1608819,-77.2760464
PAST SALE,,Condo/Co-op,19433 Rayfield Dr #12,Germantown,MD,20874,295000,,,,1405,,2003,,210,,,,,https://www.redfin.com/MD/Germantown/19433-Rayfield-Dr-20874/unit-12/home/11194270,,,N,Y,39.1755347,-77.2875486
PAST SALE,May-26-2023,Townhouse,17 Crystal Rock Ct,Germantown,MD,20874,400000,3,2.5,THE COLONY,1240,1600,1983,,323,78,Sold,,,https://www.redfin.com/MD/Germantown/17-Crystal-Rock-Ct-20874/home/10814953,BRIGHT MLS,MDMC2088930,N,Y,39.1776608,-77.261405
PAST SALE,June-6-2023,Townhouse,11609 Bedford Ct,Germantown,MD,20876,360000,3,2.5,FOX CHAPEL TH,1681,2085,1972,,214,62,Sold,,,https://www.redfin.com/MD/Germantown/11609-Bedford-Ct-20876/home/10753993,BRIGHT MLS,MDMC2089140,N,Y,39.1710519,-77.2401897
PAST SALE,July-31-2023,Single Family Residential,11903 Rathbone Ct,Germantown,MD,20874,702000,4,3.0,GUNNERS LAKE VILLAGE,3415,13220,1988,,206,25,Sold,,,https://www.redfin.com/MD/Germantown/11903-Rathbone-Ct-20874/home/10847336,BRIGHT MLS,MDMC2094998,N,Y,39.1704636,-77.2454322
PAST SALE,August-9-2023,Townhouse,18403 Woodhouse Ln,Germantown,MD,20874,522000,4,3.5,SENECA HILL,1900,1250,2016,,275,105,Sold,,,https://www.redfin.com/MD/Germantown/18403-Woodhouse-Ln-20874/home/85695174,BRIGHT MLS,MDMC2099454,N,Y,39.1570577,-77.2648853
PAST SALE,October-23-2023,Townhouse,20058 Gateshead Cir #141,Germantown,MD,20876,315100,2,1.5,SCENERY POINTE CODM,1242,,1991,,254,315,Sold,,,https://www.redfin.com/MD/Germantown/20058-Gateshead-Cir-20876/unit-141/home/10860842,BRIGHT MLS,MDMC2106108,N,Y,39.1829242,-77.2322455
PAST SALE,May-19-2023,Townhouse,13290 Country Ridge Dr,Germantown,MD,20874,435000,3,2.5,CHURCHILL TWN SECTOR TH,1890,1470,1982,,230,124,Sold,,,https://www.redfin.com/MD/Germantown/13290-Country-Ridge-Dr-20874/home/10492751,BRIGHT MLS,MDMC2088358,N,Y,39.1852355,-77.2730437
PAST SALE,September-5-2023,Single Family Residential,17831 Falconcrest Cir,Germantown,MD,20874,841000,4,3.5,KINGSVIEW VILLAGE,4276,8940,2000,,197,71,Sold,,,https://www.redfin.com/MD/Germantown/17831-Falconcrest-Cir-20874/home/10635934,BRIGHT MLS,MDMC2099832,N,Y,39.151751,-77.2905239
PAST SALE,June-6-2023,Townhouse,12431 Sky Blue Dr,Germantown,MD,20874,450000,3,2.5,GUNNERS LAKE VILLAGE,1845,1625,1989,,244,87,Sold,,,https://www.redfin.com/MD/Germantown/12431-Sky-Blue-Dr-20874/home/10846702,BRIGHT MLS,MDMC2093326,N,Y,39.1645217,-77.2569846
PAST SALE,July-3-2023,Townhouse,19109 Partridge Wood Dr,Germantown,MD,20874,405000,3,2.0,GUNNERS LAKE VILLAGE,1220,1890,1987,,332,89,Sold,,,https://www.redfin.com/MD/Germantown/19109-Partridge-Wood-Dr-20874/home/10843094,BRIGHT MLS,MDMC2095362,N,Y,39.166823,-77.2571316
PAST SALE,September-27-2023,Townhouse,12639 Black Saddle Ln,Germantown,MD,20874,400000,4,3.5,THE COLONY,1120,1600,1982,,357,78,Sold,,,https://www.redfin.com/MD/Germantown/12639-Black-Saddle-Ln-20874/home/10814783,BRIGHT MLS,MDMC2106312,N,Y,39.1770007,-77.2626903
PAST SALE,May-25-2023,Townhouse,13101 Bridger Dr #101,Germantown,MD,20874,452000,3,3.0,CLOVERLEAF CENTER CODM,1920,,1995,,235,96,Sold,,,https://www.redfin.com/MD/Germantown/13101-Bridger-Dr-20874/unit-101/home/10497531,BRIGHT MLS,MDMC2089670,N,Y,39.1957212,-77.2713988
PAST SALE,August-28-2023,Townhouse,12 Metz Ct,Germantown,MD,20874,424000,3,2.5,FARMINGDALE ESTATES,1144,2090,1978,,371,58,Sold,,,https://www.redfin.com/MD/Germantown/12-Metz-Ct-20874/home/10611042,BRIGHT MLS,MDMC2101182,N,Y,39.1537873,-77.272244
PAST SALE,August-25-2023,Townhouse,18612 Bay Leaf Way,Germantown,MD,20874,365000,4,2.5,GERMANTOWN PARK,1464,2000,1974,,249,170,Sold,,,https://www.redfin.com/MD/Germantown/18612-Bay-Leaf-Way-20874/home/10765763,BRIGHT MLS,MDMC2101660,N,Y,39.1606957,-77.2642406
PAST SALE,October-3-2023,Townhouse,13613 Winterspoon Ln #7,Germantown,MD,20874,345000,3,2.5,WILLOW COVE MANOR CODM,1656,,1988,,208,261,Sold,,,https://www.redfin.com/MD/Germantown/13613-Winterspoon-Ln-20874/unit-7/home/10495881,BRIGHT MLS,MDMC2102688,N,Y,39.180921,-77.2806063
PAST SALE,July-5-2023,Single Family Residential,1 Black Stallion Ct,Germantown,MD,20874,865000,4,3.5,CLOPPERS MILL WEST,4954,10753,1996,,175,57,Sold,,,https://www.redfin.com/MD/Germantown/1-Black-Stallion-Ct-20874/home/10633523,BRIGHT MLS,MDMC2094474,N,Y,39.1527532,-77.2866899
PAST SALE,August-17-2023,Townhouse,20557 Shadyside Way Unit 14-237,Germantown,MD,20874,308000,2,2.0,WATERS HOUSE CODM,1149,,1985,,268,261,Sold,,,https://www.redfin.com/MD/Germantown/20557-Shadyside-Way-20874/unit-14-237/home/10494026,BRIGHT MLS,MDMC2099640,N,Y,39.1935512,-77.2720941
PAST SALE,August-28-2023,Single Family Residential,13509 Shearwater Pl,Germantown,MD,20874,900000,4,3.5,CLOPPERS MILL WEST,4338,9867,1995,,207,58,Sold,,,https://www.redfin.com/MD/Germantown/13509-Shearwater-Pl-20874/home/10631281,BRIGHT MLS,MDMC2101604,N,Y,39.1493805,-77.2813258
PAST SALE,August-30-2023,Townhouse,12435 Sky Blue Dr,Germantown,MD,20874,438000,3,3.5,GUNNERS LAKE VILLAGE,1870,1300,1989,,234,87,Sold,,,https://www.redfin.com/MD/Germantown/12435-Sky-Blue-Dr-20874/home/10846696,BRIGHT MLS,MDMC2093332,N,Y,39.164458,-77.2568611
PAST SALE,August-28-2023,Townhouse,14156 Gallop Ter,Germantown,MD,20874,460000,3,3.0,GERMANTOWN ESTATES,1360,1600,1991,,338,89,Sold,,,https://www.redfin.com/MD/Germantown/14156-Gallop-Ter-20874/home/10494670,BRIGHT MLS,MDMC2100520,N,Y,39.1735188,-77.2905725
PAST SALE,September-1-2023,Townhouse,20361 Century Blvd Unit 174 B,Germantown,MD,20874,530000,3,2.5,CENTURY ROW,2221,,2019,,239,311,Sold,,,https://www.redfin.com/MD/Germantown/20361-Century-Blvd-20874/unit-174B/home/167228485,BRIGHT MLS,MDMC2103416,N,Y,39.1909338,-77.2639822
PAST SALE,June-28-2023,Townhouse,21056 Sojourn Ct,Germantown,MD,20876,466000,3,3.0,MILESTONE II TOWNHOUSE CODM,2040,,1999,,228,155,Sold,,,https://www.redfin.com/MD/Germantown/21056-Sojourn-Ct-20876/home/184366369,BRIGHT MLS,MDMC2094114,N,Y,39.203298,-77.264297
PAST SALE,May-5-2023,Single Family Residential,12511 Milestone Manor Ln,Germantown,MD,20876,732500,5,3.5,MILESTONE,3258,7858,1997,,225,59,Sold,,,https://www.redfin.com/MD/Germantown/12511-Milestone-Manor-Ln-20876/home/10497154,BRIGHT MLS,MDMC2088426,N,Y,39.2079735,-77.2563877
PAST SALE,July-21-2023,Townhouse,12845 Longford Glen Dr,Germantown,MD,20874,537000,3,3.0,SENECA HILL,2126,1385,2015,,253,105,Sold,,,https://www.redfin.com/MD/Germantown/12845-Longford-Glen-Dr-20874/home/55556126,BRIGHT MLS,MDMC2094928,N,Y,39.1583179,-77.2659992
PAST SALE,August-21-2023,Townhouse,18513 Nutmeg Pl,Germantown,MD,20874,375100,4,2.5,GERMANTOWN PARK,1464,2000,1974,,256,170,Sold,,,https://www.redfin.com/MD/Germantown/18513-Nutmeg-Pl-20874/home/10765376,BRIGHT MLS,MDMC2102080,N,Y,39.1609018,-77.2625619
PAST SALE,October-19-2023,Townhouse,13407 Demetrias Way,Germantown,MD,20874,365000,3,2.5,CHURCHILL TWN SECTOR TH,1604,1020,1983,,228,120,Sold,,,https://www.redfin.com/MD/Germantown/13407-Demetrias-Way-20874/home/10492614,BRIGHT MLS,MDMC2106350,N,Y,39.1811462,-77.2783552
PAST SALE,May-12-2023,Single Family Residential,11308 Rambling Rd,Gaithersburg,MD,20879,550000,4,2.5,MIDDLEBROOK HILL,2262,10715,1973,,243,,Sold,,,https://www.redfin.com/MD/Gaithersburg/11308-Rambling-Rd-20879/home/10752585,BRIGHT MLS,MDMC2089998,N,Y,39.1669996,-77.2340265
PAST SALE,June-20-2023,Townhouse,20840 Mountain Lake Ter #2206,Germantown,MD,20874,477000,3,2.5,CLOVERLEAF TWNHS CODM,1920,,1998,,248,150,Sold,,,https://www.redfin.com/MD/Germantown/20840-Mountain-Lake-Ter-20874/unit-2206/home/10498906,BRIGHT MLS,MDMC2094526,N,Y,39.1986641,-77.2694074
PAST SALE,September-29-2023,Townhouse,20047 Placid Lake Ter,Germantown,MD,20874,459000,3,3.5,CHURCHILL TWN SECTOR TH,1840,1433,1989,,249,112,Sold,,,https://www.redfin.com/MD/Germantown/20047-Placid-Lake-Ter-20874/home/10495568,BRIGHT MLS,MDMC2102254,N,Y,39.1857563,-77.2940568
PAST SALE,May-8-2023,Townhouse,18617 Bay Leaf Way,Germantown,MD,20874,351000,4,2.5,GERMANTOWN PARK,1464,2000,1974,,240,170,Sold,,,https://www.redfin.com/MD/Germantown/18617-Bay-Leaf-Way-20874/home/10765852,BRIGHT MLS,MDMC2088620,N,Y,39.1607709,-77.263358
PAST SALE,October-4-2023,Townhouse,11805 Ashbrook Ct,Germantown,MD,20876,320000,2,2.0,MIDDLEBROOK COMMONS,960,1134,1982,,333,80,Sold,,,https://www.redfin.com/MD/Germantown/11805-Ashbrook-Ct-20876/home/10805632,BRIGHT MLS,MDMC2103384,N,Y,39.1738919,-77.2424989
PAST SALE,May-9-2023,Single Family Residential,20428 Bloomingville Ct,Germantown,MD,20876,515000,4,2.0,CHADSWOOD,1600,8052,1985,,322,54,Sold,,,https://www.redfin.com/MD/Germantown/20428-Bloomingville-Ct-20876/home/10812800,BRIGHT MLS,MDMC2084418,N,Y,39.1913923,-77.233307
PAST SALE,August-2-2023,Single Family Residential,13835 Lullaby Rd,Germantown,MD,20874,725000,4,2.5,KINGSVIEW RIDGE,2490,6564,2002,,291,54,Sold,,,https://www.redfin.com/MD/Germantown/13835-Lullaby-Rd-20874/home/11174121,BRIGHT MLS,MDMC2096490,N,Y,39.1773021,-77.2856647
PAST SALE,August-21-2023,Single Family Residential,13503 Stonebridge Ter,Germantown,MD,20874,835000,4,3.5,CLOPPERS MILL WEST,3656,7330,1997,,228,57,Sold,,,https://www.redfin.com/MD/Germantown/13503-Stonebridge-Ter-20874/home/10633614,BRIGHT MLS,MDMC2097962,N,Y,39.1459886,-77.2832111
PAST SALE,June-27-2023,Single Family Residential,12915 Barleycorn Ter,Germantown,MD,20874,690000,4,2.5,VILLAGE OF CLOPPERS MILL,2120,6000,1995,,325,61,Sold,,,https://www.redfin.com/MD/Germantown/12915-Barleycorn-Ter-20874/home/10630661,BRIGHT MLS,MDMC2094560,N,Y,39.1492428,-77.2706503
PAST SALE,October-24-2023,Townhouse,28 Whitechurch Ct,Germantown,MD,20874,384000,3,2.5,CHURCHILL TWN SECTOR TH,1604,820,1986,,239,110,Sold,,,https://www.redfin.com/MD/Germantown/28-Whitechurch-Ct-20874/home/10493606,BRIGHT MLS,MDMC2105890,N,Y,39.194673,-77.274432
PAST SALE,May-9-2023,Townhouse,18148 Kitchen House Ct,Germantown,MD,20874,341500,3,1.5,PLEASANT FIELDS,2024,2046,1978,,169,96,Sold,,,https://www.redfin.com/MD/Germantown/18148-Kitchen-House-Ct-20874/home/10610577,BRIGHT MLS,MDMC2087464,N,Y,39.1528406,-77.2672577
PAST SALE,August-4-2023,Townhouse,13408 Fountain Club Dr,Germantown,MD,20874,600000,4,3.5,FOUNTAIN HILLS,2400,2200,1999,,250,135,Sold,,,https://www.redfin.com/MD/Germantown/13408-Fountain-Club-Dr-20874/home/10875561,BRIGHT MLS,MDMC2097194,N,Y,39.1618451,-77.2760601
PAST SALE,July-14-2023,Townhouse,18906 Lark Song Ter,Germantown,MD,20874,415000,3,2.5,GERMANTOWN ESTATES,1719,1626,1996,,241,89,Sold,,,https://www.redfin.com/MD/Germantown/18906-Lark-Song-Ter-20874/home/10496409,BRIGHT MLS,MDMC2096090,N,Y,39.1693877,-77.2840934
PAST SALE,September-15-2023,Townhouse,11837 Ashbrook Ct,Germantown,MD,20876,340000,3,2.0,MIDDLEBROOK COMMONS,1220,2275,1982,,279,80,Sold,,,https://www.redfin.com/MD/Germantown/11837-Ashbrook-Ct-20876/home/10805523,BRIGHT MLS,MDMC2103596,N,Y,39.1739905,-77.2432735
PAST SALE,August-18-2023,Townhouse,18511 Owl Run Way,Germantown,MD,20874,425000,3,3.5,STONERIDGE,2149,2162,1978,,198,98,Sold,,,https://www.redfin.com/MD/Germantown/18511-Owl-Run-Way-20874/home/10773765,BRIGHT MLS,MDMC2099428,N,Y,39.1597979,-77.2680737
PAST SALE,September-21-2023,Townhouse,11500 Summer Oak Dr,Germantown,MD,20874,445000,3,2.5,GUNNERS LAKE VILLAGE,1344,1820,1980,,331,121,Sold,,,https://www.redfin.com/MD/Germantown/11500-Summer-Oak-Dr-20874/home/10788491,BRIGHT MLS,MDMC2103868,N,Y,39.1629214,-77.2412575
PAST SALE,September-26-2023,Townhouse,13912 Highstream Pl Unit 818-K,Germantown,MD,20874,380000,3,2.5,WOODFIELD AT MANCHESTER FARMS,1650,,1993,,230,143,Sold,,,https://www.redfin.com/MD/Germantown/13912-Highstream-Pl-20874/unit-818-K/home/10496552,BRIGHT MLS,MDMC2104860,N,Y,39.1710519,-77.2874608
PAST SALE,June-29-2023,Townhouse,19455 Breezedale Ln,Germantown,MD,20876,315000,2,1.0,MIDDLEBROOK COMMONS,945,,1985,,333,78,Sold,,,https://www.redfin.com/MD/Germantown/19455-Breezedale-Ln-20876/home/10838588,BRIGHT MLS,MDMC2095270,N,Y,39.175395,-77.243176
PAST SALE,June-2-2023,Townhouse,20110 Larkspur Ct,Germantown,MD,20874,380000,3,2.5,CHURCHILL TWN SECTOR TH,1738,1440,1974,,219,121,Sold,,,https://www.redfin.com/MD/Germantown/20110-Larkspur-Ct-20874/home/10491109,BRIGHT MLS,MDMC2088954,N,Y,39.1865722,-77.2833974
PAST SALE,September-1-2023,Townhouse,18857 Poppy Seed Ln,Germantown,MD,20874,350000,4,2.5,GERMANTOWN PARK,1464,2772,1978,,239,170,Sold,,,https://www.redfin.com/MD/Germantown/18857-Poppy-Seed-Ln-20874/home/10770015,BRIGHT MLS,MDMC2102782,N,Y,39.1642753,-77.2682414
PAST SALE,October-11-2023,Townhouse,13549 Deerwater Dr Unit 7-B,Germantown,MD,20874,345000,3,2.0,WAVERLY CODM,1335,,1985,,258,185,Sold,,,https://www.redfin.com/MD/Germantown/13549-Deerwater-Dr-20874/unit-7-B/home/10493780,BRIGHT MLS,MDMC2105762,N,Y,39.1923387,-77.2796414
PAST SALE,June-29-2023,Single Family Residential,17909 Red Rocks Dr,Germantown,MD,20874,645000,4,2.5,CLOPPERS MILL WEST,2252,6685,1999,,286,57,Sold,,,https://www.redfin.com/MD/Germantown/17909-Red-Rocks-Dr-20874/home/11178574,BRIGHT MLS,MDMC2091410,N,Y,39.1538841,-77.2857024
PAST SALE,August-4-2023,Single Family Residential,11303 Harvest Mills Ln,Germantown,MD,20876,677000,4,2.5,SENECA PARK NORTH,2640,9864,1992,,256,36,Sold,,,https://www.redfin.com/MD/Germantown/11303-Harvest-Mills-Ln-20876/home/10862867,BRIGHT MLS,MDMC2087386,N,Y,39.1710983,-77.2331284
PAST SALE,May-19-2023,Townhouse,32 Steeple Ct,Germantown,MD,20874,560000,4,3.5,GERMANTOWN ESTATES,2172,2800,1993,,258,88,Sold,,,https://www.redfin.com/MD/Germantown/32-Steeple-Ct-20874/home/10496450,BRIGHT MLS,MDMC2088344,N,Y,39.1726149,-77.2937031
PAST SALE,June-23-2023,Townhouse,18800 Sky Blue Cir,Germantown,MD,20874,450000,3,2.5,GUNNERS LAKE VILLAGE,1320,1625,1989,,341,87,Sold,,,https://www.redfin.com/MD/Germantown/18800-Sky-Blue-Cir-20874/home/10846496,BRIGHT MLS,MDMC2094028,N,Y,39.1634994,-77.2571794
PAST SALE,June-8-2023,Single Family Residential,13532 Walnutwood Ln,Germantown,MD,20874,535000,4,3.0,CHURCHILL TOWN SECTOR,2113,9669,1976,,253,120,Sold,,,https://www.redfin.com/MD/Germantown/13532-Walnutwood-Ln-20874/home/10490965,BRIGHT MLS,MDMC2092666,N,Y,39.1843124,-77.2811463
PAST SALE,June-30-2023,Single Family Residential,11610 Scarlet Leaf Cir,Germantown,MD,20876,599900,3,2.5,SENECA CROSSING,2390,6300,1999,,251,42,Sold,,,https://www.redfin.com/MD/Germantown/11610-Scarlet-Leaf-Cir-20876/home/10872288,BRIGHT MLS,MDMC2093222,N,Y,39.2014503,-77.2422441
PAST SALE,June-30-2023,Single Family Residential,20403 Peridot Ln,Germantown,MD,20876,645000,4,2.5,CHADSWOOD,1863,5751,1988,,346,71,Sold,,,https://www.redfin.com/MD/Germantown/20403-Peridot-Ln-20876/home/10835307,BRIGHT MLS,MDMC2094214,N,Y,39.191096,-77.2353737
PAST SALE,June-30-2023,Townhouse,14329 Long Channel Dr,Germantown,MD,20874,449000,3,3.5,CHURCHILL TWN SECTOR TH,1918,1587,1989,,234,112,Sold,,,https://www.redfin.com/MD/Germantown/14329-Long-Channel-Dr-20874/home/10495622,BRIGHT MLS,MDMC2091422,N,Y,39.1874353,-77.2973835
PAST SALE,September-14-2023,Townhouse,20319 Cider Barrel Dr,Germantown,MD,20876,550000,4,4.5,MARY J BOLAND SUB,1736,1328,2007,,317,87,Sold,,,https://www.redfin.com/MD/Germantown/20319-Cider-Barrel-Dr-20876/home/35616185,BRIGHT MLS,MDMC2100066,N,Y,39.1886539,-77.242637
PAST SALE,September-15-2023,Townhouse,18951 Snow Fields Cir,Germantown,MD,20874,455000,3,3.5,GUNNERS LAKE VILLAGE,1152,1610,1988,,395,96,Sold,,,https://www.redfin.com/MD/Germantown/18951-Snow-Fields-Cir-20874/home/10845360,BRIGHT MLS,MDMC2103390,N,Y,39.1652227,-77.2515747
PAST SALE,May-16-2023,Townhouse,18719 Autumn Mist Dr,Gaithersburg,MD,20878,600000,4,3.5,FOUNTAIN HILLS,2620,1760,1997,,229,102,Sold,,,https://www.redfin.com/MD/Gaithersburg/18719-Autumn-Mist-DR-20878/home/185004695,BRIGHT MLS,MDMC2087670,N,Y,39.16088893,-77.2739904
PAST SALE,May-15-2023,Single Family Residential,18617 Black Kettle Dr,Boyds,MD,20841,860000,5,4.0,HOYLES MILL VILLAGE,4502,9263,2003,,191,73,Sold,,,https://www.redfin.com/MD/Boyds/18617-Black-Kettle-Dr-20841/home/11159089,BRIGHT MLS,MDMC2088618,N,Y,39.1663149,-77.296313
PAST SALE,September-5-2023,Townhouse,20326 Cider Barrel Dr,Germantown,MD,20876,555000,3,3.0,MARY J BOLAND SUB,1720,1708,2010,,323,87,Sold,,,https://www.redfin.com/MD/Germantown/20326-Cider-Barrel-Dr-20876/home/39592434,BRIGHT MLS,MDMC2100440,N,Y,39.1885511,-77.2432459
PAST SALE,October-10-2023,Townhouse,13218 Wonderland Way #391,Germantown,MD,20874,360000,2,2.5,FARMINGDALE CODM,1596,,1985,,226,245,Sold,,,https://www.redfin.com/MD/Germantown/13218-Wonderland-Way-20874/unit-391/home/10619974,BRIGHT MLS,MDMC2106348,N,Y,39.1546489,-77.275883
PAST SALE,June-23-2023,Single Family Residential,17806 Black Stallion Way,Germantown,MD,20874,875000,5,4.5,CLOPPERS MILL WEST,4928,7477,1998,,178,57,Sold,,,https://www.redfin.com/MD/Germantown/17806-Black-Stallion-Way-20874/home/11178595,BRIGHT MLS,MDMC2088098,N,Y,39.15248,-77.2871857
PAST SALE,June-30-2023,Townhouse,19952 Lake Park Dr #104,Germantown,MD,20874,450000,3,3.5,WILLOW COVE TWNHS CODM,1824,,1987,,247,171,Sold,,,https://www.redfin.com/MD/Germantown/19952-Lake-Park-Dr-20874/unit-104/home/10495700,BRIGHT MLS,MDMC2091974,N,Y,39.1838489,-77.2892141
PAST SALE,August-8-2023,Single Family Residential,18845 Porterfield Way,Germantown,MD,20874,724000,4,3.5,FOUNTAIN HILLS,3744,4585,2000,,193,86,Sold,,,https://www.redfin.com/MD/Germantown/18845-Porterfield-Way-20874/home/10882493,BRIGHT MLS,MDMC2096710,N,Y,39.1662927,-77.2734926
PAST SALE,September-8-2023,Townhouse,13601 Deerwater Dr Unit 8-H,Germantown,MD,20874,318623,2,2.0,WAVERLY CODM,1576,,1985,,202,185,Sold,,,https://www.redfin.com/MD/Germantown/13601-Deerwater-Dr-20874/unit-8-H/home/10494091,BRIGHT MLS,MDMC2102312,N,Y,39.192143,-77.279943
PAST SALE,August-21-2023,Single Family Residential,14505 Brookmead Dr,Darnestown,MD,20874,775000,6,3.0,BROOKMEAD,2650,23085,1973,,292,,Sold,,,https://www.redfin.com/MD/Germantown/14505-Brookmead-Dr-20874/home/10606882,BRIGHT MLS,MDMC2101138,N,Y,39.1178094,-77.3019727
PAST SALE,August-2-2023,Townhouse,19830 Celebration Way,Germantown,MD,20874,561000,4,3.5,CHURCHILL TWN SECTOR TH,2336,1925,2002,,240,75,Sold,,,https://www.redfin.com/MD/Germantown/19830-Celebration-Way-20874/home/11173855,BRIGHT MLS,MDMC2095606,N,Y,39.1824504,-77.2681055
PAST SALE,August-9-2023,Townhouse,13342 Rushing Water Way,Germantown,MD,20874,490000,3,3.0,CLOPPER HILLS,1916,1749,1999,,256,102,Sold,,,https://www.redfin.com/MD/Germantown/13342-Rushing-Water-Way-20874/home/10879281,BRIGHT MLS,MDMC2097432,N,Y,39.1587968,-77.2722714
PAST SALE,August-31-2023,Townhouse,13639 Ambassador Dr,Germantown,MD,20874,380000,3,3.0,LANDING GLEN CODM,1079,,1987,,352,175,Sold,,,https://www.redfin.com/MD/Germantown/13639-Ambassador-Dr-20874/unit-13639/home/10495129,BRIGHT MLS,MDMC2095388,N,Y,39.1909838,-77.2834355
PAST SALE,September-18-2023,Single Family Residential,14404 Brookmead Dr,Germantown,MD,20874,599900,4,3.0,BROOKMEAD,2066,20986,1963,,290,,Sold,,,https://www.redfin.com/MD/Germantown/14404-Brookmead-Dr-20874/home/10606019,BRIGHT MLS,MDMC2101942,N,Y,39.1164287,-77.2997959
PAST SALE,August-18-2023,Townhouse,20315 Thunderhead Way,Germantown,MD,20874,400000,3,3.0,CHURCHILL TWN SECTOR TH,2078,1470,1983,,192,124,Sold,,,https://www.redfin.com/MD/Germantown/20315-Thunderhead-Way-20874/home/10493027,BRIGHT MLS,MDMC2099674,N,Y,39.1893002,-77.2700359
PAST SALE,June-16-2023,Single Family Residential,21316 Emerald Dr,Germantown,MD,20876,650000,3,3.5,MILESTONE,2044,6641,1996,,318,58,Sold,,,https://www.redfin.com/MD/Germantown/21316-Emerald-Dr-20876/home/10497901,BRIGHT MLS,MDMC2091598,N,Y,39.204108,-77.2543224
PAST SALE,August-29-2023,Townhouse,13418 Staffordshire Pl,Germantown,MD,20874,400000,3,2.5,CHURCHILL TWN SECTOR TH,1360,1750,1990,,294,97,Sold,,,https://www.redfin.com/MD/Germantown/13418-Staffordshire-Pl-20874/home/10495423,BRIGHT MLS,MDMC2100850,N,Y,39.1933867,-77.2784305
PAST SALE,June-28-2023,Single Family Residential,18403 Beechnut Way,Boyds,MD,20841,985000,5,3.5,KINGS CROSSING,4576,10202,2002,,215,73,Sold,,,https://www.redfin.com/MD/Boyds/18403-Beechnut-Way-20841/home/11179594,BRIGHT MLS,MDMC2092660,N,Y,39.1611496,-77.3024215
PAST SALE,July-31-2023,Townhouse,12145 Amber Ridge Cir,Germantown,MD,20876,490000,4,2.5,MILESTONE CENTER,1560,1490,1998,,314,107,Sold,,,https://www.redfin.com/MD/Germantown/12145-Amber-Ridge-Cir-20876/home/10497758,BRIGHT MLS,MDMC2094892,N,Y,39.1970704,-77.2510448
PAST SALE,September-22-2023,Townhouse,18618 Glen Willow Way,Germantown,MD,20874,390000,3,2.5,STONERIDGE,1532,1277,1979,,255,93,Sold,,,https://www.redfin.com/MD/Germantown/18618-Glen-Willow-Way-20874/home/10774227,BRIGHT MLS,MDMC2104386,N,Y,39.1626641,-77.2710634
PAST SALE,May-11-2023,Single Family Residential,11309 Wacomor Dr,Germantown,MD,20876,559000,4,2.0,CLARKSBURG OUTSIDE,2035,31889,1959,,275,,Sold,,,https://www.redfin.com/MD/Germantown/11309-Wacomor-Dr-20876/home/10490154,BRIGHT MLS,MDMC2086502,N,Y,39.2300506,-77.2346103
PAST SALE,May-16-2023,Single Family Residential,11200 Little Fox Ln,Germantown,MD,20876,660000,4,3.5,SENECA PARK NORTH,3072,9626,1997,,215,33,Sold,,,https://www.redfin.com/MD/Germantown/11200-Little-Fox-Ln-20876/home/10873753,BRIGHT MLS,MDMC2088288,N,Y,39.1764666,-77.2307034
PAST SALE,July-14-2023,Single Family Residential,21209 Emerald Dr,Germantown,MD,20876,765000,4,3.5,MILESTONE,3176,7182,1995,,241,58,Sold,,,https://www.redfin.com/MD/Germantown/21209-Emerald-Dr-20876/home/10496976,BRIGHT MLS,MDMC2096104,N,Y,39.2053827,-77.2524816
PAST SALE,August-9-2023,Townhouse,18532 Eagles Roost Dr,Germantown,MD,20874,430000,3,3.5,STONERIDGE,1532,1611,1979,,281,98,Sold,,,https://www.redfin.com/MD/Germantown/18532-Eagles-Roost-Dr-20874/home/10774082,BRIGHT MLS,MDMC2097696,N,Y,39.1617713,-77.2701292
PAST SALE,October-4-2023,Townhouse,11401 Fruitwood Way #159,Germantown,MD,20876,346000,3,2.5,GRNFLDS OF BRNDRMILL COD,1271,,1983,,272,386,Sold,,,https://www.redfin.com/MD/Germantown/11401-Fruitwood-Way-20876/unit-159/home/10834546,BRIGHT MLS,MDMC2105008,N,Y,39.1850085,-77.2359036
PAST SALE,August-10-2023,Townhouse,11531 Summer Oak Dr,Germantown,MD,20874,418500,3,2.5,GUNNERS LAKE VILLAGE,1818,1974,1980,,230,121,Sold,,,https://www.redfin.com/MD/Germantown/11531-Summer-Oak-Dr-20874/home/10788449,BRIGHT MLS,MDMC2097816,N,Y,39.163789,-77.2409153
PAST SALE,August-10-2023,Townhouse,18161 Metz Dr,Germantown,MD,20874,385000,3,3.0,FARMINGDALE ESTATES,1716,2090,1978,,224,58,Sold,,,https://www.redfin.com/MD/Germantown/18161-Metz-Dr-20874/home/10611083,BRIGHT MLS,MDMC2097682,N,Y,39.153899,-77.27112
PAST SALE,June-22-2023,Townhouse,21033 Sojourn Ct,Germantown,MD,20876,455000,3,3.0,MILESTONE II TOWNHOUSE CODM,2040,,1999,,223,155,Sold,,,https://www.redfin.com/MD/Germantown/21033-Sojourn-Ct-20876/home/12388087,BRIGHT MLS,MDMC2092832,N,Y,39.2037795,-77.2640762
PAST SALE,June-30-2023,Single Family Residential,13620 Parreco Farm Ct,Germantown,MD,20874,685000,4,2.5,CLOPPERS MILL WEST,2598,6973,1999,,264,57,Sold,,,https://www.redfin.com/MD/Darnestown/13620-Parreco-Farm-Ct-20874/home/10632743,BRIGHT MLS,MDMC2092872,N,Y,39.1547635,-77.285908
PAST SALE,August-11-2023,Townhouse,19375 Hottinger Cir,Germantown,MD,20874,380000,3,1.5,GUNNERS VIEW,1532,2400,1984,,248,96,Sold,,,https://www.redfin.com/MD/Germantown/19375-Hottinger-Cir-20874/home/10827267,BRIGHT MLS,MDMC2098162,N,Y,39.1742468,-77.2534483
PAST SALE,October-4-2023,Townhouse,20815 Gaelic Ct #508,Germantown,MD,20874,461000,3,2.5,CLOVERLEAF CENTER II CODM,2160,,1996,,213,140,Sold,,,https://www.redfin.com/MD/Germantown/20815-Gaelic-Ct-20874/unit-508/home/10498293,BRIGHT MLS,MDMC2102806,N,Y,39.1975034,-77.2700247
PAST SALE,September-22-2023,Townhouse,11826 Ashbrook Ct,Germantown,MD,20876,330000,2,1.5,MIDDLEBROOK COMMONS,1338,1952,1982,,247,80,Sold,,,https://www.redfin.com/MD/Germantown/11826-Ashbrook-Ct-20876/home/10805526,BRIGHT MLS,MDMC2104276,N,Y,39.1738331,-77.2433525
PAST SALE,September-5-2023,Townhouse,18901 Snow Fields Cir,Germantown,MD,20874,396900,3,2.0,GUNNERS LAKE VILLAGE,1500,1700,1987,,265,96,Sold,,,https://www.redfin.com/MD/Germantown/18901-Snow-Fields-Cir-20874/home/10845437,BRIGHT MLS,MDMC2099646,N,Y,39.164585,-77.2508517
PAST SALE,August-18-2023,Single Family Residential,14116 Eternity Rd,Germantown,MD,20874,775000,4,3.5,GERMANTOWN ESTATES,3534,10974,1989,,219,73,Sold,,,https://www.redfin.com/MD/Germantown/14116-Eternity-Rd-20874/home/10494490,BRIGHT MLS,MDMC2098916,N,Y,39.1704581,-77.2949038
PAST SALE,October-20-2023,Townhouse,12537 Laurel Grove Pl,Germantown,MD,20874,435000,3,2.5,GUNNERS LAKE VILLAGE,1220,1300,1986,,357,89,Sold,,,https://www.redfin.com/MD/Germantown/12537-Laurel-Grove-Pl-20874/home/10842595,BRIGHT MLS,MDMC2106616,N,Y,39.169523,-77.2588683
PAST SALE,September-6-2023,Townhouse,12861 Climbing Ivy Dr,Germantown,MD,20874,397000,2,2.5,GERMANTOWN VIEW,1344,1525,1983,,295,84,Sold,,,https://www.redfin.com/MD/Germantown/12861-Climbing-Ivy-Dr-20874/home/10813577,BRIGHT MLS,MDMC2100800,N,Y,39.1659331,-77.2669116
PAST SALE,August-21-2023,Townhouse,11418 Beehive Ct,Germantown,MD,20876,465000,3,3.5,CHADSWOOD,2046,3594,1987,,227,73,Sold,,,https://www.redfin.com/MD/Germantown/11418-Beehive-Ct-20876/home/10812992,BRIGHT MLS,MDMC2100376,N,Y,39.1918715,-77.2382822
PAST SALE,May-18-2023,Townhouse,18257 Smoke House Ct,Germantown,MD,20874,345000,3,3.5,PLEASANT FIELDS,1232,1305,1979,,280,98,Sold,,,https://www.redfin.com/MD/Germantown/18257-Smoke-House-Ct-20874/home/10611408,BRIGHT MLS,MDMC2087344,N,Y,39.1548708,-77.2672737
PAST SALE,September-11-2023,Townhouse,18471 Mateny Rd,Germantown,MD,20874,530000,4,3.5,SENECA HILL,1860,2152,2015,,285,105,Sold,,,https://www.redfin.com/MD/Germantown/18471-Mateny-Rd-20874/home/85694966,BRIGHT MLS,MDMC2102148,N,Y,39.1580833,-77.2660683
PAST SALE,October-13-2023,Single Family Residential,13903 Dairy Farm Dr,Boyds,MD,20841,1040,5,4.5,LEAMAN FARM,5684,8165,2010,,0,99,Sold,,,https://www.redfin.com/MD/Boyds/13903-Dairy-Farm-Dr-20841/home/44617506,BRIGHT MLS,MDMC2105102,N,Y,39.1643849,-77.2891586
PAST SALE,September-15-2023,Townhouse,13621 Dover Cliffs Pl,Germantown,MD,20874,422500,3,2.5,BUCKINGHAM STATION CODM*,2418,,2007,,175,362,Sold,,,https://www.redfin.com/MD/Germantown/13621-Dover-Cliffs-Pl-20874/home/12451426,BRIGHT MLS,MDMC2102252,N,Y,39.1774272,-77.2801052
PAST SALE,August-18-2023,Townhouse,18962 Grotto Ln,Germantown,MD,20874,435000,4,3.5,GERMANTOWN VIEW,1844,1467,1985,,236,84,Sold,,,https://www.redfin.com/MD/Germantown/18962-Grotto-Ln-20874/home/10832274,BRIGHT MLS,MDMC2099860,N,Y,39.1673052,-77.2673811
PAST SALE,September-15-2023,Townhouse,18732 Curry Powder Ln,Germantown,MD,20874,348100,3,1.5,GERMANTOWN PARK,1248,2000,1976,,279,170,Sold,,,https://www.redfin.com/MD/Germantown/18732-Curry-Powder-Ln-20874/home/10767393,BRIGHT MLS,MDMC2102546,N,Y,39.1628606,-77.2640693
PAST SALE,September-29-2023,Townhouse,17 Chatterly Ct,Germantown,MD,20874,540000,3,2.5,KINGSVIEW VILLAGE,2318,1760,2001,,233,107,Sold,,,https://www.redfin.com/MD/Germantown/17-Chatterly-Ct-20874/home/11156912,BRIGHT MLS,MDMC2102322,N,Y,39.1520461,-77.2902703
PAST SALE,June-28-2023,Townhouse,19506 Fetlock Dr,Germantown,MD,20874,405000,3,2.5,THE COLONY,1260,1600,1984,,321,77,Sold,,,https://www.redfin.com/MD/Germantown/19506-Fetlock-Dr-20874/home/10815253,BRIGHT MLS,MDMC2093786,N,Y,39.1757416,-77.2611427
PAST SALE,,Townhouse,11425 Stoney Point Pl,Germantown,MD,20876,335000,,2.0,,1148,1400,1985,,292,,,,,https://www.redfin.com/MD/Germantown/11425-Stoney-Point-Pl-20876/home/10800869,,,N,Y,39.1843454,-77.237563
PAST SALE,August-18-2023,Townhouse,18171 Stags Leap Ter,Germantown,MD,20874,535000,3,3.5,VILLAGE OF CLOPPERS MILL,2032,2046,1994,,263,110,Sold,,,https://www.redfin.com/MD/Germantown/18171-Stags-Leap-Ter-20874/home/10630335,BRIGHT MLS,MDMC2099698,N,Y,39.1511115,-77.2745435
PAST SALE,August-4-2023,Townhouse,19967 Dunstable Cir #261,Germantown,MD,20876,314000,2,1.5,SCENERY POINTE CODM,1242,,1992,,253,315,Sold,,,https://www.redfin.com/MD/Germantown/19967-Dunstable-Cir-20876/unit-261/home/10864914,BRIGHT MLS,MDMC2095432,N,Y,39.1832593,-77.2298234
PAST SALE,September-29-2023,Townhouse,14106 Gallop Ter,Germantown,MD,20874,475000,3,3.0,GERMANTOWN ESTATES,1360,1600,1990,,349,88,Sold,,,https://www.redfin.com/MD/Germantown/14106-Gallop-Ter-20874/home/10494764,BRIGHT MLS,MDMC2101034,N,Y,39.1736356,-77.2895
PAST SALE,July-18-2023,Townhouse,20523 Staffordshire Dr,Germantown,MD,20874,395000,3,3.5,CHURCHILL TWN SECTOR TH,1870,1436,1990,,211,97,Sold,,,https://www.redfin.com/MD/Germantown/20523-Staffordshire-Dr-20874/home/10495450,BRIGHT MLS,MDMC2089678,N,Y,39.193562,-77.276949
PAST SALE,May-31-2023,Townhouse,13119 Country Ridge Dr,Germantown,MD,20874,420000,3,3.0,CHURCHILL TWN SECTOR TH,1890,1470,1981,,222,124,Sold,,,https://www.redfin.com/MD/Germantown/13119-Country-Ridge-Dr-20874/home/10492250,BRIGHT MLS,MDMC2086492,N,Y,39.1847876,-77.2704399
PAST SALE,August-7-2023,Single Family Residential,15108 Plainfield Ln,Darnestown,MD,20874,925000,4,3.0,DARNESTOWN OUTSIDE,3456,217800,1981,,268,,Sold,,,https://www.redfin.com/MD/Darnestown/15108-Plainfield-Ln-20874/home/10612794,BRIGHT MLS,MDMC2095032,N,Y,39.087404,-77.3179509
PAST SALE,June-1-2023,Single Family Residential,12921 Summit Ridge Ter,Germantown,MD,20874,750000,4,3.5,GERMANTOWN STATION,3662,6103,1995,,205,124,Sold,,,https://www.redfin.com/MD/Germantown/12921-Summit-Ridge-Ter-20874/home/10869241,BRIGHT MLS,MDMC2085670,N,Y,39.1711572,-77.2702175
PAST SALE,October-13-2023,Single Family Residential,19214 Ranworth Dr,Germantown,MD,20874,705000,4,3.5,KINGSVIEW RIDGE,2132,11088,1994,,331,50,Sold,,,https://www.redfin.com/MD/Germantown/19214-Ranworth-Dr-20874/home/10497216,BRIGHT MLS,MDMC2100332,N,Y,39.1750468,-77.294814
PAST SALE,July-10-2023,Single Family Residential,15014 Spring Meadows Dr,Germantown,MD,20874,1150000,5,5.0,SPRING MEADOWS,6722,87120,1989,,171,,Sold,,,https://www.redfin.com/MD/Germantown/15014-Spring-Meadows-Dr-20874/home/10624542,BRIGHT MLS,MDMC2087968,N,Y,39.1023689,-77.3076948
PAST SALE,September-15-2023,Single Family Residential,11320 Rambling Rd,Gaithersburg,MD,20879,567000,3,3.0,MIDDLEBROOK HILL,2000,10826,1973,,284,,Sold,,,https://www.redfin.com/MD/Gaithersburg/11320-Rambling-Rd-20879/home/10752583,BRIGHT MLS,MDMC2102664,N,Y,39.1672745,-77.2339816
PAST SALE,August-25-2023,Townhouse,13112 Diamond Hill Dr,Germantown,MD,20874,465000,3,2.5,CHURCHILL TWN SECTOR TH,2372,1504,1997,,196,119,Sold,,,https://www.redfin.com/MD/Germantown/13112-Diamond-Hill-Dr-20874/home/10498604,BRIGHT MLS,MDMC2090642,N,Y,39.1955287,-77.2735824
PAST SALE,August-25-2023,Townhouse,12181 Flag Harbor Dr,Germantown,MD,20874,415000,3,2.5,GUNNERS LAKE VILLAGE,1700,1689,1988,,244,96,Sold,,,https://www.redfin.com/MD/Germantown/12181-Flag-Harbor-Dr-20874/home/10849992,BRIGHT MLS,MDMC2099090,N,Y,39.1644632,-77.2536996
PAST SALE,May-30-2023,Townhouse,13823 Crosstie Dr,Germantown,MD,20874,378000,3,2.5,GERMANTOWN ESTATES,1377,870,1997,,275,105,Sold,,,https://www.redfin.com/MD/Germantown/13823-Crosstie-Dr-20874/home/10495772,BRIGHT MLS,MDMC2089562,N,Y,39.1699089,-77.286503
PAST SALE,August-31-2023,Single Family Residential,21004 Scottsbury Dr,Germantown,MD,20876,750000,6,3.5,SENECA CROSSING,3620,7475,1996,,207,42,Sold,,,https://www.redfin.com/MD/Germantown/21004-Scottsbury-Dr-20876/home/10871570,BRIGHT MLS,MDMC2100648,N,Y,39.2023597,-77.241795
PAST SALE,August-31-2023,Single Family Residential,17639 Charity Ln,Germantown,MD,20874,940000,6,3.5,CEDAR CREEK ESTATES,3952,193842,1985,,238,,Sold,,,https://www.redfin.com/MD/Germantown/17639-Charity-Ln-20874/home/10618445,BRIGHT MLS,MDMC2094698,N,Y,39.1505826,-77.2873183
PAST SALE,October-13-2023,Single Family Residential,21303 China Aster Ct,Germantown,MD,20876,735000,4,3.5,MILESTONE,3068,7885,1995,,240,52,Sold,,,https://www.redfin.com/MD/Germantown/21303-China-Aster-Ct-20876/home/10496962,BRIGHT MLS,MDMC2104740,N,Y,39.2057573,-77.2526163
PAST SALE,April-28-2023,Single Family Residential,11216 Minstrel Tune Dr,Germantown,MD,20876,725000,5,3.5,KINGS SQUARE,3255,8424,1990,,223,37,Sold,,,https://www.redfin.com/MD/Germantown/11216-Minstrel-Tune-Dr-20876/home/10856200,BRIGHT MLS,MDMC2081068,N,Y,39.1803339,-77.2324099
PAST SALE,June-2-2023,Single Family Residential,18313 Fable Dr,Boyds,MD,20841,875000,5,4.0,HOYLES MILL VILLAGE,4336,9000,2002,,202,73,Sold,,,https://www.redfin.com/MD/Boyds/18313-Fable-Dr-20841/home/11165720,BRIGHT MLS,MDMC2088890,N,Y,39.1600111,-77.2937368
PAST SALE,August-1-2023,Single Family Residential,21100 Virginia Pine Ter,Germantown,MD,20876,680000,4,2.5,SENECA CROSSING,3056,7371,2000,,223,42,Sold,,,https://www.redfin.com/MD/Germantown/21100-Virginia-Pine-Ter-20876/home/10872379,BRIGHT MLS,MDMC2095734,N,Y,39.2037832,-77.2423788
PAST SALE,July-24-2023,Townhouse,13457 Demetrias Way,Germantown,MD,20874,345000,3,1.5,CHURCHILL TWN SECTOR TH,1120,1040,1983,,308,115,Sold,,,https://www.redfin.com/MD/Germantown/13457-Demetrias-Way-20874/home/10492653,BRIGHT MLS,MDMC2096140,N,Y,39.1807721,-77.2787559
PAST SALE,July-28-2023,Townhouse,18923 Lark Song Ter,Germantown,MD,20874,383000,3,2.5,GERMANTOWN ESTATES,1377,709,1997,,278,105,Sold,,,https://www.redfin.com/MD/Germantown/18923-Lark-Song-Ter-20874/home/10495869,BRIGHT MLS,MDMC2097558,N,Y,39.1690847,-77.2846478
PAST SALE,June-20-2023,Single Family Residential,11723 Scarlet Leaf Cir,Germantown,MD,20876,659900,5,3.5,SENECA CROSSING,2828,8093,1999,,233,42,Sold,,,https://www.redfin.com/MD/Germantown/11723-Scarlet-Leaf-Cir-20876/unit-C/home/10871717,BRIGHT MLS,MDMC2091182,N,Y,39.202604,-77.2432768
PAST SALE,August-29-2023,Townhouse,19348 Churubusco Ln,Germantown,MD,20874,455000,3,3.0,GUNNERS VIEW,1928,1650,2017,,236,96,Sold,,,https://www.redfin.com/MD/Germantown/19348-Churubusco-Ln-20874/home/10830632,BRIGHT MLS,MDMC2098884,N,Y,39.1735998,-77.2515001
PAST SALE,May-23-2023,Single Family Residential,14910 Springfield Rd,Darnestown,MD,20874,960000,4,3.0,DARNESTOWN OUTSIDE,3408,101495,1974,,282,,Sold,,,https://www.redfin.com/MD/Germantown/14910-Springfield-Rd-20874/home/10606234,BRIGHT MLS,MDMC2087922,N,Y,39.0884423,-77.3102977
PAST SALE,September-6-2023,Townhouse,21158 Camomile Ct #120,Germantown,MD,20876,455000,3,2.5,MILESTONE II TOWNHOUSE CODM,2280,,1998,,200,155,Sold,,,https://www.redfin.com/MD/Germantown/21158-Camomile-Ct-20876/unit-120/home/10498955,BRIGHT MLS,MDMC2099478,N,Y,39.2035264,-77.2654006
PAST SALE,June-23-2023,Single Family Residential,18989 Abbotsford Cir,Germantown,MD,20876,525000,4,2.5,FOX CHAPEL,2070,13589,1970,,254,,Sold,,,https://www.redfin.com/MD/Germantown/18989-Abbotsford-Cir-20876/home/10744892,BRIGHT MLS,MDMC2091354,N,Y,39.1670227,-77.2389212
PAST SALE,July-27-2023,Single Family Residential,10633 Wayridge Dr,Montgomery Village,MD,20886,572000,3,2.0,STEDWICK,1804,8159,1973,,317,134,Sold,,,https://www.redfin.com/MD/Montgomery-Village/10633-Wayridge-Dr-20886/home/10742040,BRIGHT MLS,MDMC2089540,N,Y,39.1748551,-77.2197903
PAST SALE,June-16-2023,Single Family Residential,4 Brook Run Ct,Germantown,MD,20876,720000,4,2.5,NEELSVILLE ESTATES,3401,7795,1995,,212,47,Sold,,,https://www.redfin.com/MD/Germantown/4-Brook-Run-Ct-20876/home/10857838,BRIGHT MLS,MDMC2090846,N,Y,39.1946482,-77.235688
PAST SALE,July-6-2023,Townhouse,13576 Station St #13576,Germantown,MD,20874,398000,3,2.5,BUCKINGHAM STATION CODM*,2176,,2008,,183,366,Sold,,,https://www.redfin.com/MD/Germantown/13576-Station-St-20874/unit-13576/home/23460419,BRIGHT MLS,MDMC2093310,N,Y,39.1774714,-77.2790212
PAST SALE,May-19-2023,Single Family Residential,18408 Kingshill Rd,Germantown,MD,20874,660000,4,2.5,KINGSVIEW KNOLLS,3143,20000,1964,,210,,Sold,,,https://www.redfin.com/MD/Germantown/18408-Kingshill-Rd-20874/home/10608168,BRIGHT MLS,MDMC2086026,N,Y,39.1579662,-77.2896991
PAST SALE,June-12-2023,Townhouse,18104 Metz Dr,Germantown,MD,20874,377500,3,2.5,FARMINGDALE ESTATES,1144,2090,1979,,330,58,Sold,,,https://www.redfin.com/MD/Germantown/18104-Metz-Dr-20874/home/10611197,BRIGHT MLS,MDMC2089532,N,Y,39.1529832,-77.2725318
PAST SALE,August-8-2023,Single Family Residential,17507 Carlson Farm Ct,Germantown,MD,20874,1000000,5,4.5,BROWNSTOWN ESTATES,6672,20424,2003,,150,93,Sold,,,https://www.redfin.com/MD/Germantown/17507-Carlson-Farm-Ct-20874/home/11199627,BRIGHT MLS,MDMC2095226,N,Y,39.1430235,-77.2882384
PAST SALE,May-1-2023,Townhouse,13208 Trimfield Ln,Germantown,MD,20874,399000,3,2.5,CHURCHILL TWN SECTOR TH,1638,2240,1982,,244,123,Sold,,,https://www.redfin.com/MD/Germantown/13208-Trimfield-Ln-20874/home/10492762,BRIGHT MLS,MDMC2083270,N,Y,39.186745,-77.2719091
PAST SALE,June-6-2023,Single Family Residential,20416 Boland Farm Rd,Germantown,MD,20876,1050000,6,4.5,CLARKSBURG OUTSIDE,6312,61235,2005,,166,113,Sold,,,https://www.redfin.com/MD/Germantown/20416-Boland-Farm-Rd-20876/home/28572986,BRIGHT MLS,MDMC2084406,N,Y,39.191417,-77.2514264
PAST SALE,September-13-2023,Townhouse,20312 Cedarhurst Way,Germantown,MD,20876,460000,3,2.5,BRANDERMILL,1840,1400,1988,,250,111,Sold,,,https://www.redfin.com/MD/Germantown/20312-Cedarhurst-Way-20876/home/10803013,BRIGHT MLS,MDMC2099898,N,Y,39.1912726,-77.2394834
PAST SALE,,Townhouse,18719 Autumn Mist Dr,Germantown,MD,20874,600000,,3.5,,2620,1760,1997,,229,,,,,https://www.redfin.com/MD/Germantown/18719-Autumn-Mist-Dr-20874/home/10876204,,,N,Y,39.160964,-77.2740209
PAST SALE,,Condo/Co-op,12919 Woodcutter Cir #108,Germantown,MD,20876,525000,,,,2688,,1998,,195,,,,,https://www.redfin.com/MD/Germantown/12919-Woodcutter-Cir-20876/unit-108/home/10499041,,,N,Y,39.2066137,-77.2675668
PAST SALE,July-7-2023,Townhouse,11110 Black Forest Way,Gaithersburg,MD,20879,345000,3,1.5,SENECA PARK,1240,1500,1985,,278,104,Sold,,,https://www.redfin.com/MD/Gaithersburg/11110-Black-Forest-Way-20879/home/10817696,BRIGHT MLS,MDMC2091228,N,Y,39.1692752,-77.2309448
