PAST SALE,May-22-2023,Townhouse,8300 Ashford Blvd,Laurel,MD,20707,410000,3,3.0,ASHFORD,1752,2419,1985,,234,50,Sold,,,https://www.redfin.com/MD/Laurel/8300-Ashford-Blvd-20707/home/10723048,BRIGHT MLS,MDPG2075534,N,Y,39.0955736,-76.8633515
PAST SALE,June-30-2023,Townhouse,7621 Arbory Ct #71,Laurel,MD,20707,345000,3,2.5,ARBORY CONDO PHASE SIX-RESUB,1283,,1978,,269,230,Sold,,,https://www.redfin.com/MD/Laurel/7621-Arbory-Ct-20707/unit-71/home/10725366,BRIGHT MLS,MDPG2077842,N,Y,39.1012328,-76.8740174
PAST SALE,July-17-2023,Single Family Residential,12601 N Point Ln,Laurel,MD,20708,570000,5,2.5,MONTPELIER WEST-PLAT 3>,2288,9395,1975,,249,,Sold,,,https://www.redfin.com/MD/Laurel/12601-N-Point-Ln-20708/home/10722149,BRIGHT MLS,MDPG2081126,N,Y,39.0635253,-76.8609929
PAST SALE,June-6-2023,Townhouse,9332 Cabot Ct,Laurel,MD,20723,415000,4,3.0,SETTLERS LANDING,1902,1829,1986,,218,60,Sold,,,https://www.redfin.com/MD/Laurel/9332-Cabot-Ct-20723/home/10176160,BRIGHT MLS,MDHW2027170,N,Y,39.1126312,-76.8535602
PAST SALE,May-19-2023,Single Family Residential,9313 Kings Grant Rd,Laurel,MD,20723,657000,5,3.5,KINGS WOODS,2688,6708,1990,,244,18,Sold,,,https://www.redfin.com/MD/Laurel/9313-Kings-Grant-Rd-20723/home/10191069,BRIGHT MLS,MDHW2026984,N,Y,39.1231864,-76.8340078
PAST SALE,June-28-2023,Single Family Residential,12304 Tavistock Ct,Laurel,MD,20708,667000,4,3.5,SNOWDEN WOODS-PLAT 1>,2660,10682,2001,,251,29,Sold,,,https://www.redfin.com/MD/Laurel/12304-Tavistock-Ct-20708/home/10738972,BRIGHT MLS,MDPG2077698,N,Y,39.0583698,-76.8613983
PAST SALE,June-2-2023,Townhouse,8602 Indian Springs Rd,Laurel,MD,20724,415000,3,3.0,RUSSETT,2136,2035,1992,,194,99,Sold,,,https://www.redfin.com/MD/Laurel/8602-Indian-Springs-Rd-20724/home/10368376,BRIGHT MLS,MDAA2057096,N,Y,39.1012618,-76.8111657
PAST SALE,May-12-2023,Single Family Residential,9307 Sydney Way,Laurel,MD,20723,738000,4,3.0,HONEYSUCKLE RIDGE,2682,6202,2019,,275,74,Sold,,,https://www.redfin.com/MD/Laurel/9307-Sydney-Way-20723/home/165867152,BRIGHT MLS,MDHW2026768,N,Y,39.1156627,-76.8695963
PAST SALE,August-25-2023,Townhouse,14101 Oakpointe Dr,Laurel,MD,20707,415000,3,2.5,LAUREL LAKES PLAT 3,1410,2276,1987,,294,35,Sold,,,https://www.redfin.com/MD/Laurel/14101-Oakpointe-Dr-20707/home/10719105,BRIGHT MLS,MDPG2083642,N,Y,39.0866142,-76.8698204
PAST SALE,October-23-2023,Townhouse,14503 Hampstead Way,Laurel,MD,20707,630000,4,4.0,FAIRLAND PARK,3280,2050,2015,,192,124,Sold,,,https://www.redfin.com/MD/Laurel/14503-Hampstead-Way-20707/home/52904837,BRIGHT MLS,MDPG2089818,N,Y,39.087729,-76.9182904
PAST SALE,August-15-2023,Single Family Residential,8643 Eastern Morning Run,Laurel,MD,20723,810000,4,3.5,Laurel,4362,6919,2005,,186,88,Sold,,,https://www.redfin.com/MD/Laurel/8643-Eastern-Morning-Run-20723/home/10217436,BRIGHT MLS,MDHW2029424,N,Y,39.1384367,-76.8604073
PAST SALE,July-11-2023,Townhouse,10138 American Pharoah Ln Unit B,Laurel,MD,20723,540000,3,2.5,PADDOCK POINTE,2391,,2021,,226,210,Sold,,,https://www.redfin.com/MD/Laurel/10138-American-Pharoah-Ln-20723/unit-B/home/174566176,BRIGHT MLS,MDHW2028246,N,Y,39.1070404,-76.836174
PAST SALE,August-8-2023,Single Family Residential,12809 Golden Oak Dr,Laurel,MD,20708,525000,5,3.5,MONTPELIER FOREST-PLAT 3>,3512,9947,1982,,149,,Sold,,,https://www.redfin.com/MD/Laurel/12809-Golden-Oak-Dr-20708/home/10731652,BRIGHT MLS,MDPG2084232,N,Y,39.0663706,-76.8655874
PAST SALE,September-8-2023,Townhouse,12143 Dove Cir,Laurel,MD,20708,360000,4,2.5,PHEASANT RUN,1672,3294,1971,,215,167,Sold,,,https://www.redfin.com/MD/Laurel/12143-Dove-Cir-20708/home/10715189,BRIGHT MLS,MDPG2085708,N,Y,39.057253,-76.8341137
PAST SALE,October-19-2023,Single Family Residential,16103 Roblynn Ct,Laurel,MD,20707,525000,5,2.5,BOND MILL PARK,2388,11558,1966,,220,,Sold,,,https://www.redfin.com/MD/Laurel/16103-Roblynn-Ct-20707/home/10730141,BRIGHT MLS,MDPG2089570,N,Y,39.1100779,-76.8989828
PAST SALE,August-24-2023,Single Family Residential,14001 Westmeath Dr,Laurel,MD,20707,775000,4,2.5,THE VILLAGES AT WELLINGTON PLAT 1>,3428,11865,2006,,226,43,Sold,,,https://www.redfin.com/MD/Laurel/14001-Westmeath-Dr-20707/home/11151694,BRIGHT MLS,MDPG2083456,N,Y,39.0828067,-76.8783068
PAST SALE,May-12-2023,Townhouse,8326 Berry Pl #157,Laurel,MD,20723,525000,3,3.0,CHERRYTREE PARK,2292,,2007,,229,135,Sold,,,https://www.redfin.com/MD/Laurel/8326-Berry-Pl-20723/unit-157/home/17406717,BRIGHT MLS,MDHW2026244,N,Y,39.1401349,-76.9032291
PAST SALE,May-12-2023,Townhouse,1009 Overlook Way,Laurel,MD,20707,495000,3,2.5,LAUREL OVERLOOK,1600,,2021,,309,100,Sold,,,https://www.redfin.com/MD/Laurel/1009-Overlook-Way-20707/home/174579302,BRIGHT MLS,MDPG2074830,N,Y,39.0913042,-76.8888278
PAST SALE,June-15-2023,Single Family Residential,13709 Vanderbilt Way,Laurel,MD,20707,650000,4,3.5,LAUREL RIDGE,2808,10982,2010,,231,50,Sold,,,https://www.redfin.com/MD/Laurel/13709-Vanderbilt-Way-20707/home/12483514,BRIGHT MLS,MDPG2076922,N,Y,39.078937,-76.8733347
PAST SALE,June-30-2023,Townhouse,9300 Ridings Way,Laurel,MD,20723,450000,3,3.0,SAVAGE MEADOWS,2178,3053,1993,,207,46,Sold,,,https://www.redfin.com/MD/Laurel/9300-Ridings-Way-20723/home/10196854,BRIGHT MLS,MDHW2029036,N,Y,39.1285408,-76.8332081
PAST SALE,August-24-2023,Single Family Residential,408 Forest Bridge Ct,Laurel,MD,20724,439900,3,3.0,BROCK BRIDGE ESTATES,1564,9886,1992,,281,11,Sold,,,https://www.redfin.com/MD/Laurel/408-Forest-Bridge-Ct-20724/home/10324890,BRIGHT MLS,MDAA2065122,N,Y,39.0836797,-76.8263031
PAST SALE,September-20-2023,Townhouse,10115 Seattle Slew Ln Unit B,Laurel,MD,20723,489900,3,2.5,PADDOCK POINTE,2526,,2021,,194,220,Sold,,,https://www.redfin.com/MD/Laurel/10115-Seattle-Slew-Ln-20723/unit-B/home/176156279,BRIGHT MLS,MDHW2031374,N,Y,39.1074746,-76.8361371
PAST SALE,June-7-2023,Single Family Residential,15410 Bond Mill Rd,Laurel,MD,20707,440000,3,2.0,WEST LAUREL ACRES-RESUB OF LOT 3 BLK A,962,20510,1954,,457,,Sold,,,https://www.redfin.com/MD/Laurel/15410-Bond-Mill-Rd-20707/home/10727080,BRIGHT MLS,MDPG2065014,N,Y,39.1039331,-76.9027879
PAST SALE,October-17-2023,Single Family Residential,911 Montgomery St,Laurel,MD,20707,437000,3,1.5,LAUREL,1456,11330,1933,,300,,Sold,,,https://www.redfin.com/MD/Laurel/911-Montgomery-St-20707/home/10720403,BRIGHT MLS,MDPG2090750,N,Y,39.1073819,-76.8590559
PAST SALE,August-14-2023,Single Family Residential,1101 Snowden Pl,Laurel,MD,20707,250000,3,1.0,BROWNS SUB,1200,7605,1947,,208,,Sold,,,https://www.redfin.com/MD/Laurel/1101-Snowden-Pl-20707/home/10737187,BRIGHT MLS,MDPG2086436,N,Y,39.1070608,-76.8632452
PAST SALE,August-10-2023,Townhouse,9600 Homestead Ct Unit E,Laurel,MD,20723,233000,2,1.5,WHISKEY BOTTOM,920,,1974,,253,359,Sold,,,https://www.redfin.com/MD/Laurel/9600-Homestead-Ct-20723/unit-E/home/10159555,BRIGHT MLS,MDHW2030322,N,Y,39.1171172,-76.8436718
PAST SALE,May-19-2023,Townhouse,3364 Watershed Blvd,Laurel,MD,20724,591809,4,3.5,ARUNDEL GATEWAY,2588,2038,2023,,229,110,Sold,,,https://www.redfin.com/MD/Laurel/3364-Watershed-Blvd-20724/home/174484761,BRIGHT MLS,MDAA2063732,N,Y,39.086528,-76.786129
PAST SALE,July-26-2023,Townhouse,3356 Cormorant Dr,Laurel,MD,20724,527350,3,3.0,ARUNDEL GATEWAY,1948,2038,2023,,271,110,Sold,,,https://www.redfin.com/MD/Laurel/3356-Cormorant-Dr-20724/home/174484679,BRIGHT MLS,MDAA2055038,N,Y,39.087167,-76.78647
PAST SALE,June-15-2023,Townhouse,3308 Streamlet Ln,Laurel,MD,20724,647328,4,4.5,WATERSHED,,1320,2023,,,110,Sold,,,https://www.redfin.com/MD/Laurel/3308-Streamlet-Ln-20724/home/184599768,BRIGHT MLS,MDAA2068340,N,Y,39.088643,-76.778637
PAST SALE,August-25-2023,Townhouse,306 Backwater Way,Laurel,MD,20724,658280,3,3.0,ARUNDEL GATEWAY,2714,1920,2023,,243,9,Sold,,,https://www.redfin.com/MD/Laurel/306-Backwater-WAY-Unknown/home/185954315,BRIGHT MLS,MDAA2063764,N,Y,39.08992161,-76.78821639
PAST SALE,August-24-2023,Townhouse,304 Backwater Way,Laurel,MD,20724,685608,4,3.5,ARUNDEL GATEWAY,2714,2038,2023,,253,110,Sold,,,https://www.redfin.com/MD/Laurel/304-Backwater-WAY-Unknown/home/184626384,BRIGHT MLS,MDAA2055044,N,Y,39.08999962,-76.78783201
PAST SALE,September-6-2023,Townhouse,14847 Willow Run Ln,Laurel,MD,20707,552380,3,2.5,WESTSIDE,2239,,2023,,247,121,Sold,,,https://www.redfin.com/MD/Laurel/14847-Willow-Run-Ln-20707/home/174579413,BRIGHT MLS,MDPG2072312,N,Y,39.084558,-76.890267
PAST SALE,,Condo/Co-op,11446 Laurelwalk Dr #100,Laurel,MD,20708,151000,,,,1315,,1973,,115,,,,,https://www.redfin.com/MD/Laurel/11446-Laurelwalk-Dr-20708/unit-100/home/10734131,,,N,Y,39.0459286,-76.8400159
PAST SALE,October-16-2023,Townhouse,3400 Watershed Blvd,Laurel,MD,20724,612468,3,3.0,ARUNDEL GATEWAY,2504,2038,2023,,245,110,Sold,,,https://www.redfin.com/MD/Laurel/3400-Watershed-Blvd-20724/home/174484714,BRIGHT MLS,MDAA2055556,N,Y,39.0871009,-76.787351
PAST SALE,,Townhouse,8521 Potomac Creek Rd,Laurel,MD,20724,295000,,2.5,,2170,1980,1993,,136,,,,,https://www.redfin.com/MD/Laurel/8521-Potomac-Creek-Rd-20724/home/10369070,,,N,Y,39.101171,-76.8075981
PAST SALE,September-21-2023,Townhouse,3388 Watershed Blvd,Laurel,MD,20724,668514,4,4.0,ARUNDEL GATEWAY,2588,2038,2023,,258,110,Sold,,,https://www.redfin.com/MD/Laurel/3388-Watershed-Blvd-20724/home/174484708,BRIGHT MLS,MDAA2055052,N,Y,39.086781,-76.787173
PAST SALE,September-26-2023,Townhouse,3392 Watershed Blvd,Laurel,MD,20724,504815,4,3.5,ARUNDEL GATEWAY,2028,2038,2023,,249,105,Sold,,,https://www.redfin.com/MD/Laurel/3392-Watershed-Blvd-20724/home/174484710,BRIGHT MLS,MDAA2064890,N,Y,39.086889,-76.787239
PAST SALE,June-28-2023,Single Family Residential,9122 Giddings Crse,Laurel,MD,20723,769500,5,2.5,Laurel,,8730,,,,48,Sold,,,https://www.redfin.com/MD/Laurel/9122-Giddings-Xing-20723/home/174790080,BRIGHT MLS,MDHW2030310,N,Y,39.1221141,-76.8615898
PAST SALE,September-26-2023,Townhouse,3394 Watershed Blvd,Laurel,MD,20724,542420,4,3.5,ARUNDEL GATEWAY,2028,2038,2023,,267,110,Sold,,,https://www.redfin.com/MD/Laurel/3394-Watershed-Blvd-20724/home/174484711,BRIGHT MLS,MDAA2057078,N,Y,39.08694,-76.787265
PAST SALE,July-27-2023,Townhouse,3358 Cormorant Dr,Laurel,MD,20724,524070,3,3.5,ARUNDEL GATEWAY,1948,2038,2023,,269,110,Sold,,,https://www.redfin.com/MD/Laurel/3358-Cormorant-Dr-20724/home/174484681,BRIGHT MLS,MDAA2055056,N,Y,39.087212,-76.786509
PAST SALE,October-13-2023,Townhouse,3387 Watershed Blvd,Laurel,MD,20724,629116,3,3.0,ARUNDEL GATEWAY,2558,2038,2023,,246,110,Sold,,,https://www.redfin.com/MD/Laurel/3387-Watershed-Blvd-20724/home/174484691,BRIGHT MLS,MDAA2056444,N,Y,39.086903,-76.786751
PAST SALE,June-19-2023,Townhouse,7701 Cultivator Rd,Laurel,MD,20723,694530,4,4.0,WELLINGTON,2178,2046,2023,,319,95,Sold,,,https://www.redfin.com/MD/Laurel/7701-Cultivator-RD-Unknown/home/182378281,BRIGHT MLS,MDHW2022312,N,Y,39.14701692,-76.86659415
PAST SALE,May-5-2023,Townhouse,250 Alluvium Dr,Laurel,MD,20724,724900,5,4.5,WATERSHED,2803,2106,2023,,259,110,Sold,,,https://www.redfin.com/MD/Laurel/250-Alluvium-Dr-20724/home/184599662,BRIGHT MLS,MDAA2066354,N,Y,39.089243,-76.779192
PAST SALE,April-28-2023,Townhouse,3360 Watershed Blvd,Laurel,MD,20724,529840,3,3.0,ARUNDEL GATEWAY,2028,2038,2023,,261,110,Sold,,,https://www.redfin.com/MD/Laurel/3360-Watershed-Blvd-20724/home/174484756,BRIGHT MLS,MDAA2056964,N,Y,39.08653,-76.785865
PAST SALE,July-7-2023,Townhouse,14831 Willow Run Ln,Laurel,MD,20708,541785,3,2.5,WESTSIDE,2239,,2023,,242,121,Sold,,,https://www.redfin.com/MD/Laurel/14831-Willow-Run-Ln-20707/home/174579454,BRIGHT MLS,MDPG2069304,N,Y,39.084644,-76.889376
PAST SALE,September-27-2023,Townhouse,3398 Watershed Blvd,Laurel,MD,20724,534440,3,3.0,ARUNDEL GATEWAY,2028,2038,2023,,264,110,Sold,,,https://www.redfin.com/MD/Laurel/3398-Watershed-Blvd-20724/home/174484713,BRIGHT MLS,MDAA2055024,N,Y,39.087041,-76.7873199
PAST SALE,,Townhouse,9376 Steeple Ct,Laurel,MD,20723,400000,,3.5,,1960,1785,1993,,204,,,,,https://www.redfin.com/MD/Laurel/9376-Steeple-Ct-20723/home/10195411,,,N,Y,39.130412,-76.8309979
PAST SALE,August-14-2023,Single Family Residential,1210 Patuxent Greens Dr,Laurel,MD,20708,501855,3,2.0,Laurel,,2127,2023,,,156,Sold,,,https://www.redfin.com/MD/Laurel/1210-Patuxent-Greens-Dr-20708/home/171291079,BRIGHT MLS,MDPG2087668,N,Y,39.084929,-76.840366
PAST SALE,September-29-2023,Townhouse,9326 Palmer Pl #19,Laurel,MD,20708,230000,3,1.5,THE VILLAGE AT GREENS OF PATUXENT CONDO PH 1B>,1358,,1986,,169,400,Sold,,,https://www.redfin.com/MD/Laurel/9326-Palmer-Pl-20708/unit-19/home/10724613,BRIGHT MLS,MDPG2090522,N,Y,39.0900135,-76.8437064
PAST SALE,June-27-2023,Single Family Residential,7538 Zoe Ln,Laurel,MD,20723,1109305,4,4.5,Laurel,,8283,2023,,,,Sold,,,https://www.redfin.com/MD/Laurel/7538-Zoe-Ln-20723/home/184788847,BRIGHT MLS,MDHW2033428,N,Y,39.1466294,-76.8654067
PAST SALE,October-11-2023,Townhouse,3395 Watershed Blvd,Laurel,MD,20724,631017,3,4.0,ARUNDEL GATEWAY,2558,2038,2023,,247,110,Sold,,,https://www.redfin.com/MD/Laurel/3395-Watershed-Blvd-20724/home/174484696,BRIGHT MLS,MDAA2057072,N,Y,39.087108,-76.786899
PAST SALE,May-31-2023,Townhouse,3374 Watershed Blvd,Laurel,MD,20724,612602,6,3.5,WATERSHED,,2214,,,,110,Sold,,,https://www.redfin.com/MD/Laurel/3374-Watershed-Blvd-20724/home/174484769,BRIGHT MLS,MDAA2061728,N,Y,39.086566,-76.786502
PAST SALE,September-12-2023,Townhouse,1105 Patuxent Greens Dr,Laurel,MD,20708,487805,3,2.5,PATUXENT GREENS,2030,,2023,,240,136,Sold,,,https://www.redfin.com/MD/Laurel/1105-Patuxent-Greens-Dr-20708/home/171291235,BRIGHT MLS,MDPG2068892,N,Y,39.088271,-76.841136
PAST SALE,July-24-2023,Townhouse,213 Lyons Creek Dr,Laurel,MD,20708,508475,3,2.5,PATUXENT GREENS,2030,,2023,,250,136,Sold,,,https://www.redfin.com/MD/Laurel/213-Lyons-Creek-Dr-20708/home/171291052,BRIGHT MLS,MDPG2067414,N,Y,39.084216,-76.8399869
PAST SALE,,Single Family Residential,12815 Fernwood Turn,Laurel,MD,20708,505000,,2.5,,1980,16211,1967,,255,,,,,https://www.redfin.com/MD/Laurel/12815-Fernwood-Turn-20708/home/10727473,,,N,Y,39.0672404,-76.846938
PAST SALE,June-28-2023,Townhouse,3415 Watershed Blvd,Laurel,MD,20724,630508,3,3.5,ARUNDEL GATEWAY,2558,2038,2023,,246,110,Sold,,,https://www.redfin.com/MD/Laurel/3415-Watershed-Blvd-20724/home/174484706,BRIGHT MLS,MDAA2057058,N,Y,39.087693,-76.787218
PAST SALE,,Single Family Residential,8512 Willow Wisp Ct,Laurel,MD,20723,760000,,3.5,,3550,14002,1996,,214,,,,,https://www.redfin.com/MD/Laurel/8512-Willow-Wisp-Ct-20723/home/10199319,,,N,Y,39.1409646,-76.8881523
PAST SALE,July-3-2023,Townhouse,191 Lyons Creek Dr,Laurel,MD,20708,510960,3,2.5,PATUXENT GREENS,,1738,2023,,,156,Sold,,,https://www.redfin.com/MD/Laurel/191-Lyons-Creek-Dr-20708/home/171291083,BRIGHT MLS,MDPG2083692,N,Y,39.08496,-76.839975
PAST SALE,July-27-2023,Townhouse,1108 Overlook Way,Laurel,MD,20707,550207,3,2.5,LAUREL OVERLOOK,,,2023,,,100,Sold,,,https://www.redfin.com/MD/Laurel/1108-Overlook-Way-20707/home/174579216,BRIGHT MLS,MDPG2092604,N,Y,39.090303,-76.890921
PAST SALE,August-8-2023,Townhouse,3405 Watershed Blvd,Laurel,MD,20724,592511,4,3.5,ARUNDEL GATEWAY,2558,2038,2023,,232,110,Sold,,,https://www.redfin.com/MD/Laurel/3405-Watershed-Blvd-20724/home/174484700,BRIGHT MLS,MDAA2054416,N,Y,39.087384,-76.787063
PAST SALE,August-29-2023,Single Family Residential,8210 Willow St,Laurel,MD,20707,419000,3,2.0,OAK CREST,1728,7500,1981,,242,,Sold,,,https://www.redfin.com/MD/Laurel/8210-Willow-St-20707/home/10710732,BRIGHT MLS,MDPG2088890,N,Y,39.0794245,-76.8640416
PAST SALE,June-26-2023,Townhouse,3368 Cormorant Dr,Laurel,MD,20724,525260,4,3.5,ARUNDEL GATEWAY,1948,2038,2023,,270,110,Sold,,,https://www.redfin.com/MD/Laurel/3368-Cormorant-Dr-20724/home/174484688,BRIGHT MLS,MDAA2055560,N,Y,39.087524,-76.78671
PAST SALE,May-26-2023,Single Family Residential,116 Linden Ridge Rd,Laurel,MD,20724,604000,4,3.0,RUSSETT,2652,5826,1992,,228,85,Sold,,,https://www.redfin.com/MD/Laurel/116-Linden-Ridge-Rd-20724/home/12523950,BRIGHT MLS,MDAA2056808,N,Y,39.108289,-76.805958
PAST SALE,,Townhouse,9350 Canterbury Riding #15,Laurel,MD,20723,257000,,2.5,,1438,145490,1978,,179,,,,,https://www.redfin.com/MD/Laurel/9350-Canterbury-Riding-20723/unit-15/home/10163857,,,N,Y,39.123845,-76.8459
PAST SALE,May-26-2023,Townhouse,9304 Sombersby Ct,Laurel,MD,20723,350000,3,2.5,BOWLING BROOK FARMS,1768,2526,1991,,198,16,Sold,,,https://www.redfin.com/MD/Laurel/9304-Sombersby-Ct-20723/home/10193777,BRIGHT MLS,MDHW2028804,N,Y,39.1329182,-76.8338276
PAST SALE,,Condo/Co-op,7512 N Arbory Way #488,Laurel,MD,20707,270000,,,,1148,,1978,,235,,,,,https://www.redfin.com/MD/Laurel/7512-N-Arbory-Way-20707/unit-488/home/10725408,,,N,Y,39.1014175,-76.874364
PAST SALE,,Townhouse,7223 Ivy Bank Rd,Laurel,MD,20707,410000,,3.0,,1496,3031,2004,,274,,,,,https://www.redfin.com/MD/Laurel/7223-Ivy-Bank-Rd-20707/home/11135082,,,N,Y,39.0768533,-76.8809554
PAST SALE,,Single Family Residential,8922 Snow Acres Dr,Laurel,MD,20708,186000,,2.0,,988,8125,1965,,188,,,,,https://www.redfin.com/MD/Laurel/8922-Snow-Acres-Dr-20708/home/10735778,,,N,Y,39.0843161,-76.8482895
PAST SALE,,Townhouse,9249 Redbridge Ct,Laurel,MD,20723,293000,,1.5,,1230,1306,1985,,238,,,,,https://www.redfin.com/MD/Laurel/9249-Redbridge-Ct-20723/home/10176721,,,N,Y,39.115675,-76.8540445
PAST SALE,September-27-2023,Townhouse,3390 Watershed Blvd,Laurel,MD,20724,547110,3,3.0,ARUNDEL GATEWAY,2028,2038,2023,,270,110,Sold,,,https://www.redfin.com/MD/Laurel/3390-Watershed-Blvd-20724/home/174484709,BRIGHT MLS,MDAA2058708,N,Y,39.086839,-76.787211
PAST SALE,April-28-2023,Single Family Residential,15510 Clayburn,Laurel,MD,20707,600000,4,3.5,COLESVILLE OUTSIDE,2708,12655,1996,,222,78,Sold,,,https://www.redfin.com/MD/Laurel/15510-Clayburn-Dr-20707/home/10604549,BRIGHT MLS,MDMC2087072,N,Y,39.1044293,-76.9085516
PAST SALE,May-25-2023,Townhouse,3327 Watershed Blvd,Laurel,MD,20725,485695,4,3.5,LAUREL,1700,,,,286,105,Sold,,,https://www.redfin.com/MD/Laurel/3327-Watershed-Blvd-20724/home/185672183,BRIGHT MLS,MDPG2080770,N,Y,39.0874637,-76.7841689
PAST SALE,August-7-2023,Townhouse,3399 Watershed Blvd,Laurel,MD,20724,575859,4,3.5,ARUNDEL GATEWAY,2558,2038,2023,,225,110,Sold,,,https://www.redfin.com/MD/Laurel/3399-Watershed-Blvd-20724/home/174484697,BRIGHT MLS,MDAA2055772,N,Y,39.087215,-76.786975
PAST SALE,,Single Family Residential,320 2nd St,Laurel,MD,20707,1400000,,4.0,,3949,28581,1893,,355,,,,,https://www.redfin.com/MD/Laurel/320-2nd-St-20707/home/143703369,,,N,Y,39.1003136,-76.8454963
PAST SALE,June-26-2023,Townhouse,14716 Spring Haven Ln,Laurel,MD,20707,495285,3,2.5,WESTSIDE,2239,,2023,,221,121,Sold,,,https://www.redfin.com/MD/Laurel/14716-Spring-Haven-Ln-20707/home/174579449,BRIGHT MLS,MDPG2067408,N,Y,39.084396,-76.88938
PAST SALE,September-28-2023,Townhouse,1726 Mill Branch Dr,Laurel,MD,20708,494080,3,2.5,PATUXENT GREENS,1741,,,,284,137,Sold,,,https://www.redfin.com/MD/Laurel/1726-Ml-Br-Dr-20708/home/180672000,BRIGHT MLS,MDPG2046382,N,Y,39.085606,-76.840602
PAST SALE,,Townhouse,8236 Styers Ct,Laurel,MD,20723,300000,,1.5,,1280,1698,1983,,234,,,,,https://www.redfin.com/MD/Laurel/8236-Styers-Ct-20723/home/10168674,,,N,Y,39.1456324,-76.8757752
PAST SALE,June-28-2023,Single Family Residential,8318 Sand Cherry Ln,Laurel,MD,20723,610000,4,2.5,Laurel,2314,14418,1990,,264,,Sold,,,https://www.redfin.com/MD/Laurel/8318-Sand-Cherry-Ln-20723/home/10189030,BRIGHT MLS,MDHW2030380,N,Y,39.1417956,-76.8968438
PAST SALE,,Townhouse,9195 Hitching Post Ln Unit E,Laurel,MD,20723,130000,,1.5,,840,9,1973,,155,,,,,https://www.redfin.com/MD/Laurel/9195-Hitching-Post-Ln-20723/unit-E/home/10154417,,,N,Y,39.118529,-76.8461139
PAST SALE,September-15-2023,Townhouse,302 Backwater Way,Laurel,MD,20724,663167,3,3.0,ARUNDEL GATEWAY,2714,1920,2023,,244,110,Sold,,,https://www.redfin.com/MD/Laurel/302-Backwater-WAY-Unknown/home/185954141,BRIGHT MLS,MDAA2063760,N,Y,39.09009315,-76.78824429
PAST SALE,June-8-2023,Townhouse,7713 Cultivator Rd,Laurel,MD,20723,712495,4,3.0,WELLINGTON,2212,1830,2023,,322,95,Sold,,,https://www.redfin.com/MD/Laurel/7713-Cultivator-RD-Unknown/home/182573627,BRIGHT MLS,MDHW2022642,N,Y,39.14566404,-76.86724413
PAST SALE,August-31-2023,Townhouse,300 Backwater Way,Laurel,MD,20724,680686,4,3.5,ARUNDEL GATEWAY,2714,1920,2023,,251,110,Sold,,,https://www.redfin.com/MD/Laurel/300-Backwater-WAY-Unknown/home/185131287,BRIGHT MLS,MDAA2058038,N,Y,39.09000857,-76.78834945
PAST SALE,August-30-2023,Townhouse,312 Backwater Way,Laurel,MD,20724,734380,4,3.5,ARUNDEL GATEWAY,2714,1920,2023,,271,110,Sold,,,https://www.redfin.com/MD/Laurel/312-Backwater-WAY-Unknown/home/184626593,BRIGHT MLS,MDAA2058762,N,Y,39.08977478,-76.7878481
PAST SALE,,Townhouse,8130 Londonderry Ct,Laurel,MD,20707,350000,,2.5,,1376,2000,1986,,254,,,,,https://www.redfin.com/MD/Laurel/8130-Londonderry-Ct-20707/home/10723239,,,N,Y,39.0966659,-76.8648038
PAST SALE,July-28-2023,Townhouse,3350 Cormorant Dr,Laurel,MD,20724,633545,3,3.5,ARUNDEL GATEWAY,2558,2038,2023,,248,110,Sold,,,https://www.redfin.com/MD/Laurel/3350-Cormorant-Dr-20724/home/174484676,BRIGHT MLS,MDAA2056414,N,Y,39.087019,-76.78635
PAST SALE,May-17-2023,Single Family Residential,14615 Farnham Ln,Laurel,MD,20707,550000,4,3.5,THE VILLAGES AT WELLINGTON PLAT 1>,2633,13104,2003,,209,42,Sold,,,https://www.redfin.com/MD/Laurel/14615-Farnham-Ln-20707/home/10741894,BRIGHT MLS,MDPG2076018,N,Y,39.0925272,-76.8799105
PAST SALE,July-21-2023,Single Family Residential,8805 Royal Ridge Ln,Laurel,MD,20708,480000,4,2.5,MONTPELIER,2228,21538,1968,,215,27,Sold,,,https://www.redfin.com/MD/Laurel/8805-Royal-Ridge-Ln-20708/home/10726338,BRIGHT MLS,MDPG2082068,N,Y,39.0633785,-76.8527043
PAST SALE,August-7-2023,Single Family Residential,8404 Spruce Hill Dr,Laurel,MD,20707,480000,3,3.0,OAK CREST,1222,15000,1976,,393,,Sold,,,https://www.redfin.com/MD/Laurel/8404-Spruce-Hill-Dr-20707/home/10715208,BRIGHT MLS,MDPG2086982,N,Y,39.0824675,-76.8608127
PAST SALE,July-1-2023,Townhouse,14712 Spring Haven Ln Unit SPEC,Laurel,MD,20707,512085,3,2.5,WESTSIDE,2239,,2023,,229,121,Sold,,,https://www.redfin.com/MD/Laurel/14712-Spring-Haven-LN-20707/unit-SPEC/home/184110665,BRIGHT MLS,MDPG2069300,N,Y,39.08326183,-76.88947694
PAST SALE,May-1-2023,Single Family Residential,9912 Henry Hearn Way,Laurel,MD,20723,1150000,6,5.5,WINCOPIA FARMS,5693,14913,2015,,202,76,Sold,,,https://www.redfin.com/MD/Laurel/9912-Henry-Hearn-Way-20723/home/56756891,BRIGHT MLS,MDHW2025598,N,Y,39.1453989,-76.8541909
PAST SALE,July-27-2023,Townhouse,1103 Patuxent Greens Dr,Laurel,MD,20708,451330,3,2.5,PATUXENT GREENS,1741,,2023,,259,136,Sold,,,https://www.redfin.com/MD/Laurel/1103-Patuxent-Greens-Dr-20708/home/171291236,BRIGHT MLS,MDPG2071212,N,Y,39.088324,-76.841156
PAST SALE,July-28-2023,Single Family Residential,9111 Briarchip St,Laurel,MD,20708,485000,4,3.0,SNOW HILL MANOR-PLAT 1>,1568,,1978,,309,,Sold,,,https://www.redfin.com/MD/Laurel/9111-Briarchip-St-20708/home/10717202,BRIGHT MLS,MDPG2085962,N,Y,39.0813244,-76.8462622
PAST SALE,,Townhouse,15035 Courtland Pl,Laurel,MD,20707,390000,,3.0,,1372,1600,1987,,284,,,,,https://www.redfin.com/MD/Laurel/15035-Courtland-Pl-20707/home/10723320,,,N,Y,39.0972021,-76.8613971
PAST SALE,May-19-2023,Single Family Residential,8019 Moss Bank Dr,Laurel,MD,20724,585000,4,3.5,RUSSETT,3218,6100,1996,,182,73,Sold,,,https://www.redfin.com/MD/Laurel/8019-Moss-Bank-Dr-20724/home/10370682,BRIGHT MLS,MDAA2059432,N,Y,39.1168614,-76.8070013
PAST SALE,July-20-2023,Townhouse,14839 Willow Run Ln,Laurel,MD,20708,480040,3,2.5,WESTSIDE,2239,,2023,,214,121,Sold,,,https://www.redfin.com/MD/Laurel/14839-Willow-Run-Ln-20707/home/174579450,BRIGHT MLS,MDPG2069996,N,Y,39.084609,-76.889736
PAST SALE,July-6-2023,Townhouse,12019 Dove Cir,Laurel,MD,20708,270000,3,1.5,PHEASANT RUN,1260,2013,1971,,214,166,Sold,,,https://www.redfin.com/MD/Laurel/12019-Dove-Cir-20708/home/10720168,BRIGHT MLS,MDPG2081902,N,Y,39.0562121,-76.8329385
PAST SALE,July-17-2023,Townhouse,7601 Carissa Ln,Laurel,MD,20707,430000,4,3.5,LAURELTON,1716,2319,1976,,251,21,Sold,,,https://www.redfin.com/MD/Laurel/7601-Carissa-Ln-20707/home/10709847,BRIGHT MLS,MDPG2081416,N,Y,39.0973183,-76.8735605
PAST SALE,June-5-2023,Townhouse,14315 Ridge View Ln,Laurel,MD,20707,560000,3,3.5,LAUREL,2400,2714,2017,,233,90,Sold,,,https://www.redfin.com/MD/Laurel/14315-Ridge-View-Ln-20707/home/118241927,BRIGHT MLS,MDPG2077358,N,Y,39.0858561,-76.8894583
PAST SALE,September-18-2023,Townhouse,8616 Savannah River Rd,Laurel,MD,20724,426000,3,3.0,RUSSETT,2168,2035,1993,,196,3,Sold,,,https://www.redfin.com/MD/Laurel/8616-Savannah-River-Rd-20724/home/10368427,BRIGHT MLS,MDAA2065554,N,Y,39.1009031,-76.8121819
PAST SALE,June-22-2023,Townhouse,10601 Delfield Ct,Laurel,MD,20723,385000,3,1.5,LEISHEAR VILLAGE,1220,1873,1984,,316,60,Sold,,,https://www.redfin.com/MD/Laurel/10601-Delfield-Ct-20723/home/10172288,BRIGHT MLS,MDHW2028194,N,Y,39.1450543,-76.8800778
PAST SALE,June-8-2023,Townhouse,3370 Watershed Blvd,Laurel,MD,20724,498780,3,3.5,ARUNDEL GATEWAY,2028,2038,2023,,246,110,Sold,,,https://www.redfin.com/MD/Laurel/3370-Watershed-Blvd-20724/home/174484766,BRIGHT MLS,MDAA2052636,N,Y,39.086551,-76.786351
PAST SALE,August-10-2023,Single Family Residential,12513 Hilltop Ln,Bowie,MD,20720,630000,4,2.5,SANDY HILL ACRES,2498,101495,2008,,252,,Sold,,,https://www.redfin.com/MD/Bowie/12513-Hilltop-Ln-20720/home/10877482,BRIGHT MLS,MDPG2083804,N,Y,39.021459,-76.789849
PAST SALE,September-1-2023,Townhouse,14841 Willow Run Ln,Laurel,MD,20707,546835,3,2.5,WESTSIDE,2239,,2023,,244,121,Sold,,,https://www.redfin.com/MD/Laurel/14841-Willow-Run-Ln-20707/home/174579416,BRIGHT MLS,MDPG2071818,N,Y,39.084582,-76.890019
PAST SALE,May-5-2023,Townhouse,11001 Apple Orchard Ct #77,Laurel,MD,20723,540000,3,3.0,CHERRYTREE PARK,2060,25456,2005,,262,135,Sold,,,https://www.redfin.com/MD/Laurel/11001-Apple-Orchard-Ct-20723/unit-77/home/10223187,BRIGHT MLS,MDHW2026910,N,Y,39.142219,-76.90196
PAST SALE,September-7-2023,Townhouse,13139 Brooktree Ln,Laurel,MD,20707,475000,4,3.0,PINES OF LAUREL-PLAT 13-RSB PAR A-PHASE 2>,1472,3595,2006,,323,252,Sold,,,https://www.redfin.com/MD/Laurel/13139-Brooktree-Ln-20707/home/11151412,BRIGHT MLS,MDPG2086930,N,Y,39.0706474,-76.8823506
PAST SALE,June-22-2023,Townhouse,8203 Styers Ct,Laurel,MD,20723,329900,2,1.5,MURRAY HILL,1210,1176,1983,,273,60,Sold,,,https://www.redfin.com/MD/Laurel/8203-Styers-Ct-20723/home/10168588,BRIGHT MLS,MDHW2029104,N,Y,39.1459907,-76.8747628
PAST SALE,August-4-2023,Townhouse,3549 Carriage Walk Ln Unit 73H,Laurel,MD,20724,380000,3,3.0,CARRIAGES AT RUSSETT CONDO,2257,,2007,,168,320,Sold,,,https://www.redfin.com/MD/Laurel/3549-Carriage-Walk-Ln-20724/unit-73H/home/185767417,BRIGHT MLS,MDAA2062552,N,Y,39.1034702,-76.7949794
PAST SALE,August-17-2023,Townhouse,12801 Claxton Dr Unit 1-J,Laurel,MD,20708,315333,3,2.5,ANDOVER HEIGHTS CONDO I,1935,,1969,,163,141,Sold,,,https://www.redfin.com/MD/Laurel/12801-Claxton-Dr-20708/unit-1-J/home/10710787,BRIGHT MLS,MDPG2082840,N,Y,39.0676695,-76.8549193
PAST SALE,May-5-2023,Single Family Residential,328 Eagle Hbr S,Laurel,MD,20724,380000,3,2.0,MARYLAND CITY,1490,7130,1963,,255,,Sold,,,https://www.redfin.com/MD/Laurel/328-Eagle-Hbr-S-20724/home/10345509,BRIGHT MLS,MDAA2056768,N,Y,39.0917219,-76.8204004
PAST SALE,September-8-2023,Single Family Residential,1001 10th St,Laurel,MD,20707,430000,3,1.5,FAIRLAWN,1300,11929,1959,,331,,Sold,,,https://www.redfin.com/MD/Laurel/1001-10th-St-20707/home/10714976,BRIGHT MLS,MDPG2087838,N,Y,39.1008219,-76.863608
PAST SALE,May-25-2023,Townhouse,9368 Rock Ripple Ln,Laurel,MD,20723,560000,3,3.5,RIVERWALK,2412,1804,2013,,232,135,Sold,,,https://www.redfin.com/MD/Laurel/9368-Rock-Ripple-Ln-20723/home/44625307,BRIGHT MLS,MDHW2027454,N,Y,39.1343105,-76.8348188
PAST SALE,October-2-2023,Townhouse,9276 Cherry Ln #87,Laurel,MD,20708,285000,2,2.0,CHERRY VIEW PARK CONDO-PHASE 1>,1087,,1990,,262,245,Sold,,,https://www.redfin.com/MD/Laurel/9276-Cherry-Ln-20708/unit-87/home/10723728,BRIGHT MLS,MDPG2089240,N,Y,39.088311,-76.849221
PAST SALE,September-28-2023,Townhouse,1111 Patuxent Greens Dr,Laurel,MD,20708,507525,4,3.5,PATUXENT GREENS,1741,,2023,,292,136,Sold,,,https://www.redfin.com/MD/Laurel/1111-Patuxent-Greens-Dr-20708/home/171291232,BRIGHT MLS,MDPG2071606,N,Y,39.088076,-76.84107
PAST SALE,June-23-2023,Townhouse,9853 Snow Bird Ln,Laurel,MD,20723,636500,3,2.5,EMERSON,2977,3152,2005,,214,77,Sold,,,https://www.redfin.com/MD/Laurel/9853-Snow-Bird-Ln-20723/home/10222939,BRIGHT MLS,MDHW2028624,N,Y,39.1406549,-76.8553634
PAST SALE,September-29-2023,Townhouse,9413 Fens Holw,Laurel,MD,20723,451400,3,3.0,BOWLING BROOK FARMS,1868,1785,1988,,242,49,Sold,,,https://www.redfin.com/MD/Laurel/9413-Fens-Holw-20723/home/10188003,BRIGHT MLS,MDHW2032196,N,Y,39.1326914,-76.8402253
PAST SALE,September-21-2023,Townhouse,9915 Mallard Dr,Laurel,MD,20708,360000,3,2.5,PHEASANT RUN,1540,2013,1971,,234,167,Sold,,,https://www.redfin.com/MD/Laurel/9915-Mallard-Dr-20708/home/10729995,BRIGHT MLS,MDPG2088282,N,Y,39.0553587,-76.8343204
PAST SALE,June-27-2023,Single Family Residential,14501 Edenmore Ct,Laurel,MD,20707,800000,5,3.5,THE VILLAGES AT WELLINGTON PLAT 1>,5184,9956,2004,,154,42,Sold,,,https://www.redfin.com/MD/Laurel/14501-Edenmore-Ct-20707/home/11135467,BRIGHT MLS,MDPG2076076,N,Y,39.0903427,-76.8750039
PAST SALE,August-10-2023,Single Family Residential,9500 Shantha Ct,Laurel,MD,20723,650000,4,3.5,Laurel,3298,9831,1996,,197,,Sold,,,https://www.redfin.com/MD/Laurel/9500-Shantha-Ct-20723/home/10197818,BRIGHT MLS,MDHW2030904,N,Y,39.1351796,-76.8431086
PAST SALE,May-12-2023,Townhouse,14914 Laurel Oaks Ln #40,Laurel,MD,20707,388000,4,3.5,LAUREL OAKS CONDO,2662,,1983,,146,232,Sold,,,https://www.redfin.com/MD/Laurel/14914-Laurel-Oaks-Ln-20707/unit-40/home/10710076,BRIGHT MLS,MDPG2074290,N,Y,39.0950126,-76.8763572
PAST SALE,May-10-2023,Single Family Residential,10513 Gorman Rd,Laurel,MD,20723,535000,3,2.5,HAMMOND VILLAGE,2389,20298,1964,,224,,Sold,,,https://www.redfin.com/MD/Laurel/10513-Gorman-Rd-20723/home/10156763,BRIGHT MLS,MDHW2026972,N,Y,39.1530633,-76.8772082
PAST SALE,September-8-2023,Townhouse,8449 Winding Trl,Laurel,MD,20724,475000,3,3.0,FIELDSTONE,1900,2848,2011,,250,95,Sold,,,https://www.redfin.com/MD/Laurel/8449-Winding-Trl-20724/home/12521494,BRIGHT MLS,MDAA2066892,N,Y,39.1088956,-76.8196015
PAST SALE,May-19-2023,Townhouse,11044 Birchtree Ln #26,Laurel,MD,20723,555000,4,3.5,CHERRYTREE PARK,2332,,2003,,238,135,Sold,,,https://www.redfin.com/MD/Laurel/11044-Birchtree-Ln-20723/unit-26/home/10215406,BRIGHT MLS,MDHW2027264,N,Y,39.1425425,-76.8989265
PAST SALE,August-25-2023,Single Family Residential,335 Talbott Ave,Laurel,MD,20707,775000,8,6.0,LAUREL ADDN RESUB,5120,15000,1950,,151,,Sold,,,https://www.redfin.com/MD/Laurel/335-Talbott-Ave-20707/home/10726870,BRIGHT MLS,MDPG2085610,N,Y,39.1014066,-76.8508573
PAST SALE,June-15-2023,Single Family Residential,6608 Mccahill Ter,Laurel,MD,20707,540000,4,3.0,MCCAHILL ESTATES-PLAT 1>,1424,10071,1966,,379,,Sold,,,https://www.redfin.com/MD/Laurel/6608-McCahill-Ter-20707/home/10712093,BRIGHT MLS,MDPG2076796,N,Y,39.1139885,-76.8920703
PAST SALE,October-13-2023,Townhouse,16005 Dorset Rd #174,Laurel,MD,20707,340000,3,2.5,CROMWELL STATION,1820,,1979,,187,139,Sold,,,https://www.redfin.com/MD/Laurel/16005-Dorset-Rd-20707/unit-174/home/10728020,BRIGHT MLS,MDPG2091568,N,Y,39.1088103,-76.8737513
PAST SALE,May-12-2023,Townhouse,9338 Cross Timbers Ct,Laurel,MD,20723,385000,3,2.5,SETTLERS LANDING,1220,2090,1985,,316,60,Sold,,,https://www.redfin.com/MD/Laurel/9338-Cross-Timbers-Ct-20723/home/10175843,BRIGHT MLS,MDHW2026758,N,Y,39.1142843,-76.8547315
PAST SALE,July-25-2023,Townhouse,116 Rabbit Chase Dr,Laurel,MD,20724,430000,3,2.5,RUSSETT,1560,1100,1998,,276,62,Sold,,,https://www.redfin.com/MD/Laurel/116-Rabbit-Chase-Dr-20724/home/10372141,BRIGHT MLS,MDAA2062934,N,Y,39.1081953,-76.8028821
PAST SALE,June-13-2023,Townhouse,7609 Arbory Ct #76,Laurel,MD,20707,240000,2,1.0,ARBORY CONDO PHASE SIX-RESUB,1146,,1978,,209,115,Sold,,,https://www.redfin.com/MD/Laurel/7609-Arbory-Ct-20707/unit-76/home/10725374,BRIGHT MLS,MDPG2076188,N,Y,39.1013857,-76.8741797
PAST SALE,May-31-2023,Single Family Residential,10917 Hillcrest Dr,Laurel,MD,20723,450000,3,1.5,HILLCREST HEIGHTS,1700,20952,1957,,265,,Sold,,,https://www.redfin.com/MD/Laurel/10917-Hillcrest-Dr-20723/home/10156470,BRIGHT MLS,MDHW2027526,N,Y,39.1511606,-76.8931061
PAST SALE,June-15-2023,Townhouse,3308 Yellow Flower Rd,Laurel,MD,20724,420000,4,3.5,FLOWER HILL,1992,2178,2001,,211,156,Sold,,,https://www.redfin.com/MD/Laurel/3308-Yellow-Flower-Rd-20724/home/10330167,BRIGHT MLS,MDAA2059888,N,Y,39.1022889,-76.8180257
PAST SALE,June-5-2023,Townhouse,9324 Cabot Ct,Laurel,MD,20723,420000,4,3.0,SETTLERS LANDING,2002,3005,1986,,210,60,Sold,,,https://www.redfin.com/MD/Laurel/9324-Cabot-Ct-20723/home/10176148,BRIGHT MLS,MDHW2027172,N,Y,39.1125821,-76.8538305
PAST SALE,May-23-2023,Townhouse,10753 Glen Hannah Dr,Laurel,MD,20723,344000,3,2.0,LEISHEAR VILLAGE,1360,2178,1984,,253,58,Sold,,,https://www.redfin.com/MD/Laurel/10753-Glen-Hannah-Dr-20723/home/10172210,BRIGHT MLS,MDHW2027194,N,Y,39.1446724,-76.8821174
PAST SALE,August-25-2023,Townhouse,9921 Boise Rd,Laurel,MD,20708,293000,3,2.5,PHEASANT RUN,1522,2013,1971,,193,167,Sold,,,https://www.redfin.com/MD/Laurel/9921-Boise-Rd-20708/home/10717007,BRIGHT MLS,MDPG2083760,N,Y,39.0574523,-76.8345111
PAST SALE,April-28-2023,Single Family Residential,345 Marganza S,Laurel,MD,20724,480000,3,2.0,MARYLAND CITY,1308,7015,1963,,367,,Sold,,,https://www.redfin.com/MD/Laurel/345-Marganza-S-20724/home/10346558,BRIGHT MLS,MDAA2056612,N,Y,39.0908699,-76.8227191
PAST SALE,October-12-2023,Single Family Residential,15412 Calshot Ct,Laurel,MD,20707,530000,4,3.0,SANDY SPRING ESTATES,2082,13326,1968,,255,,Sold,,,https://www.redfin.com/MD/Laurel/15412-Calshot-Ct-20707/home/10720316,BRIGHT MLS,MDPG2090410,N,Y,39.1007148,-76.8945471
PAST SALE,October-18-2023,Townhouse,15635 Millbrook Ln #12,Laurel,MD,20707,360000,3,3.5,CROMWELL STATION,1930,,1976,,187,260,Sold,,,https://www.redfin.com/MD/Laurel/15635-Millbrook-Ln-20707/unit-12/home/10728440,BRIGHT MLS,MDPG2089124,N,Y,39.1048565,-76.8744945
PAST SALE,June-22-2023,Single Family Residential,8417 Early Bud Way,Laurel,MD,20723,865000,4,3.5,CHERRYTREE FARM,3405,14069,1988,,254,,Sold,,,https://www.redfin.com/MD/Laurel/8417-Early-Bud-Way-20723/home/10188806,BRIGHT MLS,MDHW2028368,N,Y,39.1404499,-76.8962584
PAST SALE,May-31-2023,Townhouse,8720 Polished Pebble Way,Laurel,MD,20723,740000,4,3.5,STONE LAKE,3622,2687,2011,,204,216,Sold,,,https://www.redfin.com/MD/Laurel/8720-Polished-Pebble-Way-20723/home/10223066,BRIGHT MLS,MDHW2026974,N,Y,39.1385829,-76.8449107
PAST SALE,May-12-2023,Townhouse,9323 Maxwell Ct,Laurel,MD,20723,411000,3,2.5,HAMMONDS OVERLOOK,1804,1772,1998,,228,53,Sold,,,https://www.redfin.com/MD/Laurel/9323-Maxwell-Ct-20723/home/10199010,BRIGHT MLS,MDHW2026854,N,Y,39.1259501,-76.8276887
PAST SALE,June-29-2023,Townhouse,9655 Homestead Ct Unit N,Laurel,MD,20723,232000,2,1.5,WHISKEY BOTTOM,920,,1974,,252,359,Sold,,,https://www.redfin.com/MD/Laurel/9655-Homestead-Ct-20723/unit-N/home/10159100,BRIGHT MLS,MDHW2028534,N,Y,39.1173871,-76.8446785
PAST SALE,October-12-2023,Townhouse,9426 Woodsong Ct,Laurel,MD,20723,370000,2,3.5,KINGS WOODS,1394,2003,1991,,265,11,Sold,,,https://www.redfin.com/MD/Laurel/9426-Woodsong-Ct-20723/home/10193527,BRIGHT MLS,MDHW2031658,N,Y,39.1271794,-76.8366773
PAST SALE,April-28-2023,Single Family Residential,8618 Far Fields Way,Laurel,MD,20723,825000,5,3.5,EMERSON,4344,9644,2005,,190,83,Sold,,,https://www.redfin.com/MD/Laurel/8618-Far-Fields-Way-20723/home/10223376,BRIGHT MLS,MDHW2026870,N,Y,39.1347153,-76.846037
PAST SALE,October-2-2023,Townhouse,15615 Millbrook Ln #2,Laurel,MD,20707,325000,4,3.5,CROMWELL STATION,2840,,1976,,114,245,Sold,,,https://www.redfin.com/MD/Laurel/15615-Millbrook-Ln-20707/unit-2/home/10728420,BRIGHT MLS,MDPG2090504,N,Y,39.1043058,-76.8742243
PAST SALE,October-5-2023,Townhouse,8498 Winding Trl,Laurel,MD,20724,510000,3,3.0,FIELDSTONE,2450,2160,2013,,208,95,Sold,,,https://www.redfin.com/MD/Laurel/8498-Winding-Trl-20724/home/12522492,BRIGHT MLS,MDAA2067494,N,Y,39.1100256,-76.8220059
PAST SALE,,Single Family Residential,9501 Baltimore Ave,Laurel,MD,20723,440000,,2.0,,1530,10153,1956,,288,,,,,https://www.redfin.com/MD/Laurel/9501-Baltimore-Ave-20723/home/10151983,,,N,Y,39.111435,-76.840897
PAST SALE,June-22-2023,Townhouse,8620 Summer Waves Way,Laurel,MD,20723,621000,4,3.5,EMERSON,2920,2178,2012,,213,191,Sold,,,https://www.redfin.com/MD/Laurel/8620-Summer-Waves-Way-20723/home/40025981,BRIGHT MLS,MDHW2027244,N,Y,39.1344561,-76.8476137
PAST SALE,April-30-2023,Townhouse,8116 Chapel Cove Dr,Laurel,MD,20707,398000,2,2.0,LAUREL LAKES,1908,1306,1986,,209,54,Sold,,,https://www.redfin.com/MD/Laurel/8116-Chapel-Cove-Dr-20707/home/10714093,BRIGHT MLS,MDPG2074460,N,Y,39.0895826,-76.8666719
PAST SALE,May-10-2023,Single Family Residential,13206 Claxton Dr,Laurel,MD,20708,450000,5,3.0,SNOWDEN OAKS,1215,9171,1966,,370,,Sold,,,https://www.redfin.com/MD/Laurel/13206-Claxton-Dr-20708/home/10719944,BRIGHT MLS,MDPG2075604,N,Y,39.0721846,-76.8555423
PAST SALE,June-20-2023,Single Family Residential,3370 Sudlersville S,Laurel,MD,20724,425000,3,2.0,MARYLAND CITY,1808,6900,1963,,235,,Sold,,,https://www.redfin.com/MD/Laurel/3370-Sudlersville-S-20724/home/10344773,BRIGHT MLS,MDAA2060334,N,Y,39.089613,-76.8171786
PAST SALE,July-14-2023,Single Family Residential,250 Elkton S,Laurel,MD,20724,460000,4,2.0,MARYLAND CITY,1814,6900,1964,,254,,Sold,,,https://www.redfin.com/MD/Laurel/250-Elkton-S-20724/home/10347788,BRIGHT MLS,MDAA2061378,N,Y,39.0956999,-76.8188233
PAST SALE,September-27-2023,Single Family Residential,9222 Briarchip St,Laurel,MD,20708,506000,4,2.5,SNOW HILL MANOR PLAT TWO,1724,14410,1979,,294,,Sold,,,https://www.redfin.com/MD/Laurel/9222-Briarchip-St-20708/home/10717279,BRIGHT MLS,MDPG2087508,N,Y,39.081373,-76.8414417
PAST SALE,September-20-2023,Single Family Residential,14103 Waggaman Ave,Laurel,MD,20707,400000,4,2.5,OAK CREST,1874,7500,1976,,213,,Sold,,,https://www.redfin.com/MD/Laurel/14103-Waggaman-Ave-20707/home/10731173,BRIGHT MLS,MDPG2086956,N,Y,39.083609,-76.8582001
PAST SALE,June-30-2023,Townhouse,13130 Brooktree Ln,Laurel,MD,20707,461000,4,3.0,PINES OF LAUREL-PLAT 13-RSB PAR A-PHASE 2>,1500,3575,2006,,307,252,Sold,,,https://www.redfin.com/MD/Laurel/13130-Brooktree-Ln-20707/home/11151485,BRIGHT MLS,MDPG2081112,N,Y,39.0700585,-76.8823234
PAST SALE,September-14-2023,Townhouse,14730 Spring Haven Ln,Laurel,MD,20707,517590,3,2.5,WESTSIDE,2239,,2023,,231,121,Sold,,,https://www.redfin.com/MD/Laurel/14730-Spring-Haven-Ln-20707/home/174579406,BRIGHT MLS,MDPG2072318,N,Y,39.084321,-76.890143
PAST SALE,September-15-2023,Single Family Residential,8134 Clifford Ct,Laurel,MD,20723,770000,4,3.5,PATUXENT SPRINGS,4176,20037,1993,,184,,Sold,,,https://www.redfin.com/MD/Laurel/8134-Clifford-Ct-20723/home/10197224,BRIGHT MLS,MDHW2031892,N,Y,39.147339,-76.8946372
PAST SALE,September-15-2023,Townhouse,6925 Mayfair Ter,Laurel,MD,20707,285000,3,2.5,MAYFAIR-PLAT THREE,2046,1144,1987,,139,61,Sold,,,https://www.redfin.com/MD/Laurel/6925-Mayfair-Ter-20707/home/10716644,BRIGHT MLS,MDPG2088914,N,Y,39.0875097,-76.8865718
PAST SALE,August-25-2023,Townhouse,8302 Sperry Ct,Laurel,MD,20723,427000,3,3.0,LEISHEAR VILLAGE,1632,2308,1983,,262,60,Sold,,,https://www.redfin.com/MD/Laurel/8302-Sperry-Ct-20723/home/10170765,BRIGHT MLS,MDHW2029832,N,Y,39.1447654,-76.8772419
PAST SALE,September-8-2023,Townhouse,7605 N Arbory Way #128,Laurel,MD,20707,310000,2,2.5,ARBORY CONDO PHASE SIX-RESUB,1274,,1978,,243,220,Sold,,,https://www.redfin.com/MD/Laurel/7605-N-Arbory-Way-20707/unit-128/home/40061052,BRIGHT MLS,MDPG2086844,N,Y,39.1012851,-76.8744374
PAST SALE,August-30-2023,Townhouse,7515 Woodbine Dr,Laurel,MD,20707,310000,2,1.5,MILLBROOK-RESUB PLAT TWO,1248,2281,1981,,248,79,Sold,,,https://www.redfin.com/MD/Laurel/7515-Woodbine-Dr-20707/home/10729466,BRIGHT MLS,MDPG2086376,N,Y,39.106866,-76.876336
PAST SALE,August-25-2023,Single Family Residential,9698 Halstead Ave,Laurel,MD,20723,595000,4,3.5,Laurel,2058,7492,2000,,289,,Sold,,,https://www.redfin.com/MD/Laurel/9698-Halstead-Ave-20723/home/10183681,BRIGHT MLS,MDHW2030344,N,Y,39.1171985,-76.8491004
PAST SALE,June-2-2023,Townhouse,9700 Soothing Shade Way,Laurel,MD,20723,583000,3,3.5,EMERSON,2266,,2012,,257,115,Sold,,,https://www.redfin.com/MD/Laurel/9700-Soothing-Shade-Way-20723/home/23428348,BRIGHT MLS,MDHW2027528,N,Y,39.1375181,-76.8576145
PAST SALE,June-16-2023,Townhouse,9100 Bryant Ave,Laurel,MD,20723,455000,3,3.0,PILGRIMS RIDGE,1799,4051,1986,,253,54,Sold,,,https://www.redfin.com/MD/Laurel/9100-Bryant-Ave-20723/home/10179783,BRIGHT MLS,MDHW2028158,N,Y,39.1208884,-76.8589095
PAST SALE,June-21-2023,Single Family Residential,9405 Jackson Ct,Laurel,MD,20723,607000,4,2.5,PATUXENT HEIGHTS,2164,9950,1994,,280,23,Sold,,,https://www.redfin.com/MD/Laurel/9405-Jackson-Ct-20723/home/10157420,BRIGHT MLS,MDHW2028510,N,Y,39.1121573,-76.8494157
PAST SALE,August-30-2023,Townhouse,200 Sweet Pine Dr,Laurel,MD,20724,325000,4,2.5,PINES OF LAUREL CONDO,1370,,1985,,237,280,Sold,,,https://www.redfin.com/MD/Laurel/200-Sweet-Pine-Dr-20724/home/10354568,BRIGHT MLS,MDAA2063354,N,Y,39.098117,-76.815271
PAST SALE,June-5-2023,Townhouse,7516 Haines Ct,Laurel,MD,20707,335000,3,1.5,HAINES RIDGE SUB,1364,2200,1981,,246,13,Sold,,,https://www.redfin.com/MD/Laurel/7516-Haines-Ct-20707/home/10710529,BRIGHT MLS,MDPG2077704,N,Y,39.1069295,-76.8725127
PAST SALE,September-8-2023,Townhouse,3666 Sweetbush Trl,Laurel,MD,20724,550000,3,3.5,FIELDSTONE FARM,2774,1920,2016,,198,100,Sold,,,https://www.redfin.com/MD/Laurel/3666-Sweetbush-Trl-20724/home/105414735,BRIGHT MLS,MDAA2067176,N,Y,39.1084188,-76.8215473
PAST SALE,October-20-2023,Townhouse,9863 Wilderness Ln,Laurel,MD,20723,675000,4,3.5,WALDEN WOODS,2208,2794,2017,,306,157,Sold,,,https://www.redfin.com/MD/Laurel/9863-Wilderness-Ln-20723/home/108264318,BRIGHT MLS,MDHW2032890,N,Y,39.1437973,-76.8525357
PAST SALE,September-15-2023,Townhouse,504 Prince George St,Laurel,MD,20707,415000,3,3.5,STEPHILL,1428,4230,1976,,291,,Sold,,,https://www.redfin.com/MD/Laurel/504-Prince-George-St-20707/home/10731818,BRIGHT MLS,MDPG2086832,N,Y,39.1060458,-76.8511248
PAST SALE,May-18-2023,Townhouse,8626 Jacks Reef Rd,Laurel,MD,20724,392500,3,2.5,RUSSETT,1852,1500,1993,,212,107,Sold,,,https://www.redfin.com/MD/Laurel/8626-Jacks-Reef-Rd-20724/home/10368591,BRIGHT MLS,MDAA2058026,N,Y,39.1000718,-76.8095917
PAST SALE,August-30-2023,Single Family Residential,9946 Hughes Ave,Laurel,MD,20723,470000,3,2.0,HIGH RIDGE PARK,1574,7500,1979,,299,,Sold,,,https://www.redfin.com/MD/Laurel/9946-Hughes-Ave-20723/home/10150461,BRIGHT MLS,MDHW2027426,N,Y,39.1162827,-76.8575244
PAST SALE,July-10-2023,Single Family Residential,140 Woodridge Pl,Laurel,MD,20724,363000,3,2.5,RUSSETT,1532,1050,1992,,237,118,Sold,,,https://www.redfin.com/MD/Laurel/140-Woodridge-Pl-20724/home/10367385,BRIGHT MLS,MDAA2062516,N,Y,39.1064183,-76.8034229
PAST SALE,May-29-2023,Single Family Residential,8506 Montpelier Dr,Laurel,MD,20708,505000,5,3.5,MONTPELIER WEST,2604,7567,1972,,194,,Sold,,,https://www.redfin.com/MD/Laurel/8506-Montpelier-Dr-20708/home/10712712,BRIGHT MLS,MDPG2077012,N,Y,39.0640586,-76.8585473
PAST SALE,June-16-2023,Townhouse,10617 Whiterock Ct,Laurel,MD,20723,415000,3,2.0,LEISHEAR VILLAGE,1670,2047,1984,,249,60,Sold,,,https://www.redfin.com/MD/Laurel/10617-Whiterock-Ct-20723/home/10171703,BRIGHT MLS,MDHW2027880,N,Y,39.143487,-76.878147
PAST SALE,July-10-2023,Townhouse,8714 Castlerock Ct,Laurel,MD,20723,430000,3,2.5,WYNDEMERE II,1460,2250,1996,,295,46,Sold,,,https://www.redfin.com/MD/Laurel/8714-Castlerock-Ct-20723/home/10198279,BRIGHT MLS,MDHW2029432,N,Y,39.1210185,-76.8567248
PAST SALE,September-5-2023,Townhouse,8110 Sandy Spring Rd,Laurel,MD,20707,405000,3,3.5,BIRCH RUN,1512,1525,1982,,268,67,Sold,,,https://www.redfin.com/MD/Laurel/8110-Sandy-Spring-Rd-20707/home/10713711,BRIGHT MLS,MDPG2084908,N,Y,39.1052639,-76.8666798
PAST SALE,September-5-2023,Townhouse,14014 Oakpointe Dr,Laurel,MD,20707,405500,2,3.0,LAUREL LAKES PLAT 2,1850,1491,1987,,219,35,Sold,,,https://www.redfin.com/MD/Laurel/14014-Oakpointe-Dr-20707/home/10718165,BRIGHT MLS,MDPG2086652,N,Y,39.0858536,-76.869873
PAST SALE,August-29-2023,Townhouse,15018 Wheatland Pl,Laurel,MD,20707,331000,2,2.5,ASHFORD PLAT 2,1298,1500,1987,,255,80,Sold,,,https://www.redfin.com/MD/Laurel/15018-Wheatland-Pl-20707/home/10723388,BRIGHT MLS,MDPG2085706,N,Y,39.0967458,-76.8603735
PAST SALE,September-11-2023,Townhouse,9842 Wilderness Ln,Laurel,MD,20723,702000,3,3.5,WALDEN WOODS,3477,2884,2017,,202,157,Sold,,,https://www.redfin.com/MD/Laurel/9842-Wilderness-Ln-20723/home/108283595,BRIGHT MLS,MDHW2029442,N,Y,39.1443805,-76.853377
PAST SALE,May-31-2023,Single Family Residential,10533 Martellini Dr,Laurel,MD,20723,557000,3,3.0,HAMMOND VILLAGE,1489,26615,1968,,374,,Sold,,,https://www.redfin.com/MD/Laurel/10533-Martellini-Dr-20723/home/10159912,BRIGHT MLS,MDHW2027382,N,Y,39.1529191,-76.880496
PAST SALE,,Townhouse,8324 Finchleigh St,Laurel,MD,20724,425000,,2.5,,1502,1500,1998,,283,,,,,https://www.redfin.com/MD/Laurel/8324-Finchleigh-St-20724/home/10371507,,,N,Y,39.1043122,-76.7980486
PAST SALE,May-30-2023,Single Family Residential,8510 Spruce Hill Dr,Laurel,MD,20707,468500,3,2.5,OAK CREST,1452,7500,1971,,323,,Sold,,,https://www.redfin.com/MD/Laurel/8510-Spruce-Hill-Dr-20707/home/10735273,BRIGHT MLS,MDPG2074950,N,Y,39.0816161,-76.8585818
PAST SALE,May-24-2023,Townhouse,9304 Canterbury Riding #21,Laurel,MD,20723,320000,4,2.5,CANTERBURY RIDING,1462,,1978,,219,230,Sold,,,https://www.redfin.com/MD/Laurel/9304-Canterbury-Riding-20723/unit-21/home/10163880,BRIGHT MLS,MDHW2027404,N,Y,39.1231122,-76.8472421
PAST SALE,June-2-2023,Townhouse,9278 Cherry Ln #92,Laurel,MD,20708,290000,2,2.0,CHERRY VIEW PARK CONDO-PHASE 1>,1087,,1990,,267,245,Sold,,,https://www.redfin.com/MD/Laurel/9278-Cherry-Ln-20708/unit-92/home/10723810,BRIGHT MLS,MDPG2076822,N,Y,39.0884934,-76.8485351
PAST SALE,May-4-2023,Single Family Residential,9363 Kings Grant Rd,Laurel,MD,20723,525000,3,2.5,KINGS WOODS,1544,6316,1992,,340,18,Sold,,,https://www.redfin.com/MD/Laurel/9363-Kings-Grant-Rd-20723/home/10193383,BRIGHT MLS,MDHW2026358,N,Y,39.1245687,-76.8363056
PAST SALE,June-21-2023,Townhouse,8769 Boulder Ridge Rd,Laurel,MD,20723,725000,4,3.5,STONE LAKE,3995,3548,2005,,181,216,Sold,,,https://www.redfin.com/MD/Laurel/8769-Boulder-Ridge-Rd-20723/home/10214829,BRIGHT MLS,MDHW2028418,N,Y,39.1399404,-76.8431537
PAST SALE,July-14-2023,Single Family Residential,8700 Mulberry St,Laurel,MD,20707,375000,3,1.0,"OAKCREST-RSB LOTS 13 & 14,BLK 48",936,6846,1940,,401,,Sold,,,https://www.redfin.com/MD/Laurel/8700-Mulberry-St-20707/home/10742094,BRIGHT MLS,MDPG2077530,N,Y,39.0854268,-76.8545062
PAST SALE,May-19-2023,Single Family Residential,435 Old Line Ave,Laurel,MD,20724,415000,3,2.0,MARYLAND CITY,1596,7075,1965,,260,,Sold,,,https://www.redfin.com/MD/Laurel/435-Old-Line-Ave-20724/home/10346331,BRIGHT MLS,MDAA2057672,N,Y,39.0936676,-76.8140017
PAST SALE,May-2-2023,Single Family Residential,2993 Winding River Pl,Laurel,MD,20724,700000,5,3.5,RUSSETT,4282,7500,1999,,163,76,Sold,,,https://www.redfin.com/MD/Laurel/2993-Winding-River-Pl-20724/home/10369449,BRIGHT MLS,MDAA2056844,N,Y,39.1129793,-76.8011132
PAST SALE,September-8-2023,Townhouse,11396 Laurelwalk Dr #59,Laurel,MD,20708,251000,3,1.5,APPLEWALK CONDO,1293,3932,1973,,194,198,Sold,,,https://www.redfin.com/MD/Laurel/11396-Laurelwalk-Dr-20708/unit-59/home/10734001,BRIGHT MLS,MDPG2085878,N,Y,39.0463901,-76.8404868
PAST SALE,June-16-2023,Townhouse,9225 Bridle Path Ln Unit J,Laurel,MD,20723,200000,2,1.5,WHISKEY BOTTOM,940,,1974,,213,359,Sold,,,https://www.redfin.com/MD/Laurel/9225-Bridle-Path-Ln-20723/unit-J/home/10159638,BRIGHT MLS,MDHW2027746,N,Y,39.1173871,-76.8446785
PAST SALE,August-25-2023,Townhouse,10622 Delfield Ct,Laurel,MD,20723,416000,3,3.0,LEISHEAR VILLAGE,1670,1873,1984,,249,60,Sold,,,https://www.redfin.com/MD/Laurel/10622-Delfield-Ct-20723/home/10172435,BRIGHT MLS,MDHW2031236,N,Y,39.1445298,-76.8792208
PAST SALE,August-28-2023,Single Family Residential,1041 Marton St,Laurel,MD,20707,350000,3,1.5,FAIRLAWN,1165,6000,1951,,300,,Sold,,,https://www.redfin.com/MD/Laurel/1041-Marton-St-20707/home/10712466,BRIGHT MLS,MDPG2085470,N,Y,39.0988629,-76.8646415
PAST SALE,July-6-2023,Townhouse,8039 Ians Aly,Laurel,MD,20724,445000,3,3.5,RUSSETT,1940,1200,2004,,229,98,Sold,,,https://www.redfin.com/MD/Laurel/8039-Ians-Aly-20724/home/10477178,BRIGHT MLS,MDAA2051458,N,Y,39.1105252,-76.7925666
PAST SALE,October-11-2023,Townhouse,9921 Mallard Dr,Laurel,MD,20708,360000,3,2.5,PHEASANT RUN,1540,2013,1971,,234,56,Sold,,,https://www.redfin.com/MD/Laurel/9921-Mallard-Dr-20708/home/10736950,BRIGHT MLS,MDPG2090838,N,Y,39.0555103,-76.8339189
PAST SALE,August-22-2023,Townhouse,10611 Whiterock Ct,Laurel,MD,20723,435000,3,2.5,LEISHEAR VILLAGE,1670,1785,1984,,260,60,Sold,,,https://www.redfin.com/MD/Laurel/10611-Whiterock-Ct-20723/home/10171684,BRIGHT MLS,MDHW2031188,N,Y,39.1436274,-76.8783004
PAST SALE,June-27-2023,Townhouse,8925 Pembrook Woods,Laurel,MD,20723,420000,4,3.5,WYNDEMERE,1602,1742,1993,,262,65,Sold,,,https://www.redfin.com/MD/Laurel/8925-Pembrook-Woods-20723/home/10194905,BRIGHT MLS,MDHW2028720,N,Y,39.1237316,-76.8624806
PAST SALE,September-27-2023,Single Family Residential,11300 Knights Landing Ct,Laurel,MD,20723,915000,4,3.5,RESERVOIR OVERLOOK,5380,16220,2000,,170,27,Sold,,,https://www.redfin.com/MD/Laurel/11300-Knights-Landing-Ct-20723/home/10201768,BRIGHT MLS,MDHW2031628,N,Y,39.1299088,-76.9051294
PAST SALE,May-24-2023,Single Family Residential,6116 Goodman Rd,Laurel,MD,20707,520000,4,3.0,BOND MILL PARK,2310,9099,1968,,225,,Sold,,,https://www.redfin.com/MD/Laurel/6116-Goodman-Rd-20707/home/10735237,BRIGHT MLS,MDPG2077468,N,Y,39.1115799,-76.8990053
PAST SALE,July-31-2023,Townhouse,7603 Lotus Ct,Laurel,MD,20707,322500,3,2.5,LAURELTON,1480,3989,1970,,218,21,Sold,,,https://www.redfin.com/MD/Laurel/7603-Lotus-Ct-20707/home/10734580,BRIGHT MLS,MDPG2082692,N,Y,39.0946823,-76.8752348
PAST SALE,September-15-2023,Single Family Residential,7609 Brooklyn Bridge Rd,Laurel,MD,20707,400000,3,2.0,SCOTCHTOWN HILLS,1152,12665,1982,,347,,Sold,,,https://www.redfin.com/MD/Laurel/7609-Brooklyn-Bridge-Rd-20707/home/10727572,BRIGHT MLS,MDPG2088018,N,Y,39.1108439,-76.8739653
PAST SALE,June-21-2023,Townhouse,8327 Brooktree St,Laurel,MD,20724,430000,3,3.0,RUSSETT,2202,1660,2000,,195,94,Sold,,,https://www.redfin.com/MD/Laurel/8327-Brooktree-St-20724/home/10371428,BRIGHT MLS,MDAA2060400,N,Y,39.1044632,-76.798319
PAST SALE,July-6-2023,Townhouse,3441 Londonleaf Ln,Laurel,MD,20724,325000,2,2.5,RUSSETT,1392,1359,1993,,233,118,Sold,,,https://www.redfin.com/MD/Laurel/3441-Londonleaf-Ln-20724/home/10367217,BRIGHT MLS,MDAA2061818,N,Y,39.1063596,-76.8020101
PAST SALE,April-28-2023,Townhouse,8713 Polished Pebble Way,Laurel,MD,20723,704000,3,3.5,STONE LAKE,3415,,2008,,206,216,Sold,,,https://www.redfin.com/MD/Laurel/8713-Polished-Pebble-Way-20723/home/10223129,BRIGHT MLS,MDHW2025958,N,Y,39.1384559,-76.844295
PAST SALE,October-18-2023,Townhouse,9748 Whiskey Run,Laurel,MD,20723,277500,2,2.0,WHISKEY BOTTOM,966,,1979,,287,144,Sold,,,https://www.redfin.com/MD/Laurel/9748-Whiskey-Run-20723/home/10166920,BRIGHT MLS,MDHW2032848,N,Y,39.1214272,-76.8499073
PAST SALE,August-4-2023,Townhouse,893 Talbott Ave,Laurel,MD,20707,415000,3,2.5,TALBOTT MEWS-RESUBOF LTS 24 & 28 BLK 9,1680,5298,1994,,247,,Sold,,,https://www.redfin.com/MD/Laurel/893-Talbott-Ave-20707/home/10717342,BRIGHT MLS,MDPG2080002,N,Y,39.102189,-76.8600359
PAST SALE,June-26-2023,Townhouse,8622 Red Rock Ln,Laurel,MD,20724,512000,3,3.5,FIELDSTONE,2400,1920,2014,,213,95,Sold,,,https://www.redfin.com/MD/Laurel/8622-Red-Rock-Ln-20724/home/12521446,BRIGHT MLS,MDAA2059490,N,Y,39.1115047,-76.8221059
PAST SALE,June-9-2023,Single Family Residential,7907 Anfred Dr,Laurel,MD,20723,526000,4,3.0,HAMMOND VILLAGE,1714,20081,1971,,307,,Sold,,,https://www.redfin.com/MD/Laurel/7907-Anfred-Dr-20723/home/10152467,BRIGHT MLS,MDHW2027666,N,Y,39.1543599,-76.8812166
PAST SALE,May-15-2023,Single Family Residential,2991 Winding River Pl,Laurel,MD,20724,735000,5,4.5,RUSSETT,4816,7724,1995,,153,76,Sold,,,https://www.redfin.com/MD/Laurel/2991-Winding-River-Pl-20724/home/10369456,BRIGHT MLS,MDAA2055264,N,Y,39.1129308,-76.8008653
PAST SALE,September-1-2023,Single Family Residential,11044 Scotts Landing Rd,Laurel,MD,20723,815000,4,2.5,CHERRY CREEK,2320,14060,1995,,351,38,Sold,,,https://www.redfin.com/MD/Laurel/11044-Scotts-Landing-Rd-20723/home/10197314,BRIGHT MLS,MDHW2030596,N,Y,39.1361179,-76.8961233
PAST SALE,May-17-2023,Townhouse,8125 Shoal Creek Dr,Laurel,MD,20724,485000,3,3.0,RUSSETT,2534,2090,1996,,191,106,Sold,,,https://www.redfin.com/MD/Laurel/8125-Shoal-Creek-Dr-20724/home/10369862,BRIGHT MLS,MDAA2057588,N,Y,39.113544,-76.8059466
PAST SALE,October-11-2023,Single Family Residential,3368 Cranberry S,Laurel,MD,20724,465000,3,3.0,MARYLAND CITY,2271,11000,1963,,205,,Sold,,,https://www.redfin.com/MD/Laurel/3368-Cranberry-S-20724/home/10347954,BRIGHT MLS,MDAA2067992,N,Y,39.0904199,-76.8170659
PAST SALE,May-31-2023,Townhouse,230 Sweet Pine Dr,Laurel,MD,20724,310000,3,2.5,PINES OF LAUREL CONDO,1370,,1985,,226,280,Sold,,,https://www.redfin.com/MD/Laurel/230-Sweet-Pine-Dr-20724/home/10354522,BRIGHT MLS,MDAA2058056,N,Y,39.0978111,-76.8159706
PAST SALE,August-31-2023,Townhouse,15705 Millbrook Ln #24,Laurel,MD,20707,340000,3,3.0,CROMWELL STATION,1770,,1976,,192,213,Sold,,,https://www.redfin.com/MD/Laurel/15705-Millbrook-Ln-20707/unit-24/home/10728478,BRIGHT MLS,MDPG2084190,N,Y,39.1052824,-76.8740216
PAST SALE,July-3-2023,Townhouse,3710 Claymont St,Laurel,MD,20724,465000,3,2.5,RUSSETT,1980,2962,1994,,235,83,Sold,,,https://www.redfin.com/MD/Laurel/3710-Claymont-St-20724/home/10367911,BRIGHT MLS,MDAA2062112,N,Y,39.1018083,-76.8138441
PAST SALE,May-19-2023,Single Family Residential,10002 Anise Ct,Laurel,MD,20723,1051000,5,4.5,WINCOPIA FARMS,4832,10445,2017,,218,78,Sold,,,https://www.redfin.com/MD/Laurel/10002-Anise-Ct-20723/home/110024266,BRIGHT MLS,MDHW2027126,N,Y,39.1501524,-76.850159
PAST SALE,April-28-2023,Townhouse,8620 Jacks Reef Rd,Laurel,MD,20724,400000,4,2.0,RUSSETT,1862,2250,1993,,215,107,Sold,,,https://www.redfin.com/MD/Laurel/8620-Jacks-Reef-Rd-20724/home/10368581,BRIGHT MLS,MDAA2056680,N,Y,39.1002239,-76.8095241
PAST SALE,May-9-2023,Single Family Residential,8417 Jandy Ave,Laurel,MD,20723,675000,4,3.5,LEISHEAR KNOLLS,2716,19994,1979,,249,,Sold,,,https://www.redfin.com/MD/Laurel/8417-Jandy-Ave-20723/home/10164026,BRIGHT MLS,MDHW2026836,N,Y,39.142697,-76.8861707
PAST SALE,September-8-2023,Single Family Residential,7933 Hammond Pkwy,Laurel,MD,20723,575000,4,3.0,HAMMOND VILLAGE,2334,21780,1963,,246,,Sold,,,https://www.redfin.com/MD/Laurel/7933-Hammond-Pkwy-20723/home/10146898,BRIGHT MLS,MDHW2031668,N,Y,39.1539843,-76.8887827
PAST SALE,July-28-2023,Townhouse,8205 Imperial Dr Unit 3-D,Laurel,MD,20708,299000,3,2.0,ANDOVER HEIGHTS CONDO I,1795,6050,1971,,167,125,Sold,,,https://www.redfin.com/MD/Laurel/8205-Imperial-Dr-20708/unit-3-D/home/10712362,BRIGHT MLS,MDPG2081114,N,Y,39.067233,-76.8570672
PAST SALE,October-18-2023,Single Family Residential,7407 Heartleaf Cir,Laurel,MD,20707,675000,4,3.0,PINES OF LAUREL-PLAT 13-RSB PAR A-PHASE 2>,2184,8885,2005,,309,280,Sold,,,https://www.redfin.com/MD/Laurel/7407-Heartleaf-Cir-20707/home/11134879,BRIGHT MLS,MDPG2090334,N,Y,39.0773982,-76.8781836
PAST SALE,July-13-2023,Single Family Residential,9616 Park Ave,Laurel,MD,20723,675000,4,3.5,Laurel,2857,14461,1997,,236,,Sold,,,https://www.redfin.com/MD/Laurel/9616-Park-Ave-20723/home/10184055,BRIGHT MLS,MDHW2029604,N,Y,39.1158682,-76.8444602
PAST SALE,July-14-2023,Townhouse,240 Narrowleaf Way,Laurel,MD,20724,460000,3,3.5,WATERSHED,1700,1470,2022,,271,105,Sold,,,https://www.redfin.com/MD/Laurel/240-Narrowleaf-Way-20724/home/174484535,BRIGHT MLS,MDAA2060276,N,Y,39.0878,-76.783949
PAST SALE,October-16-2023,Townhouse,14809 Ashford Pl,Laurel,MD,20707,394000,3,2.5,ASHFORD,1372,1740,1984,,287,78,Sold,,,https://www.redfin.com/MD/Laurel/14809-Ashford-Pl-20707/home/10722840,BRIGHT MLS,MDPG2091598,N,Y,39.0931022,-76.864324
PAST SALE,August-4-2023,Townhouse,7607 Haines Ct,Laurel,MD,20707,325000,3,1.5,HAINES RIDGE SUB,1364,3150,1979,,238,13,Sold,,,https://www.redfin.com/MD/Laurel/7607-Haines-Ct-20707/home/10714634,BRIGHT MLS,MDPG2082908,N,Y,39.1072046,-76.873346
PAST SALE,April-28-2023,Townhouse,3633 Marcey Creek Rd,Laurel,MD,20724,450000,3,3.0,RUSSETT,2294,3184,1993,,196,99,Sold,,,https://www.redfin.com/MD/Laurel/3633-Marcey-Creek-Rd-20724/home/10368430,BRIGHT MLS,MDAA2057378,N,Y,39.1012463,-76.8120429
PAST SALE,September-28-2023,Townhouse,1107 Patuxent Greens Dr,Laurel,MD,20708,478635,3,2.5,PATUXENT GREENS,2030,,2023,,236,136,Sold,,,https://www.redfin.com/MD/Laurel/1107-Patuxent-Greens-Dr-20708/home/171291234,BRIGHT MLS,MDPG2068826,N,Y,39.088218,-76.841117
PAST SALE,July-17-2023,Single Family Residential,10710 E Crestview Ln,Laurel,MD,20723,550000,4,3.0,HAMMOND VILLAGE,2260,22100,1961,,243,,Sold,,,https://www.redfin.com/MD/Laurel/10710-E-Crestview-Ln-20723/home/10152675,BRIGHT MLS,MDHW2029470,N,Y,39.1531333,-76.8834234
PAST SALE,October-6-2023,Townhouse,14315 Chapel Cove Ct,Laurel,MD,20707,342000,2,1.5,LAUREL LAKES,1124,1071,1986,,304,44,Sold,,,https://www.redfin.com/MD/Laurel/14315-Chapel-Cove-Ct-20707/home/10719022,BRIGHT MLS,MDPG2088608,N,Y,39.0891501,-76.8669834
PAST SALE,May-17-2023,Single Family Residential,3374 Crumpton S,Laurel,MD,20724,449750,5,3.0,MARYLAND CITY,1622,8468,1964,,277,,Sold,,,https://www.redfin.com/MD/Laurel/3374-Crumpton-S-20724/home/10347513,BRIGHT MLS,MDAA2057316,N,Y,39.0976321,-76.8182375
PAST SALE,August-7-2023,Single Family Residential,11608 Clocktower Ln,Laurel,MD,20708,555000,4,2.5,WOODBRIDGE PLAT 5,2172,6500,1991,,256,20,Sold,,,https://www.redfin.com/MD/Laurel/11608-Clocktower-Ln-20708/home/10711118,BRIGHT MLS,MDPG2082678,N,Y,39.0491891,-76.8545963
PAST SALE,May-2-2023,Single Family Residential,10785 W Crestview Ln,Laurel,MD,20723,525000,4,2.5,HAMMOND VILLAGE,2408,20473,1964,,218,,Sold,,,https://www.redfin.com/MD/Laurel/10785-W-Crestview-Ln-20723/home/10158210,BRIGHT MLS,MDHW2026414,N,Y,39.1539724,-76.886576
PAST SALE,May-17-2023,Single Family Residential,6111 Goodman Rd,Laurel,MD,20707,515000,4,2.5,BOND MILL PARK,2388,10646,1968,,216,,Sold,,,https://www.redfin.com/MD/Laurel/6111-Goodman-Rd-20707/home/10730363,BRIGHT MLS,MDPG2075634,N,Y,39.1111217,-76.8995457
PAST SALE,July-31-2023,Single Family Residential,705 Fairlawn Ave,Laurel,MD,20707,435000,5,2.0,LAUREL ADDN RESUB,887,5300,2000,,490,,Sold,,,https://www.redfin.com/MD/Laurel/705-Fairlawn-Ave-20707/home/10742038,BRIGHT MLS,MDPG2083618,N,Y,39.099898,-76.8516225
PAST SALE,September-29-2023,Single Family Residential,9299 All Saints Rd,Laurel,MD,20723,552150,3,2.0,HIGH RIDGE,2208,23086,1987,,250,,Sold,,,https://www.redfin.com/MD/Laurel/9299-All-Saints-Rd-20723/home/10150137,BRIGHT MLS,MDHW2031942,N,Y,39.1169349,-76.852389
PAST SALE,June-12-2023,Single Family Residential,8641 Vintage Earth Path,Laurel,MD,20723,797750,5,3.5,EMERSON,5364,7217,2005,,149,95,Sold,,,https://www.redfin.com/MD/Laurel/8641-Vintage-Earth-Path-20723/home/10223334,BRIGHT MLS,MDHW2027868,N,Y,39.135222,-76.845226
PAST SALE,May-25-2023,Townhouse,207 Lyons Creek Dr Unit SPEC,Laurel,MD,20708,475000,3,3.0,PATUXENT GREENS,2030,,2023,,234,136,Sold,,,https://www.redfin.com/MD/Laurel/207-Lyons-Creek-Dr-20708/unit-SPEC/home/184771827,BRIGHT MLS,MDPG2073422,N,Y,39.0844104,-76.8399841
PAST SALE,June-23-2023,Townhouse,1027 Phillip Powers Dr,Laurel,MD,20707,268500,2,1.0,LAUREL GARDENS,800,1650,1952,,336,,Sold,,,https://www.redfin.com/MD/Laurel/1027-Phillip-Powers-Dr-20707/home/10723588,BRIGHT MLS,MDPG2080508,N,Y,39.1064991,-76.8622654
PAST SALE,August-31-2023,Single Family Residential,6109 Parkway Dr,Laurel,MD,20707,475000,4,2.0,WEST LAUREL ACRES,1340,23059,1958,,354,,Sold,,,https://www.redfin.com/MD/Laurel/6109-Parkway-Dr-20707/home/10720305,BRIGHT MLS,MDPG2085638,N,Y,39.1078878,-76.8995907
PAST SALE,October-5-2023,Single Family Residential,8314 Pigeon Fork Ln,Laurel,MD,20724,570000,3,3.0,RUSSETT,2764,4224,1999,,206,85,Sold,,,https://www.redfin.com/MD/Laurel/8314-Pigeon-Fork-Ln-20724/home/10372666,BRIGHT MLS,MDAA2067828,N,Y,39.1058333,-76.7998063
PAST SALE,May-30-2023,Townhouse,8722 Polished Pebble Way,Laurel,MD,20723,712000,4,3.5,STONE LAKE,3640,2743,2011,,196,216,Sold,,,https://www.redfin.com/MD/Laurel/8722-Polished-Pebble-Way-20723/home/10223068,BRIGHT MLS,MDHW2027018,N,Y,39.1385533,-76.8450008
PAST SALE,July-31-2023,Townhouse,8517 Crooked Tree Ln,Laurel,MD,20724,525000,3,3.5,FIELDSTONE,2436,1920,2013,,216,95,Sold,,,https://www.redfin.com/MD/Laurel/8517-Crooked-Tree-Ln-20724/home/12522476,BRIGHT MLS,MDAA2061984,N,Y,39.1108844,-76.8204371
PAST SALE,May-23-2023,Townhouse,9100 Tumbleweed Run Unit F,Laurel,MD,20723,295000,3,2.0,WHISKEY BOTTOM,1956,,1979,,151,310,Sold,,,https://www.redfin.com/MD/Laurel/9100-Tumbleweed-Run-20723/unit-F/home/10161710,BRIGHT MLS,MDHW2026674,N,Y,39.1236796,-76.8427085
PAST SALE,June-16-2023,Single Family Residential,10009 Fall Rain Dr,Laurel,MD,20723,925000,4,4.5,EMERSON,5102,12028,2005,,181,108,Sold,,,https://www.redfin.com/MD/Laurel/10009-Fall-Rain-Dr-20723/home/10212753,BRIGHT MLS,MDHW2027852,N,Y,39.1424836,-76.859101
PAST SALE,July-27-2023,Townhouse,8895 Old Scaggsville Rd,Laurel,MD,20723,410000,3,3.0,WYNDEMERE,1720,2134,1994,,238,65,Sold,,,https://www.redfin.com/MD/Laurel/8895-Old-Scaggsville-Rd-20723/home/10194829,BRIGHT MLS,MDHW2030338,N,Y,39.1242338,-76.8617594
PAST SALE,April-28-2023,Single Family Residential,8236 Sandy Stream Rd,Laurel,MD,20723,761200,4,2.5,PATUXENT SPRINGS,2608,20000,1993,,292,21,Sold,,,https://www.redfin.com/MD/Laurel/8236-Sandy-Stream-Rd-20723/home/10195598,BRIGHT MLS,MDHW2025750,N,Y,39.1500249,-76.8918391
PAST SALE,August-10-2023,Single Family Residential,10305 Balsamwood Ct,Laurel,MD,20708,575000,4,2.5,MONTPELIER WOODS- PLAT SIX,2234,10815,1985,,257,11,Sold,,,https://www.redfin.com/MD/Laurel/10305-Balsamwood-Ct-20708/home/10721140,BRIGHT MLS,MDPG2083762,N,Y,39.0505533,-76.8276271
PAST SALE,June-22-2023,Single Family Residential,15918 Jerald Rd,Laurel,MD,20707,553000,4,2.5,ECHO FARMS,2592,9078,1968,,213,,Sold,,,https://www.redfin.com/MD/Laurel/15918-Jerald-Rd-20707/home/10721894,BRIGHT MLS,MDPG2078686,N,Y,39.1114028,-76.9034183
PAST SALE,September-21-2023,Townhouse,8605 Jacks Reef Rd,Laurel,MD,20724,419000,3,2.5,RUSSETT,1562,1500,1993,,268,107,Sold,,,https://www.redfin.com/MD/Laurel/8605-Jacks-Reef-Rd-20724/home/10368627,BRIGHT MLS,MDAA2063756,N,Y,39.1007101,-76.8087823
PAST SALE,May-15-2023,Single Family Residential,9621 Baltimore Ave,Laurel,MD,20723,450000,3,1.5,Laurel,2248,10062,1964,,200,,Sold,,,https://www.redfin.com/MD/Laurel/9621-Baltimore-Ave-20723/home/10154026,BRIGHT MLS,MDHW2027130,N,Y,39.111274,-76.84477
PAST SALE,May-4-2023,Single Family Residential,10209 Snowden Rd,Laurel,MD,20708,477000,4,2.5,MONTPELIER WOODS,2016,11031,1980,,237,13,Sold,,,https://www.redfin.com/MD/Laurel/10209-Snowden-Rd-20708/home/10720948,BRIGHT MLS,MDPG2071684,N,Y,39.0548039,-76.8284659
PAST SALE,June-30-2023,Townhouse,14644 Cambridge Cir,Laurel,MD,20707,452500,3,2.5,LAUREL LAKES,2040,1647,1988,,222,65,Sold,,,https://www.redfin.com/MD/Laurel/14644-Cambridge-Cir-20707/home/10717491,BRIGHT MLS,MDPG2077258,N,Y,39.0927025,-76.8679822
PAST SALE,July-31-2023,Single Family Residential,7990 Aladdin Dr,Laurel,MD,20723,634000,99,152.0,HAMMOND VILLAGE,2049,21649,1965,,309,,Sold,,,https://www.redfin.com/MD/Laurel/7990-Aladdin-Dr-20723/home/10148756,BRIGHT MLS,MDHW2030176,N,Y,39.131385178005026,-76.88587883793477
PAST SALE,April-28-2023,Single Family Residential,8911 Robin Pl,Laurel,MD,20708,429000,4,2.0,SNOW HILL MANOR,2240,7515,1965,,192,,Sold,,,https://www.redfin.com/MD/Laurel/8911-Robin-Pl-20708/home/10737155,BRIGHT MLS,MDPG2074180,N,Y,39.0832374,-76.8486499
PAST SALE,July-28-2023,Townhouse,8739 Castlerock Ct,Laurel,MD,20723,410000,3,3.0,WYNDEMERE II,1732,1800,1996,,237,47,Sold,,,https://www.redfin.com/MD/Laurel/8739-Castlerock-Ct-20723/home/10198332,BRIGHT MLS,MDHW2029196,N,Y,39.1210722,-76.8556211
PAST SALE,October-12-2023,Single Family Residential,12604 Silverbirch Ln,Laurel,MD,20708,495000,4,2.5,MONTPELIER,2630,19264,1968,,188,25,Sold,,,https://www.redfin.com/MD/Laurel/12604-Silverbirch-Ln-20708/home/10738150,BRIGHT MLS,MDPG2088686,N,Y,39.0638329,-76.8479291
PAST SALE,July-14-2023,Single Family Residential,903 Montrose Ave,Laurel,MD,20707,350000,3,1.0,FAIRLAWN,920,7195,1951,,380,,Sold,,,https://www.redfin.com/MD/Laurel/903-Montrose-Ave-20707/home/10737132,BRIGHT MLS,MDPG2080716,N,Y,39.1006883,-76.8603172
PAST SALE,August-17-2023,Townhouse,8610 Hartwood Pl,Laurel,MD,20724,410000,3,2.5,RUSSETT,1980,1685,1994,,207,87,Sold,,,https://www.redfin.com/MD/Laurel/8610-Hartwood-Pl-20724/home/10367886,BRIGHT MLS,MDAA2063440,N,Y,39.1020447,-76.8148585
PAST SALE,September-25-2023,Townhouse,8624 Summer Waves Way,Laurel,MD,20723,620000,4,3.5,EMERSON,2840,,2012,,218,191,Sold,,,https://www.redfin.com/MD/Laurel/8624-Summer-Waves-Way-20723/home/40025975,BRIGHT MLS,MDHW2031292,N,Y,39.1344664,-76.8477038
PAST SALE,September-25-2023,Townhouse,9712 Whiskey Run,Laurel,MD,20723,260000,2,1.5,WHISKEY BOTTOM,1266,,1979,,205,,Sold,,,https://www.redfin.com/MD/Laurel/9712-Whiskey-Run-20723/home/10165775,BRIGHT MLS,MDHW2029404,N,Y,39.1224879,-76.8486541
PAST SALE,May-8-2023,Single Family Residential,16118 Kenny Rd,Laurel,MD,20707,520000,4,3.0,ROCKY GORGE ESTATES-ANSELMOS ADDN,2320,12082,1968,,224,,Sold,,,https://www.redfin.com/MD/Laurel/16118-Kenny-Rd-20707/home/10736838,BRIGHT MLS,MDPG2072772,N,Y,39.111875,-76.884054
PAST SALE,May-16-2023,Townhouse,9357 Kendal Cir,Laurel,MD,20723,460000,3,3.5,BOWLING BROOK FARMS,1716,1785,1989,,268,49,Sold,,,https://www.redfin.com/MD/Laurel/9357-Kendal-Cir-20723/home/10190006,BRIGHT MLS,MDHW2027044,N,Y,39.13284,-76.830974
PAST SALE,June-26-2023,Single Family Residential,1011 Harrison Dr,Laurel,MD,20707,371000,2,1.0,FAIRLAWN,1369,6558,1951,,271,,Sold,,,https://www.redfin.com/MD/Laurel/1011-Harrison-Dr-20707/home/10712477,BRIGHT MLS,MDPG2079198,N,Y,39.099451,-76.861038
PAST SALE,October-24-2023,Townhouse,9655 Homestead Ct Unit B,Laurel,MD,20723,252000,2,1.5,WHISKEY BOTTOM,920,,1974,,274,359,Sold,,,https://www.redfin.com/MD/Laurel/9655-Homestead-Ct-20723/unit-B/home/10159153,BRIGHT MLS,MDHW2032492,N,Y,39.1173871,-76.8446785
PAST SALE,July-17-2023,Townhouse,14837 Willow Run Ln Unit SPEC,Laurel,MD,20708,515930,3,2.5,WESTSIDE,2239,,2023,,230,121,Sold,,,https://www.redfin.com/MD/Laurel/14837-Willow-Run-LN-Unknown/unit-SPEC/home/183974690,BRIGHT MLS,MDPG2067964,N,Y,39.06984626,-76.85884033
PAST SALE,August-14-2023,Townhouse,14844 Willow Run Ln,Laurel,MD,20707,504530,3,2.5,WESTSIDE,2239,,2023,,225,121,Sold,,,https://www.redfin.com/MD/Laurel/14844-Willow-Run-Ln-20707/home/174579423,BRIGHT MLS,MDPG2070436,N,Y,39.084855,-76.890178
PAST SALE,July-17-2023,Townhouse,9348 Sombersby Ct,Laurel,MD,20723,442000,3,3.0,BOWLING BROOK FARMS,1659,1785,1991,,266,48,Sold,,,https://www.redfin.com/MD/Laurel/9348-Sombersby-Ct-20723/home/10193680,BRIGHT MLS,MDHW2029732,N,Y,39.1325447,-76.8351905
PAST SALE,July-18-2023,Townhouse,3509 Seagrass Ln,Laurel,MD,20724,490000,4,3.0,FIELDSTONE,2113,1760,2013,,232,95,Sold,,,https://www.redfin.com/MD/Laurel/3509-Seagrass-Ln-20724/home/12522287,BRIGHT MLS,MDAA2060360,N,Y,39.1106337,-76.8212101
PAST SALE,August-10-2023,Townhouse,14842 Willow Run Ln,Laurel,MD,20707,575575,3,2.5,WESTSIDE,2239,,2023,,257,121,Sold,,,https://www.redfin.com/MD/Laurel/14842-Willow-Run-Ln-20707/home/174579424,BRIGHT MLS,MDPG2072336,N,Y,39.084862,-76.890092
PAST SALE,October-17-2023,Townhouse,3401 Watershed Blvd,Laurel,MD,20724,520690,3,2.5,ARUNDEL GATEWAY,1948,2038,2023,,267,110,Sold,,,https://www.redfin.com/MD/Laurel/3401-Watershed-Blvd-20724/home/174484698,BRIGHT MLS,MDAA2070184,N,Y,39.087278,-76.787004
PAST SALE,July-14-2023,Townhouse,3105 Lunar Ct,Laurel,MD,20724,475000,3,3.5,RUSSETT,2882,,2002,,165,111,Sold,,,https://www.redfin.com/MD/Laurel/3105-Lunar-Ct-20724/home/10475486,BRIGHT MLS,MDAA2062300,N,Y,39.1080685,-76.7938572
PAST SALE,September-1-2023,Single Family Residential,6515 Brooklyn Bridge Rd,Laurel,MD,20707,855000,5,3.0,MCCAHILL ESTATES- LEWIS ADDN,4162,20000,1990,,205,,Sold,,,https://www.redfin.com/MD/Laurel/6515-Brooklyn-Bridge-Rd-20707/home/10712375,BRIGHT MLS,MDPG2084166,N,Y,39.1176363,-76.8935564
PAST SALE,June-26-2023,Townhouse,108 Woodridge Pl,Laurel,MD,20724,323000,2,2.5,RUSSETT,1392,1359,1992,,232,118,Sold,,,https://www.redfin.com/MD/Laurel/108-Woodridge-Pl-20724/home/10367417,BRIGHT MLS,MDAA2057674,N,Y,39.1069382,-76.8040974
PAST SALE,July-1-2023,Townhouse,14722 Spring Haven Ln Unit SPEC,Laurel,MD,20707,489990,3,2.5,WESTSIDE,1978,,2023,,248,121,Sold,,,https://www.redfin.com/MD/Laurel/14722-Spring-Haven-LN-Unknown/unit-SPEC/home/185433968,BRIGHT MLS,MDPG2078726,N,Y,39.0826982,-76.88842635
PAST SALE,May-1-2023,Townhouse,9342 Cross Timbers Ct,Laurel,MD,20723,360000,3,1.0,SETTLERS LANDING,1310,1481,1985,,275,60,Sold,,,https://www.redfin.com/MD/Laurel/9342-Cross-Timbers-Ct-20723/home/10175857,BRIGHT MLS,MDHW2026636,N,Y,39.1141731,-76.8547202
PAST SALE,May-31-2023,Townhouse,3615 Laurel View Ct,Laurel,MD,20724,367000,3,2.0,LAUREL HIGHLANDS,1700,3600,1987,,216,77,Sold,,,https://www.redfin.com/MD/Laurel/3615-Laurel-View-Ct-20724/home/10340147,BRIGHT MLS,MDAA2053210,N,Y,39.103395,-76.816947
PAST SALE,May-9-2023,Single Family Residential,9203 Briarchip St,Laurel,MD,20708,625000,6,5.0,SNOW HILL MANOR PLAT TWO,2597,13484,1977,,241,,Sold,,,https://www.redfin.com/MD/Laurel/9203-Briarchip-St-20708/home/10717245,BRIGHT MLS,MDPG2073706,N,Y,39.0819178,-76.8435817
PAST SALE,August-16-2023,Townhouse,9170 Hitching Post Ln Unit L,Laurel,MD,20723,235000,2,1.5,WHISKEY BOTTOM,860,,1973,,273,238,Sold,,,https://www.redfin.com/MD/Laurel/9170-Hitching-Post-Ln-20723/unit-L/home/10154999,BRIGHT MLS,MDHW2027892,N,Y,39.1180248,-76.8460144
PAST SALE,July-14-2023,Townhouse,12834 Claxton Dr Unit 4-D,Laurel,MD,20708,303000,3,2.0,ANDOVER HEIGHTS CONDO I,2365,,1969,,128,113,Sold,,,https://www.redfin.com/MD/Laurel/12834-Claxton-Dr-20708/unit-4-D/home/10731226,BRIGHT MLS,MDPG2081960,N,Y,39.0674365,-76.8566367
PAST SALE,September-27-2023,Single Family Residential,9920 Snowy Hill Ter,Laurel,MD,20723,760000,4,3.5,EMERSON,2696,8006,2004,,282,85,Sold,,,https://www.redfin.com/MD/Laurel/9920-Snowy-Hill-Ter-20723/home/10212736,BRIGHT MLS,MDHW2031656,N,Y,39.1421448,-76.8578847
PAST SALE,June-26-2023,Single Family Residential,7 Little River Rd,Laurel,MD,20724,645000,4,3.5,RUSSETT,3586,10541,1992,,180,83,Sold,,,https://www.redfin.com/MD/Laurel/7-Little-River-Rd-20724/home/10368271,BRIGHT MLS,MDAA2059334,N,Y,39.1106094,-76.8020596
PAST SALE,June-13-2023,Single Family Residential,12610 Carland Pl,Laurel,MD,20708,540000,4,3.0,MONTPELIER WEST,1968,18335,1984,,274,,Sold,,,https://www.redfin.com/MD/Laurel/12610-Carland-Pl-20708/home/10716205,BRIGHT MLS,MDPG2075932,N,Y,39.0628136,-76.8652721
PAST SALE,May-16-2023,Single Family Residential,8714 Oxwell Ln,Laurel,MD,20708,565000,5,3.0,MONTPELIER,2414,16500,1968,,234,27,Sold,,,https://www.redfin.com/MD/Laurel/8714-Oxwell-Ln-20708/home/10734992,BRIGHT MLS,MDPG2076048,N,Y,39.063836,-76.8549567
PAST SALE,July-12-2023,Single Family Residential,9022 Melody Dr,Laurel,MD,20723,720000,4,3.5,KINGS ARMS,3470,7280,2018,,207,50,Sold,,,https://www.redfin.com/MD/Laurel/9022-Melody-Dr-20723/home/146056740,BRIGHT MLS,MDHW2028316,N,Y,39.1224115,-76.8394594
PAST SALE,October-13-2023,Single Family Residential,10506 Scaggsville Rd,Laurel,MD,20723,500000,3,3.0,Laurel,2286,18730,1971,,219,,Sold,,,https://www.redfin.com/MD/Laurel/10506-Scaggsville-Rd-20723/home/10155748,BRIGHT MLS,MDHW2032596,N,Y,39.136708,-76.87468
PAST SALE,July-27-2023,Townhouse,9826 Snow Bird Ln,Laurel,MD,20723,569999,3,2.5,EMERSON,2756,2090,2005,,207,53,Sold,,,https://www.redfin.com/MD/Laurel/9826-Snow-Bird-Ln-20723/home/10219656,BRIGHT MLS,MDHW2029030,N,Y,39.1406561,-76.8563982
PAST SALE,June-9-2023,Townhouse,7107 Piney Woods Pl,Laurel,MD,20707,545000,4,2.5,PINES OF LAUREL-PLAT 13-RSB PAR A-PHASE 2>,3005,3488,2005,,181,252,Sold,,,https://www.redfin.com/MD/Laurel/7107-Piney-Woods-Pl-20707/home/11135165,BRIGHT MLS,MDPG2076524,N,Y,39.0759602,-76.883536
PAST SALE,July-26-2023,Single Family Residential,12211 Mount Pleasant Dr,Laurel,MD,20708,640000,6,3.5,MONTPELIER,3995,15272,1967,,160,27,Sold,,,https://www.redfin.com/MD/Laurel/12211-Mount-Pleasant-Dr-20708/home/10710892,BRIGHT MLS,MDPG2082906,N,Y,39.0580335,-76.8486499
PAST SALE,October-11-2023,Townhouse,7530 N Arbory Way N #98,Laurel,MD,20707,320000,3,2.5,ARBORY CONDO PHASE SIX-RESUB,1272,,1978,,252,230,Sold,,,https://www.redfin.com/MD/Laurel/7530-N-Arbory-Way-20707/unit-98/home/10725112,BRIGHT MLS,MDPG2090012,N,Y,39.1018715,-76.8742744
PAST SALE,May-31-2023,Single Family Residential,34 S Bruce,Laurel,MD,20724,80000,2,2.0,PARKWAY VILLAGE MANUFACTURED HOME COMMUNITY,980,2975,2007,,82,,Sold,,,https://www.redfin.com/MD/Maryland-City/34-S-Bruce-St-20724/home/185027861,BRIGHT MLS,MDAA2057526,N,Y,39.0881362,-76.8251429
PAST SALE,September-19-2023,Townhouse,9100 Tumbleweed Run Unit E,Laurel,MD,20723,278000,2,2.0,WHISKEY BOTTOM,1316,,1979,,211,260,Sold,,,https://www.redfin.com/MD/Laurel/9100-Tumbleweed-Run-20723/unit-E/home/10161707,BRIGHT MLS,MDHW2031570,N,Y,39.1236796,-76.8427085
PAST SALE,September-25-2023,Townhouse,11484 Laurelwalk Dr Unit B-87,Laurel,MD,20708,255000,3,2.0,APPLEWALK CONDO,1203,,1973,,212,202,Sold,,,https://www.redfin.com/MD/Laurel/11484-Laurelwalk-Dr-20708/unit-B-87/home/10734085,BRIGHT MLS,MDPG2086980,N,Y,39.0462666,-76.8402624
PAST SALE,September-13-2023,Townhouse,12968 Claxton Dr Unit 2-A,Laurel,MD,20708,279000,3,2.0,ANDOVER HEIGHTS CONDO I,1885,,1969,,148,150,Sold,,,https://www.redfin.com/MD/Laurel/12968-Claxton-Dr-20708/unit-2-A/home/10715387,BRIGHT MLS,MDPG2080674,N,Y,39.0687355,-76.8554406
PAST SALE,July-14-2023,Townhouse,14835 Willow Run Ln,Laurel,MD,20708,527085,3,3.5,WESTSIDE,2239,,2023,,235,121,Sold,,,https://www.redfin.com/MD/Laurel/14835-Willow-Run-Ln-20707/home/174579452,BRIGHT MLS,MDPG2068678,N,Y,39.084625,-76.889573
PAST SALE,July-10-2023,Single Family Residential,6903 Redmiles Rd,Laurel,MD,20707,512500,3,2.5,WALKER HILL,2562,10053,1966,,200,,Sold,,,https://www.redfin.com/MD/Laurel/6903-Redmiles-Rd-20707/home/10714069,BRIGHT MLS,MDPG2079180,N,Y,39.1085037,-76.8881523
PAST SALE,June-5-2023,Single Family Residential,916 Phillip Powers Dr,Laurel,MD,20707,554000,6,4.0,LAUREL GARDENS,1694,6200,1953,,327,,Sold,,,https://www.redfin.com/MD/Laurel/916-Phillip-Powers-Dr-20707/home/10714429,BRIGHT MLS,MDPG2075746,N,Y,39.1055766,-76.8618037
PAST SALE,August-14-2023,Single Family Residential,9351 Kings Grant Rd,Laurel,MD,20723,542500,3,2.5,KINGS WOODS,1544,6272,1992,,351,14,Sold,,,https://www.redfin.com/MD/Laurel/9351-Kings-Grant-Rd-20723/home/10193378,BRIGHT MLS,MDHW2028746,N,Y,39.124383,-76.8360803
PAST SALE,May-17-2023,Single Family Residential,1100 8th St,Laurel,MD,20707,350000,3,1.5,FAIRLAWN,920,7614,1951,,380,,Sold,,,https://www.redfin.com/MD/Laurel/1100-8th-St-20707/home/10738090,BRIGHT MLS,MDPG2074434,N,Y,39.0975821,-76.8611509
PAST SALE,October-13-2023,Townhouse,9588 Canterbury Riding #200,Laurel,MD,20723,300000,3,2.5,CANTERBURY RIDING,1438,,1976,,209,220,Sold,,,https://www.redfin.com/MD/Laurel/9588-Canterbury-Riding-20723/unit-200/home/10160837,BRIGHT MLS,MDHW2031614,N,Y,39.123845,-76.8459
PAST SALE,September-29-2023,Single Family Residential,914 Phillip Powers Dr,Laurel,MD,20707,527000,6,3.0,LAUREL GARDENS,1502,6000,1953,,351,,Sold,,,https://www.redfin.com/MD/Laurel/914-Phillip-Powers-Dr-20707/home/10722292,BRIGHT MLS,MDPG2088256,N,Y,39.1055248,-76.8616123
PAST SALE,July-17-2023,Townhouse,7914 Chapel Cv,Laurel,MD,20707,405000,2,2.5,LAUREL LAKES PLAT 2,1984,1296,1988,,204,44,Sold,,,https://www.redfin.com/MD/Laurel/7914-Chapel-Cove-Dr-20707/home/10714257,BRIGHT MLS,MDPG2081282,N,Y,39.0897998,-76.8682438
PAST SALE,June-30-2023,Single Family Residential,8706 Lindendale Dr,Laurel,MD,20707,400000,3,2.0,OAK CREST,1480,7500,1994,,270,,Sold,,,https://www.redfin.com/MD/Laurel/8706-Lindendale-Dr-20707/home/10729760,BRIGHT MLS,MDPG2078634,N,Y,39.0827762,-76.8558126
PAST SALE,August-9-2023,Townhouse,15609 Birch Run Ter,Laurel,MD,20707,340000,4,3.5,BIRCH RUN,1512,1620,1983,,225,63,Sold,,,https://www.redfin.com/MD/Laurel/15609-Birch-Run-Ter-20707/home/10713728,BRIGHT MLS,MDPG2069024,N,Y,39.1055275,-76.8670626
PAST SALE,June-15-2023,Single Family Residential,6015 Brooklyn Bridge Rd,Laurel,MD,20707,569900,3,2.5,SPICER HILL SUB,1584,141570,1953,,360,,Sold,,,https://www.redfin.com/MD/Laurel/6015-Brooklyn-Bridge-Rd-20707/home/10733748,BRIGHT MLS,MDPG2077442,N,Y,39.1152802,-76.9013019
PAST SALE,,Single Family Residential,8761 Oxwell Ln,Laurel,MD,20708,574000,,2.5,,2370,14558,1968,,242,,,,,https://www.redfin.com/MD/Laurel/8761-Oxwell-Ln-20708/home/10734553,,,N,Y,39.0603214,-76.8585154
PAST SALE,August-31-2023,Townhouse,11474 Laurelwalk Dr #91,Laurel,MD,20708,247000,3,2.0,APPLEWALK CONDO,1315,,1973,,188,199,Sold,,,https://www.redfin.com/MD/Laurel/11474-Laurelwalk-Dr-20708/unit-91/home/10734101,BRIGHT MLS,MDPG2084042,N,Y,39.0461477,-76.8402064
PAST SALE,August-15-2023,Townhouse,8403 Pamela Way #56,Laurel,MD,20723,545900,4,3.5,CHERRYTREE PARK,2395,,2004,,228,135,Sold,,,https://www.redfin.com/MD/Laurel/8403-Pamela-Way-20723/unit-56/home/10219570,BRIGHT MLS,MDHW2031498,N,Y,39.142866,-76.9006264
PAST SALE,July-21-2023,Single Family Residential,10404 Derby Dr,Laurel,MD,20723,815000,4,2.5,HUNTERS CREEK FARM,2977,13502,1993,,274,18,Sold,,,https://www.redfin.com/MD/Laurel/10404-Derby-Dr-20723/home/10192087,BRIGHT MLS,MDHW2030246,N,Y,39.1563597,-76.865137
PAST SALE,July-31-2023,Single Family Residential,8484 Tipton Dr,Laurel,MD,20723,800000,4,3.5,Laurel,3669,35801,2000,,218,,Sold,,,https://www.redfin.com/MD/Laurel/8484-Tipton-Dr-20723/home/10199229,BRIGHT MLS,MDHW2029908,N,Y,39.1410607,-76.8805861
PAST SALE,August-8-2023,Townhouse,14411 Mayfair Dr,Laurel,MD,20707,430000,3,3.0,MAYFAIR-PLAT TWO,1600,2846,1988,,269,61,Sold,,,https://www.redfin.com/MD/Laurel/14411-Mayfair-Dr-20707/home/10716513,BRIGHT MLS,MDPG2084724,N,Y,39.0884347,-76.8871083
PAST SALE,September-15-2023,Single Family Residential,9307 Montpelier Dr,Laurel,MD,20708,710000,5,2.5,MONTPELIER,3800,15457,1967,,187,27,Sold,,,https://www.redfin.com/MD/Laurel/9307-Montpelier-Dr-20708/home/10731038,BRIGHT MLS,MDPG2086160,N,Y,39.0687859,-76.8440097
PAST SALE,September-14-2023,Townhouse,15030 Cherrywood Dr Unit 3N,Laurel,MD,20707,342000,3,2.5,CHERRYWOOD CONDO- PHASE I,1396,,1980,,245,192,Sold,,,https://www.redfin.com/MD/Laurel/15030-Cherrywood-Dr-20707/unit-3N/home/10734833,BRIGHT MLS,MDPG2085158,N,Y,39.0971963,-76.8773369
PAST SALE,July-31-2023,Single Family Residential,3369 Wye Mls S,Laurel,MD,20724,398000,3,2.0,MARYLAND CITY,2013,7590,1963,,198,,Sold,,,https://www.redfin.com/MD/Laurel/3369-Wye-Mls-S-20724/home/10344921,BRIGHT MLS,MDAA2063030,N,Y,39.0925653,-76.8176445
PAST SALE,June-30-2023,Single Family Residential,918 Nichols Dr,Laurel,MD,20707,460000,4,4.0,LAUREL GARDENS,2081,12300,1947,,221,,Sold,,,https://www.redfin.com/MD/Laurel/918-Nichols-Dr-20707/home/10727362,BRIGHT MLS,MDPG2078998,N,Y,39.1044666,-76.860137
PAST SALE,October-13-2023,Townhouse,9045 N Laurel Rd Unit H,Laurel,MD,20723,235000,2,1.5,WHISKEY BOTTOM SQUARE,1008,,1984,,233,198,Sold,,,https://www.redfin.com/MD/Laurel/9045-N-Laurel-Rd-20723/unit-H/home/10173802,BRIGHT MLS,MDHW2033190,N,Y,39.1214571,-76.8450803
PAST SALE,May-31-2023,Townhouse,9423 Nicklaus Ln #59,Laurel,MD,20708,320000,3,2.5,THE VILLAGE AT GREENS OF PATUXENT CONDO PH 2A>,1548,,1987,,207,438,Sold,,,https://www.redfin.com/MD/Laurel/9423-Nicklaus-Ln-20708/unit-59/home/10724667,BRIGHT MLS,MDPG2073910,N,Y,39.0906968,-76.8422445
PAST SALE,,Condo/Co-op,11577 Laurelwalk Dr #7,Laurel,MD,20708,268000,,1.5,,1400,,1972,,191,,,,,https://www.redfin.com/MD/Laurel/11577-Laurelwalk-Dr-20708/unit-7/home/25664190,,,N,Y,39.0474559,-76.838093
PAST SALE,May-30-2023,Townhouse,9419 Nicklaus Ln #58,Laurel,MD,20708,320000,2,2.0,THE VILLAGE AT GREENS OF PATUXENT CONDO PH 2A>,1599,,1987,,200,438,Sold,,,https://www.redfin.com/MD/Laurel/9419-Nicklaus-Ln-20708/unit-58/home/10724665,BRIGHT MLS,MDPG2072426,N,Y,39.0905969,-76.8422617
PAST SALE,June-29-2023,Townhouse,9270 Cherry Ln #66,Laurel,MD,20708,297000,2,2.0,CHERRY VIEW PARK CONDO-PHASE 1>,1087,,1990,,273,175,Sold,,,https://www.redfin.com/MD/Laurel/9270-Cherry-Ln-20708/unit-66/home/10723694,BRIGHT MLS,MDPG2079060,N,Y,39.0856318,-76.8490906
PAST SALE,June-26-2023,Townhouse,9256 Cherry Ln #23,Laurel,MD,20708,280000,2,2.0,CHERRY VIEW PARK CONDO-PHASE 1>,1087,,1990,,258,245,Sold,,,https://www.redfin.com/MD/Laurel/9256-Cherry-Ln-20708/unit-23/home/10723766,BRIGHT MLS,MDPG2077878,N,Y,39.086764,-76.848212
PAST SALE,May-8-2023,Single Family Residential,203 11th St,Laurel,MD,20707,550000,4,3.0,LAUREL,2850,10803,1974,,193,,Sold,,,https://www.redfin.com/MD/Laurel/203-11th-St-20707/home/10712591,BRIGHT MLS,MDPG2072942,N,Y,39.1089734,-76.8619614
PAST SALE,July-25-2023,Single Family Residential,1125 Beall Pl,Laurel,MD,20707,445000,6,3.0,FAIRLAWN,1584,6567,1959,,281,,Sold,,,https://www.redfin.com/MD/Laurel/1125-Beall-Pl-20707/home/10738250,BRIGHT MLS,MDPG2078968,N,Y,39.0986254,-76.8685152
PAST SALE,September-8-2023,Single Family Residential,15803 Kerr Rd,Laurel,MD,20707,545000,4,3.0,WALKER HILL,2941,21700,1966,,185,,Sold,,,https://www.redfin.com/MD/Laurel/15803-Kerr-Rd-20707/home/10710274,BRIGHT MLS,MDPG2082296,N,Y,39.1070609,-76.8870714
PAST SALE,August-14-2023,Single Family Residential,1019 Marton St,Laurel,MD,20707,280000,2,1.0,FAIRLAWN,958,6000,1951,,292,,Sold,,,https://www.redfin.com/MD/Laurel/1019-Marton-St-20707/home/10709761,BRIGHT MLS,MDPG2083364,N,Y,39.099666,-76.8625695
PAST SALE,May-31-2023,Single Family Residential,9034 Dumhart Rd,Laurel,MD,20723,652500,6,3.0,Laurel,3044,29446,2001,,214,,Sold,,,https://www.redfin.com/MD/Laurel/9034-Dumhart-Rd-20723/home/10194281,BRIGHT MLS,MDHW2027512,N,Y,39.1244634,-76.868245
PAST SALE,August-8-2023,Townhouse,8104 Primrose Ln,Laurel,MD,20723,632610,4,3.5,WELLINGTON,2285,1830,2023,,277,95,Sold,,,https://www.redfin.com/MD/Laurel/8104-Primrose-LN-Unknown/home/183751910,BRIGHT MLS,MDHW2024312,N,Y,39.14643532,-76.86781194
PAST SALE,July-7-2023,Townhouse,7209 Piney Woods Pl,Laurel,MD,20707,597000,4,2.5,PINES OF LAUREL-PLAT 13-RSB PAR A-PHASE 2>,3199,4688,2006,,187,252,Sold,,,https://www.redfin.com/MD/Laurel/7209-Piney-Woods-Pl-20707/home/11135277,BRIGHT MLS,MDPG2078136,N,Y,39.0754517,-76.8816642
PAST SALE,June-12-2023,Townhouse,7313 Archsine Ln,Laurel,MD,20707,448000,3,2.5,THE CRESCENT AT CHERRY LANE-PLAT 1>,1640,1536,2010,,273,130,Sold,,,https://www.redfin.com/MD/Laurel/7313-Archsine-Ln-20707/home/11755878,BRIGHT MLS,MDPG2076648,N,Y,39.0964613,-76.8801056
PAST SALE,May-24-2023,Single Family Residential,11810 Randy Ln,Laurel,MD,20708,515000,4,2.5,BEDFORD,2288,10000,1973,,225,,Sold,,,https://www.redfin.com/MD/Laurel/11810-Randy-Ln-20708/home/10730786,BRIGHT MLS,MDPG2074120,N,Y,39.0514665,-76.8503618
PAST SALE,May-31-2023,Single Family Residential,254 Ironshire S,Laurel,MD,20724,468000,3,3.0,MARYLAND CITY,1862,7845,1964,,251,,Sold,,,https://www.redfin.com/MD/Laurel/254-Ironshire-S-20724/home/10349203,BRIGHT MLS,MDAA2058688,N,Y,39.0956588,-76.8198597
PAST SALE,June-30-2023,Single Family Residential,3324 Sudlersville S,Laurel,MD,20724,405000,4,2.0,MARYLAND CITY,1708,6000,1964,,237,,Sold,,,https://www.redfin.com/MD/Laurel/3324-Sudlersville-S-20724/home/10346537,BRIGHT MLS,MDAA2060706,N,Y,39.0898037,-76.811343
PAST SALE,August-11-2023,Townhouse,9528 Earl Levy Ct,Laurel,MD,20723,380000,3,2.5,KINGS ARMS,1734,3005,1991,,219,38,Sold,,,https://www.redfin.com/MD/Laurel/9528-Earl-Levy-Ct-20723/home/10193857,BRIGHT MLS,MDHW2030460,N,Y,39.1274546,-76.8375108
PAST SALE,September-8-2023,Townhouse,9428 Loch Leven Ct,Laurel,MD,20723,315000,4,3.0,LAUREL HEIGHTS,1813,2439,1990,,174,59,Sold,,,https://www.redfin.com/MD/Laurel/9428-Loch-Leven-Ct-20723/home/10193203,BRIGHT MLS,MDHW2030854,N,Y,39.129983,-76.83412
PAST SALE,May-1-2023,Townhouse,14704 Spring Haven Ln Unit SPEC,Laurel,MD,20707,529990,3,2.5,WESTSIDE,2239,,2023,,237,121,Sold,,,https://www.redfin.com/MD/Laurel/14704-Spring-Haven-LN-Unknown/unit-SPEC/home/183022289,BRIGHT MLS,MDPG2064012,N,Y,39.08322158,-76.88952166
PAST SALE,May-4-2023,Single Family Residential,16109 Malcolm Dr,Laurel,MD,20707,580000,4,3.5,ROCKY GORGE ESTATES,3122,21000,1970,,186,,Sold,,,https://www.redfin.com/MD/Laurel/16109-Malcolm-Dr-20707/home/10713942,BRIGHT MLS,MDPG2073452,N,Y,39.1116303,-76.8857654
PAST SALE,September-25-2023,Single Family Residential,8403 Shadow Wood Ln,Laurel,MD,20724,625000,4,3.5,RUSSETT,3288,6859,1992,,190,107,Sold,,,https://www.redfin.com/MD/Laurel/8403-Shadow-Wood-Ln-20724/home/10368059,BRIGHT MLS,MDAA2066384,N,Y,39.1035906,-76.80918
PAST SALE,July-31-2023,Single Family Residential,9201 Homestretch Ct,Laurel,MD,20723,515000,4,2.5,Laurel,1962,8929,1992,,262,,Sold,,,https://www.redfin.com/MD/Laurel/9201-Homestretch-Ct-20723/home/10194298,BRIGHT MLS,MDHW2030650,N,Y,39.1173657,-76.834143
PAST SALE,May-26-2023,Townhouse,1100 Overlook Way,Laurel,MD,20707,579990,3,3.0,LAUREL OVERLOOK,2450,3326,2023,,237,100,Sold,,,https://www.redfin.com/MD/Laurel/1100-Overlook-Way-20707/home/174579220,BRIGHT MLS,MDPG2076284,N,Y,39.090629,-76.890938
PAST SALE,July-18-2023,Single Family Residential,9236 Stream View Ln,Laurel,MD,20723,580000,3,3.0,Laurel,2032,7492,1999,,285,,Sold,,,https://www.redfin.com/MD/Laurel/9236-Stream-View-Ln-20723/home/10157639,BRIGHT MLS,MDHW2028462,N,Y,39.1160829,-76.8501816
PAST SALE,September-26-2023,Single Family Residential,7600 Laurel Ridge Ct,Laurel,MD,20707,495000,5,3.0,LAUREL RIDGE,1662,11045,1965,,298,,Sold,,,https://www.redfin.com/MD/Laurel/7600-Laurel-Ridge-Ct-20707/home/10732579,BRIGHT MLS,MDPG2088812,N,Y,39.1121668,-76.8750463
PAST SALE,June-28-2023,Single Family Residential,8768 Teresa Ln,Laurel,MD,20723,670000,4,3.5,LAKEVIEW AT BUCKSKIN RIDGE,2868,14026,1985,,234,,Sold,,,https://www.redfin.com/MD/Laurel/8768-Teresa-Ln-20723/home/10172868,BRIGHT MLS,MDHW2027958,N,Y,39.1298665,-76.8749562
PAST SALE,,Single Family Residential,14709 Northfield Ct,Laurel,MD,20707,550000,,3.0,,1959,11380,2002,,281,,,,,https://www.redfin.com/MD/Laurel/14709-Northfield-Ct-20707/home/10742028,,,N,Y,39.0945524,-76.8792574
PAST SALE,June-26-2023,Townhouse,14724 Spring Haven Ln Unit SPEC,Laurel,MD,20708,535985,3,2.5,WESTSIDE,2239,,2023,,239,121,Sold,,,https://www.redfin.com/MD/Laurel/14724-Spring-Haven-LN-Unknown/unit-SPEC/home/183812502,BRIGHT MLS,MDPG2067590,N,Y,39.08341312,-76.88967723
PAST SALE,June-23-2023,Townhouse,9278 UNIT 91 Cherry Ln,Laurel,MD,20708,300000,2,2.0,CHERRY VIEW PARK CONDO-PHASE 1>,1087,6345,1990,,276,245,Sold,,,https://www.redfin.com/MD/Laurel/9278-Cherry-Ln-20708/unit-91/home/10723809,BRIGHT MLS,MDPG2078494,N,Y,39.0884934,-76.8485351
PAST SALE,July-28-2023,Townhouse,8119 Shannons Aly,Laurel,MD,20724,425000,3,3.5,RUSSETT,1940,1200,2004,,219,98,Sold,,,https://www.redfin.com/MD/Laurel/8119-Shannons-Aly-20724/home/10477211,BRIGHT MLS,MDAA2059240,N,Y,39.1108059,-76.793306
PAST SALE,August-25-2023,Townhouse,9223 Pinenut Ct,Laurel,MD,20723,406000,3,2.0,SETTLERS LANDING,1320,1785,1986,,308,20,Sold,,,https://www.redfin.com/MD/Laurel/9223-Pinenut-Ct-20723/home/10176484,BRIGHT MLS,MDHW2031340,N,Y,39.1150975,-76.8524903
PAST SALE,September-15-2023,Townhouse,9645 Homestead Ct Unit F,Laurel,MD,20723,295000,3,1.5,WHISKEY BOTTOM,1152,,1974,,256,411,Sold,,,https://www.redfin.com/MD/Laurel/9645-Homestead-Ct-20723/unit-F/home/10159193,BRIGHT MLS,MDHW2030546,N,Y,39.11672,-76.8443926
PAST SALE,September-19-2023,Townhouse,7617 Haines Ct,Laurel,MD,20707,355000,3,2.5,HAINES RIDGE SUB,1364,2166,1980,,260,13,Sold,,,https://www.redfin.com/MD/Laurel/7617-Haines-Ct-20707/home/10714643,BRIGHT MLS,MDPG2083330,N,Y,39.106795,-76.8734361
PAST SALE,July-14-2023,Single Family Residential,6612 Weaver Ct,Laurel,MD,20707,575000,4,2.5,HILLSBOROUGH,3452,21733,1970,,167,,Sold,,,https://www.redfin.com/MD/Laurel/6612-Weaver-Ct-20707/home/10732760,BRIGHT MLS,MDPG2077488,N,Y,39.1192896,-76.8915749
PAST SALE,September-1-2023,Single Family Residential,3388 Crumpton S,Laurel,MD,20724,470000,4,2.5,MARYLAND CITY,1992,7068,1964,,236,,Sold,,,https://www.redfin.com/MD/Laurel/3388-Crumpton-S-20724/home/10347545,BRIGHT MLS,MDAA2060040,N,Y,39.0978529,-76.8198146
PAST SALE,August-16-2023,Single Family Residential,13705 Autumn End Ter,Laurel,MD,20707,650000,4,3.0,PINES OF LAUREL-PLAT 13-RSB PAR A-PHASE 2>,2136,8406,2008,,304,280,Sold,,,https://www.redfin.com/MD/Laurel/13705-Autumn-End-Ter-20707/home/11134937,BRIGHT MLS,MDPG2085650,N,Y,39.0782579,-76.8806316
