PAST SALE,September-21-2023,Single Family Residential,7510 Persimmon Tree Ln,Bethesda,MD,20817,1600000,4,3.5,POTOMAC OUTSIDE,2941,44351,1961,,544,,Sold,,,https://www.redfin.com/MD/Bethesda/7510-Persimmon-Tree-Ln-20817/home/10885862,BRIGHT MLS,MDMC2104212,N,Y,38.9839999,-77.172983
PAST SALE,September-14-2023,Single Family Residential,9429 Reach Rd,Potomac,MD,20854,1050000,4,3.0,FALLSREACH,3769,11671,1981,,279,,Sold,,,https://www.redfin.com/MD/Potomac/9429-Reach-Rd-20854/home/10909054,BRIGHT MLS,MDMC2104328,N,Y,39.0549991,-77.1945023
PAST SALE,August-11-2023,Townhouse,7842 Muirfield Ct,Potomac,MD,20854,600000,4,3.5,INVERNESS NORTH,1714,1360,1979,,350,147,Sold,,,https://www.redfin.com/MD/Potomac/7842-Muirfield-Ct-20854/home/10905424,BRIGHT MLS,MDMC2096758,N,Y,39.0299175,-77.1601886
PAST SALE,June-12-2023,Single Family Residential,8626 Timber Hill Ln,Potomac,MD,20854,1285000,5,4.0,EAST GATE OF POTOMAC,3035,14625,1973,,423,11,Sold,,,https://www.redfin.com/MD/Potomac/8626-Timber-Hill-Ln-20854/home/10899227,BRIGHT MLS,MDMC2088644,N,Y,39.026159,-77.1786889
PAST SALE,June-20-2023,Single Family Residential,8205 Geneva Mason Rd,Potomac,MD,20854,900000,5,2.5,MONTGOMERY SQUARE,2214,9790,1965,,407,,Sold,,,https://www.redfin.com/MD/Potomac/8205-Geneva-Mason-Rd-20854/home/10507899,BRIGHT MLS,MDMC2093158,N,Y,39.0574198,-77.1684001
PAST SALE,October-6-2023,Single Family Residential,8836 Tuckerman Ln,Potomac,MD,20854,920000,4,3.5,OLDFIELD,3028,9105,1974,,304,,Sold,,,https://www.redfin.com/MD/Rockville/8836-Tuckerman-Ln-20854/home/10893966,BRIGHT MLS,MDMC2106818,N,Y,39.0481721,-77.1839004
PAST SALE,May-5-2023,Single Family Residential,12508 Grey Fox Ln,Potomac,MD,20854,1665000,4,4.5,GLEN MEADOWS,5861,26134,2000,,284,85,Sold,,,https://www.redfin.com/MD/Potomac/12508-Grey-Fox-Ln-20854/home/11155375,BRIGHT MLS,MDMC2087358,N,Y,39.0593343,-77.2111669
PAST SALE,July-11-2023,Single Family Residential,7616 Hamilton Spring Rd,Bethesda,MD,20817,1390000,5,4.0,CARDEROCK SPRINGS,3338,19668,1966,,416,,Sold,,,https://www.redfin.com/MD/Bethesda/7616-Hamilton-Spring-Rd-20817/home/10888961,BRIGHT MLS,MDMC2091112,N,Y,38.9839661,-77.1651201
PAST SALE,August-2-2023,Townhouse,10261 Gainsborough Rd,Potomac,MD,20854,1100000,4,3.0,EAST GATE OF POTOMAC,3567,4260,1972,,308,158,Sold,,,https://www.redfin.com/MD/Potomac/10261-Gainsborough-Rd-20854/home/10899314,BRIGHT MLS,MDMC2095340,N,Y,39.0241943,-77.1678525
PAST SALE,June-8-2023,Single Family Residential,7805 Stable Way,Potomac,MD,20854,1530000,4,4.5,RIVER FALLS,4978,6825,1993,,307,125,Sold,,,https://www.redfin.com/MD/Potomac/7805-Stable-Way-20854/home/10921138,BRIGHT MLS,MDMC2088332,N,Y,38.9826938,-77.2232053
PAST SALE,May-31-2023,Single Family Residential,9424 Duxford Ct,Potomac,MD,20854,1275000,5,2.5,HERITAGE FARM,2632,17658,1973,,484,,Sold,,,https://www.redfin.com/MD/Rockville/9424-Duxford-Ct-20854/home/10900241,BRIGHT MLS,MDMC2098104,N,Y,39.0112574,-77.2072143
PAST SALE,August-18-2023,Single Family Residential,9205 Pegasus Ct,Potomac,MD,20854,1950000,5,6.0,POTOMAC RANCH,6150,129809,1982,,317,,Sold,,,https://www.redfin.com/MD/Potomac/9205-Pegasus-Ct-20854/home/10910305,BRIGHT MLS,MDMC2100036,N,Y,39.0054501,-77.2211601
PAST SALE,May-16-2023,Single Family Residential,12002 Reynolds Ave,Potomac,MD,20854,980000,4,2.5,WILLERBURN ACRES,2220,10939,1967,,441,,Sold,,,https://www.redfin.com/MD/Potomac/12002-Reynolds-Ave-20854/home/10507132,BRIGHT MLS,MDMC2093538,N,Y,39.0551415,-77.1601774
PAST SALE,May-24-2023,Single Family Residential,11513 Ridge Mist Ter,Potomac,MD,20854,1600000,4,4.5,CLAGETT FARM,4307,13898,1998,,371,80,Sold,,,https://www.redfin.com/MD/Potomac/11513-Ridge-Mist-Ter-20854/home/10924992,BRIGHT MLS,MDMC2090278,N,Y,39.0460943,-77.1952884
PAST SALE,August-22-2023,Single Family Residential,8617 White Post Ct,Potomac,MD,20854,2200000,5,4.0,MCAULEY PARK,7158,27185,1998,,307,,Sold,,,https://www.redfin.com/MD/Potomac/8617-White-Post-Ct-20854/home/10911996,BRIGHT MLS,MDMC2104812,N,Y,39.0170305,-77.1782172
PAST SALE,,Single Family Residential,11208 Hawhill End,Potomac,MD,20854,1185000,,3.0,,2710,19949,1974,,437,,,,,https://www.redfin.com/MD/Potomac/11208-Hawhill-End-20854/home/10896629,,,N,Y,39.0406124,-77.1994884
PAST SALE,June-21-2023,Townhouse,8171 River,Bethesda,MD,20817,2155057,4,3.5,POTOMAC OUTSIDE,3800,2079,2023,,567,490,Sold,,,https://www.redfin.com/MD/Bethesda/8171-River-20817/home/185865826,BRIGHT MLS,MDMC2097846,N,Y,38.9959338,-77.1672341
PAST SALE,June-12-2023,Townhouse,7718 Whiterim Ter,Potomac,MD,20854,860000,3,3.5,FAWSETT FARMS MANOR,2706,2750,1985,,318,102,Sold,,,https://www.redfin.com/MD/Potomac/7718-Whiterim-Ter-20854/home/10913208,BRIGHT MLS,MDMC2097098,N,Y,38.9859914,-77.2227664
PAST SALE,,Single Family Residential,7301 River Falls Dr,Rockville,MD,20854,1620000,,4.5,,5136,15008,1986,,315,,,,,https://www.redfin.com/MD/Rockville/7301-River-Falls-Dr-20854/home/10915592,,,N,Y,38.9817542,-77.2191616
PAST SALE,July-19-2023,Single Family Residential,7808 Brickyard Rd,Potomac,MD,20854,1600000,4,3.5,RIVER FALLS,4350,16545,1986,,368,,Sold,,,https://www.redfin.com/MD/Potomac/7808-Brickyard-Rd-20854/home/10916093,BRIGHT MLS,MDMC2097138,N,Y,38.9891993,-77.2119979
PAST SALE,,Single Family Residential,12301 Glen Rd,Potomac,MD,20854,1700000,,6.5,,7790,159430,2000,,218,,,,,https://www.redfin.com/MD/Potomac/12301-Glen-Rd-20854/home/10629364,,,N,Y,39.06602,-77.253672
PAST SALE,,Single Family Residential,9226 Laurel Oak Dr,Bethesda,MD,20817,1200000,,2.5,,2716,28320,1958,,442,,,,,https://www.redfin.com/MD/Bethesda/9226-Laurel-Oak-Dr-20817/home/10886732,,,N,Y,39.008161,-77.163227
PAST SALE,April-28-2023,Single Family Residential,11820 Beekman Pl,Potomac,MD,20854,2175000,4,5.5,GLEN MILL VILLAGE,6248,40568,1987,,348,,Sold,,,https://www.redfin.com/MD/Potomac/11820-Beekman-Pl-20854/home/10908215,BRIGHT MLS,MDMC2086002,N,Y,39.0501073,-77.2103136
PAST SALE,,Single Family Residential,8610 Victory Ln,Rockville,MD,20854,1055000,,3.5,,2646,9847,1969,,399,,,,,https://www.redfin.com/MD/Rockville/8610-Victory-Ln-20854/home/10507668,,,N,Y,39.0496748,-77.1776106
PAST SALE,,Single Family Residential,9908 Bentcross Dr,Potomac,MD,20854,2650000,,10.0,,11318,100188,1991,,234,,,,,https://www.redfin.com/MD/Potomac/9908-Bentcross-Dr-20854/home/10918721,,,N,Y,39.0141447,-77.1990622
PAST SALE,July-7-2023,Townhouse,13502 Flowerfield Dr,Potomac,MD,20854,850000,4,3.5,PINEY GLEN VILLAGE,2620,2250,1996,,324,111,Sold,,,https://www.redfin.com/MD/Potomac/13502-Flowerfield-Dr-20854/home/10549663,BRIGHT MLS,MDMC2093368,N,Y,39.0781103,-77.2146366
PAST SALE,,Single Family Residential,8002 Park Overlook Dr,Bethesda,MD,20817,1830000,,4.0,,3856,16062,1964,,475,,,,,https://www.redfin.com/MD/Bethesda/8002-Park-Overlook-Dr-20817/home/10888758,,,N,Y,38.9904357,-77.1656143
PAST SALE,June-23-2023,Single Family Residential,11505 Front Field Ln,Potomac,MD,20854,1850000,6,5.0,PINEY SPRING,6933,87120,1998,,267,67,Sold,,,https://www.redfin.com/MD/Potomac/11505-Front-Field-Ln-20854/home/10924477,BRIGHT MLS,MDMC2097224,N,Y,39.0447531,-77.2317362
PAST SALE,,Single Family Residential,10509 Bridle Ln,Potomac,MD,20854,2165000,,4.5,,5408,15787,1990,,400,,,,,https://www.redfin.com/MD/Potomac/10509-Bridle-Ln-20854/home/10916174,,,N,Y,38.9831722,-77.2162198
PAST SALE,September-8-2023,Townhouse,8179 River,Bethesda,MD,20817,2200000,4,4.0,POTOMAC OUTSIDE,,1486,2023,,,536,Sold,,,https://www.redfin.com/MD/Bethesda/8179-River-Rd-20817/home/167703041,BRIGHT MLS,MDMC2107224,N,Y,38.9957634,-77.1669251
PAST SALE,July-6-2023,Single Family Residential,12027 Devilwood Dr,Potomac,MD,20854,900000,4,2.0,REGENT PARK,2110,9082,1965,,427,,Sold,,,https://www.redfin.com/MD/Potomac/12027-Devilwood-Dr-20854/home/10504908,BRIGHT MLS,MDMC2101460,N,Y,39.0557328,-77.1679957
PAST SALE,May-1-2023,Single Family Residential,12808 Deep Spring Dr,Potomac,MD,20854,1015000,4,3.5,POTOMAC COMMONS,3368,14365,1973,,301,,Sold,,,https://www.redfin.com/MD/Potomac/12808-Deep-Spring-Dr-20854/home/10509300,BRIGHT MLS,MDMC2091404,N,Y,39.0654786,-77.1817888
PAST SALE,,Vacant Land,Piney Glen Ln,Potomac,MD,20854,72853,,,,,85585,,,,,,,,https://www.redfin.com/MD/Potomac/Piney-Glen-Ln-20854/home/10884166,,,N,Y,39.060995,-77.228729
PAST SALE,,Other,11021 Chandler Rd,Potomac,MD,20854,2858800,,,,,45217,,,,,,,,https://www.redfin.com/MD/Potomac/11021-Chandler-Rd-20854/home/10887190,,,N,Y,38.9977711,-77.2280089
PAST SALE,June-26-2023,Single Family Residential,8605 Hidden Hill Ln,Potomac,MD,20854,1211111,4,3.5,EAST GATE OF POTOMAC,3359,11440,1972,,361,11,Sold,,,https://www.redfin.com/MD/Rockville/8605-Hidden-Hill-Ln-20854/home/10899172,BRIGHT MLS,MDMC2089618,N,Y,39.0247369,-77.1767121
PAST SALE,October-6-2023,Single Family Residential,9464 Newbridge Dr,Potomac,MD,20854,2125000,5,4.5,FALCONHURST,4818,87120,1987,,441,30,Sold,,,https://www.redfin.com/MD/Rockville/9464-Newbridge-Dr-20854/home/10916364,BRIGHT MLS,MDMC2106202,N,Y,39.0135413,-77.1893587
PAST SALE,June-29-2023,Single Family Residential,8604 Tuckerman Ln,Potomac,MD,20854,980000,5,3.5,WILLOWBROOK,3050,10421,1968,,321,,Sold,,,https://www.redfin.com/MD/Potomac/8604-Tuckerman-Ln-20854/home/10893687,BRIGHT MLS,MDMC2094050,N,Y,39.0413783,-77.1768469
PAST SALE,July-26-2023,Townhouse,7962 Inverness Ridge Rd,Potomac,MD,20854,685000,3,3.5,INVERNESS FOREST TH,2183,2031,1970,,314,77,Sold,,,https://www.redfin.com/MD/Potomac/7962-Inverness-Ridge-Rd-20854/home/10897116,BRIGHT MLS,MDMC2098084,N,Y,39.030245,-77.1623728
PAST SALE,July-20-2023,Single Family Residential,8000 Kingsgate Rd,Potomac,MD,20854,1675000,5,5.5,POTOMAC OUTSIDE,4628,109336,1971,,362,,Sold,,,https://www.redfin.com/MD/Potomac/8000-Kingsgate-Rd-20854/home/10883234,BRIGHT MLS,MDMC2095058,N,Y,38.9908873,-77.2214296
PAST SALE,July-21-2023,Single Family Residential,10606 Crossing Creek Rd,Potomac,MD,20854,1400000,5,3.0,EAST GATE OF POTOMAC,3372,12452,1970,,415,11,Sold,,,https://www.redfin.com/MD/Potomac/10606-Crossing-Creek-Rd-20854/home/10899375,BRIGHT MLS,MDMC2096886,N,Y,39.0286994,-77.1798233
PAST SALE,May-31-2023,Single Family Residential,11610 Highland Farm Rd,Potomac,MD,20854,5250000,7,9.5,SADDLE RIDGE,12089,261360,1987,,434,,Sold,,,https://www.redfin.com/MD/Potomac/11610-Highland-Farm-Rd-20854/home/10620978,BRIGHT MLS,MDMC2091924,N,Y,39.0462747,-77.2366086
PAST SALE,June-30-2023,Single Family Residential,8819 Victory Ln,Potomac,MD,20854,1810000,5,4.5,BEVERLY FARMS,5877,20010,1978,,308,,Sold,,,https://www.redfin.com/MD/Rockville/8819-Victory-Ln-20854/home/10525539,BRIGHT MLS,MDMC2094094,N,Y,39.0526534,-77.1813396
PAST SALE,April-28-2023,Single Family Residential,7614 Carteret Rd,Bethesda,MD,20817,950000,5,3.5,BURNING TREE ESTATES,3400,16151,1977,,279,,Sold,,,https://www.redfin.com/MD/Bethesda/7614-Carteret-Rd-20817/home/10887620,BRIGHT MLS,MDMC2083734,N,Y,39.0054275,-77.1559085
PAST SALE,June-30-2023,Townhouse,8124 Inverness Ridge Rd,Potomac,MD,20854,725000,4,3.5,INVERNESS FOREST TH,2018,2310,1972,,359,77,Sold,,,https://www.redfin.com/MD/Rockville/8124-Inverness-Ridge-Rd-20854/home/10897592,BRIGHT MLS,MDMC2094846,N,Y,39.0288685,-77.1659286
PAST SALE,July-21-2023,Single Family Residential,12333 Briarbush Ln,Potomac,MD,20854,1465000,4,4.5,DARNESTOWN OUTSIDE,6272,96268,1993,,234,,Sold,,,https://www.redfin.com/MD/Potomac/12333-Briarbush-Ln-20854/home/10629670,BRIGHT MLS,MDMC2098742,N,Y,39.073036,-77.2568749
PAST SALE,June-26-2023,Townhouse,9411 Lost Trail Way,Potomac,MD,20854,560000,2,1.5,BEDFORDSHIRE,1454,1628,1988,,385,101,Sold,,,https://www.redfin.com/MD/Rockville/9411-Lost-Trail-Way-20854/home/10920149,BRIGHT MLS,MDMC2094410,N,Y,39.0393867,-77.1937181
PAST SALE,June-2-2023,Single Family Residential,9 Atwell Ct,Potomac,MD,20854,774900,5,2.5,MONTGOMERY SQUARE,2264,9637,1968,,342,,Sold,,,https://www.redfin.com/MD/Potomac/9-Atwell-Ct-20854/home/10507719,BRIGHT MLS,MDMC2093338,N,Y,39.0569242,-77.1732975
PAST SALE,July-7-2023,Single Family Residential,11008 Stanmore Dr,Potomac,MD,20854,2400000,6,5.0,GREAT FALLS ESTATES,5735,87556,1968,,418,,Sold,,,https://www.redfin.com/MD/Potomac/11008-Stanmore-Dr-20854/home/10890384,BRIGHT MLS,MDMC2095744,N,Y,39.014665,-77.233433
PAST SALE,June-26-2023,Single Family Residential,9409 Thrush Ln,Potomac,MD,20854,1250000,5,4.5,WILLIAMSBURG GARDENS,3341,23186,1978,,374,,Sold,,,https://www.redfin.com/MD/Rockville/9409-Thrush-Ln-20854/home/10906645,BRIGHT MLS,MDMC2091850,N,Y,39.0087065,-77.2178142
PAST SALE,June-29-2023,Single Family Residential,10910 Old Coach Rd,Potomac,MD,20854,1002000,4,2.5,FOX HILLS,3197,9900,1966,,313,,Sold,,,https://www.redfin.com/MD/Potomac/10910-Old-Coach-Rd-20854/home/10892928,BRIGHT MLS,MDMC2094640,N,Y,39.0373777,-77.1729381
PAST SALE,May-5-2023,Single Family Residential,10406 Great Arbor Dr,Potomac,MD,20854,1145000,4,3.5,EAST GATE OF POTOMAC,3046,11300,1971,,376,11,Sold,,,https://www.redfin.com/MD/Potomac/10406-Great-Arbor-Dr-20854/home/10899489,BRIGHT MLS,MDMC2086866,N,Y,39.0271501,-77.1821932
PAST SALE,June-30-2023,Single Family Residential,12032 Devilwood Dr,Potomac,MD,20854,920000,4,2.5,REGENT PARK,2336,9225,1965,,394,,Sold,,,https://www.redfin.com/MD/Potomac/12032-Devilwood-Dr-20854/home/10504806,BRIGHT MLS,MDMC2092952,N,Y,39.0551771,-77.1687595
PAST SALE,May-19-2023,Townhouse,7905 Turncrest Dr,Potomac,MD,20854,1100000,3,3.5,POTOMAC CREST,3138,2903,1995,,351,131,Sold,,,https://www.redfin.com/MD/Potomac/7905-Turncrest-Dr-20854/home/10921974,BRIGHT MLS,MDMC2089594,N,Y,39.0384515,-77.1608965
PAST SALE,July-14-2023,Single Family Residential,11708 Slatestone Ct,Potomac,MD,20854,2050000,6,4.5,CLAGETT FARM,6793,22798,1997,,302,80,Sold,,,https://www.redfin.com/MD/Potomac/11708-Slatestone-Ct-20854/home/10924566,BRIGHT MLS,MDMC2094244,N,Y,39.0464913,-77.1986799
PAST SALE,May-25-2023,Single Family Residential,6825 Capri Pl,Bethesda,MD,20817,2275000,4,4.0,THE PALISADES,6900,74470,1983,,330,,Sold,,,https://www.redfin.com/MD/Bethesda/6825-Capri-Pl-20817/home/10911872,BRIGHT MLS,MDMC2086820,N,Y,38.980763,-77.1801041
PAST SALE,August-24-2023,Single Family Residential,7920 Deepwell Dr,Bethesda,MD,20817,1595000,3,3.0,POTOMAC OUTSIDE,2486,32615,1953,,642,,Sold,,,https://www.redfin.com/MD/Bethesda/7920-Deepwell-Dr-20817/home/10884832,BRIGHT MLS,MDMC2099920,N,Y,39.0079172,-77.1649403
PAST SALE,October-18-2023,Townhouse,10418 Dalebrooke Ln,Potomac,MD,20854,930000,4,4.0,PINEY GLEN VILLAGE,2888,3049,1998,,322,120,Sold,,,https://www.redfin.com/MD/Potomac/10418-Dalebrooke-Ln-20854/home/10549441,BRIGHT MLS,MDMC2106680,N,Y,39.0797803,-77.2145869
PAST SALE,June-22-2023,Single Family Residential,8715 Postoak Rd,Potomac,MD,20854,870000,4,3.5,HIGHLAND STONE,2420,8100,1970,,360,,Sold,,,https://www.redfin.com/MD/Rockville/8715-Postoak-Rd-20854/home/10507361,BRIGHT MLS,MDMC2096012,N,Y,39.0483579,-77.1787338
PAST SALE,May-9-2023,Single Family Residential,9225 Fall River Ln,Potomac,MD,20854,1055000,4,3.5,PINE KNOLLS,2656,16058,1977,,397,,Sold,,,https://www.redfin.com/MD/Potomac/9225-Fall-River-Ln-20854/home/10904664,BRIGHT MLS,MDMC2084270,N,Y,39.0373847,-77.1917171
PAST SALE,October-5-2023,Single Family Residential,8229 Stone Trail Dr,Bethesda,MD,20817,1200000,4,2.5,CARDEROCK SPRINGS,3300,15373,1967,,364,,Sold,,,https://www.redfin.com/MD/Bethesda/8229-Stone-Trail-Dr-20817/home/10889399,BRIGHT MLS,MDMC2107318,N,Y,38.9844215,-77.1695683
PAST SALE,June-1-2023,Single Family Residential,8907 Bel Air Pl,Potomac,MD,20854,1700000,4,4.5,GREAT FALLS ESTATES,4190,94961,1973,,406,,Sold,,,https://www.redfin.com/MD/Potomac/8907-Bel-Air-Pl-20854/home/10901279,BRIGHT MLS,MDMC2089496,N,Y,39.000804,-77.23383
PAST SALE,May-31-2023,Single Family Residential,8101 River Falls Dr,Potomac,MD,20854,1482250,3,3.5,RIVER FALLS,5200,15000,1983,,285,,Sold,,,https://www.redfin.com/MD/Rockville/8101-River-Falls-Dr-20854/home/10907256,BRIGHT MLS,MDMC2085542,N,Y,38.990748,-77.2160177
PAST SALE,August-11-2023,Single Family Residential,11409 Patriot Ln,Potomac,MD,20854,1625000,4,3.5,POTOMAC CREST,5228,6292,2006,,311,29,Sold,,,https://www.redfin.com/MD/Potomac/11409-Patriot-Ln-20854/home/11758697,BRIGHT MLS,MDMC2099062,N,Y,39.0425827,-77.1601549
PAST SALE,May-15-2023,Single Family Residential,12424 Rivers Edge Dr,Potomac,MD,20854,1410000,6,5.0,RIVERS EDGE,7148,88427,1985,,197,,Sold,,,https://www.redfin.com/MD/Potomac/12424-Rivers-Edge-Dr-20854/home/10620206,BRIGHT MLS,MDMC2090022,N,Y,39.0603096,-77.2839967
PAST SALE,June-23-2023,Single Family Residential,12616 Tribunal Ln,Potomac,MD,20854,2625000,7,5.5,PALATINE SUB,9643,87120,1998,,272,,Sold,,,https://www.redfin.com/MD/Potomac/12616-Tribunal-Ln-20854/home/10628626,BRIGHT MLS,MDMC2091670,N,Y,39.068961,-77.2432544
PAST SALE,August-14-2023,Single Family Residential,11109 Gilchrist Ct,Potomac,MD,20854,1875000,6,5.0,GREAT FALLS ESTATES,4523,87991,1970,,415,,Sold,,,https://www.redfin.com/MD/Potomac/11109-Gilchrist-Ct-20854/home/10890662,BRIGHT MLS,MDMC2094086,N,Y,39.0010218,-77.2302094
PAST SALE,September-15-2023,Townhouse,11125 Potomac Crest Dr,Potomac,MD,20854,1354500,4,3.5,POTOMAC CREST,4498,4458,1993,,301,131,Sold,,,https://www.redfin.com/MD/Potomac/11125-Potomac-Crest-Dr-20854/home/10922515,BRIGHT MLS,MDMC2103106,N,Y,39.038691,-77.160297
PAST SALE,July-7-2023,Townhouse,8020 Inverness Ridge Rd,Potomac,MD,20854,682000,4,3.5,INVERNESS FOREST TH,1724,2288,1971,,396,80,Sold,,,https://www.redfin.com/MD/Rockville/8020-Inverness-Ridge-Rd-20854/home/10897727,BRIGHT MLS,MDMC2096738,N,Y,39.029792,-77.162978
PAST SALE,May-5-2023,Single Family Residential,13317 Deerbrook Dr,Potomac,MD,20854,1535000,5,4.5,PINEY GLEN VILLAGE,4780,8737,1995,,321,83,Sold,,,https://www.redfin.com/MD/Potomac/13317-Deerbrook-Dr-20854/home/10550916,BRIGHT MLS,MDMC2085684,N,Y,39.0752692,-77.219431
PAST SALE,September-29-2023,Single Family Residential,12720 Piney Meetinghouse Rd,Potomac,MD,20854,980000,3,2.0,DARNESTOWN OUTSIDE,1120,330185,1958,,875,,Sold,,,https://www.redfin.com/MD/Potomac/12720-Piney-Meetinghouse-Rd-20854/home/10607396,BRIGHT MLS,MDMC2106682,N,Y,39.065191,-77.230667
PAST SALE,May-18-2023,Single Family Residential,8408 Crimson Leaf Ct,Potomac,MD,20854,2452825,5,4.5,AVENEL,4600,22731,1993,,533,481,Sold,,,https://www.redfin.com/MD/Rockville/8408-Crimson-Leaf-Ct-20854/home/10920627,BRIGHT MLS,MDMC2089296,N,Y,38.9939969,-77.1932894
PAST SALE,June-23-2023,Single Family Residential,11730 Glen Mill Rd,Potomac,MD,20854,900000,3,2.0,POTOMAC OUTSIDE,1917,87120,1945,,469,,Sold,,,https://www.redfin.com/MD/Potomac/11730-Glen-Mill-Rd-20854/home/10884810,BRIGHT MLS,MDMC2094368,N,Y,39.0480047,-77.2202394
PAST SALE,May-8-2023,Single Family Residential,9520 Falls Bridge Ln,Potomac,MD,20854,1631750,5,4.5,HERITAGE FARM,4280,19651,1971,,381,6,Sold,,,https://www.redfin.com/MD/Potomac/9520-Falls-Bridge-Ln-20854/home/10900109,BRIGHT MLS,MDMC2075872,N,Y,39.0126636,-77.2104932
PAST SALE,June-7-2023,Single Family Residential,10324 Bells Mill Ter,Potomac,MD,20854,1260000,6,3.5,BELLS MILL VILLAGE,4133,9457,1970,,305,,Sold,,,https://www.redfin.com/MD/Potomac/10324-Bells-Mill-Ter-20854/home/10895325,BRIGHT MLS,MDMC2091282,N,Y,39.0279806,-77.1678834
PAST SALE,July-18-2023,Single Family Residential,7912 Deepwell Dr,Bethesda,MD,20817,1945000,4,3.5,POTOMAC OUTSIDE,3696,29290,1960,,526,,Sold,,,https://www.redfin.com/MD/Bethesda/7912-Deepwell-Dr-20817/home/10883838,BRIGHT MLS,MDMC2095776,N,Y,39.0079122,-77.1656143
PAST SALE,June-21-2023,Single Family Residential,11516 Hornfair Ct,Potomac,MD,20854,1210000,6,2.5,BEDFORDSHIRE,3086,12354,1971,,392,,Sold,,,https://www.redfin.com/MD/Potomac/11516-Hornfair-Ct-20854/home/10896500,BRIGHT MLS,MDMC2091140,N,Y,39.0452677,-77.2042498
PAST SALE,May-12-2023,Townhouse,13504 Hayworth Dr,Rockville,MD,20854,686500,3,3.0,PINEY GLEN VILLAGE,1596,1757,1996,,430,150,Sold,,,https://www.redfin.com/MD/Potomac/13504-Hayworth-Dr-20854/home/10549726,BRIGHT MLS,MDMC2090624,N,Y,39.0798715,-77.2167854
PAST SALE,August-15-2023,Single Family Residential,11910 William Dove Ct,Potomac,MD,20854,856900,4,3.0,REGENT PARK,2506,9225,1964,,342,,Sold,,,https://www.redfin.com/MD/Potomac/11910-William-Dove-Ct-20854/home/10504845,BRIGHT MLS,MDMC2101920,N,Y,39.0540007,-77.1697031
PAST SALE,July-17-2023,Single Family Residential,10201 Gary Rd,Potomac,MD,20854,2794375,6,6.5,POTOMAC HILLS,7595,38525,2023,,368,,Sold,,,https://www.redfin.com/MD/Rockville/10201-Gary-Rd-20854/home/10920793,BRIGHT MLS,MDMC2041736,N,Y,39.023026,-77.2088009
PAST SALE,June-27-2023,Single Family Residential,8000 Horseshoe Ln,Potomac,MD,20854,1725000,4,4.0,RIVER FALLS,5000,15050,1973,,345,,Sold,,,https://www.redfin.com/MD/Potomac/8000-Horseshoe-Ln-20854/home/10894505,BRIGHT MLS,MDMC2087728,N,Y,38.9904936,-77.2140864
PAST SALE,July-25-2023,Single Family Residential,10211 Colebrook Ave,Potomac,MD,20854,1112000,4,2.5,BEDFORDSHIRE,3080,,1973,,361,,Sold,,,https://www.redfin.com/MD/Potomac/10211-Colebrook-Ave-20854/home/10900969,BRIGHT MLS,MDMC2096578,N,Y,39.0419152,-77.2104932
PAST SALE,August-31-2023,Single Family Residential,12237 Seline Way,Potomac,MD,20854,1280000,6,4.0,FALLSREACH,4124,15367,1984,,310,41,Sold,,,https://www.redfin.com/MD/Potomac/12237-Seline-Way-20854/home/10908965,BRIGHT MLS,MDMC2099406,N,Y,39.0572988,-77.1973548
PAST SALE,September-29-2023,Townhouse,8422 Bells Ridge Ter,Potomac,MD,20854,890000,3,3.5,BELLS MILL ESTATES,2514,2250,1995,,354,78,Sold,,,https://www.redfin.com/MD/Potomac/8422-Bells-Ridge-Ter-20854/home/10923203,BRIGHT MLS,MDMC2105272,N,Y,39.0331984,-77.169875
PAST SALE,April-28-2023,Townhouse,10604 Muirfield Dr,Potomac,MD,20854,668000,3,3.0,INVERNESS NORTH,1980,1340,1977,,337,122,Sold,,,https://www.redfin.com/MD/Potomac/10604-Muirfield-Dr-20854/home/10905043,BRIGHT MLS,MDMC2086696,N,Y,39.028898,-77.160739
PAST SALE,September-13-2023,Single Family Residential,8801 Fox Hills Trl,Potomac,MD,20854,1100000,4,3.5,FOX HILLS,3524,15926,1966,,312,,Sold,,,https://www.redfin.com/MD/Rockville/8801-Fox-Hills-Trl-20854/home/10892029,BRIGHT MLS,MDMC2103956,N,Y,39.0309216,-77.1811599
PAST SALE,May-26-2023,Single Family Residential,11308 Ridge Mist Ter,Potomac,MD,20854,1725000,5,4.5,CLAGETT FARM,5520,8360,2000,,313,80,Sold,,,https://www.redfin.com/MD/Potomac/11308-Ridge-Mist-Ter-20854/home/11185481,BRIGHT MLS,MDMC2087156,N,Y,39.0436519,-77.1998029
PAST SALE,May-15-2023,Single Family Residential,8513 Scarboro Ct,Potomac,MD,20854,1376000,5,3.5,WINDSOR HILLS,2812,18245,1972,,489,,Sold,,,https://www.redfin.com/MD/Potomac/8513-Scarboro-Ct-20854/home/10899607,BRIGHT MLS,MDMC2088630,N,Y,39.0283177,-77.1710385
PAST SALE,May-19-2023,Single Family Residential,8903 Tuckerman Ln,Potomac,MD,20854,1545000,4,4.5,BEVERLY FARMS,6134,19500,1989,,252,,Sold,,,https://www.redfin.com/MD/Potomac/8903-Tuckerman-Ln-20854/home/10543052,BRIGHT MLS,MDMC2089780,N,Y,39.0499318,-77.1851358
PAST SALE,July-28-2023,Single Family Residential,8610 Camille Dr,Potomac,MD,20854,945000,4,2.5,WILLOWBROOK,2634,18988,1968,,359,,Sold,,,https://www.redfin.com/MD/Potomac/8610-Camille-Dr-20854/home/10893767,BRIGHT MLS,MDMC2099574,N,Y,39.0407623,-77.1781498
PAST SALE,May-4-2023,Single Family Residential,7724 Ivymount Ter,Potomac,MD,20854,1305000,5,2.5,WILLERBURN ACRES,3632,10311,1971,,359,,Sold,,,https://www.redfin.com/MD/Rockville/7724-Ivymount-Ter-20854/home/10507111,BRIGHT MLS,MDMC2087114,N,Y,39.0461947,-77.1560883
PAST SALE,May-9-2023,Single Family Residential,12910 Travilah Rd,Potomac,MD,20854,1326000,5,4.5,TRAVILAH MEADOWS,5692,87556,1987,,233,,Sold,,,https://www.redfin.com/MD/Potomac/12910-Travilah-Rd-20854/home/10622989,BRIGHT MLS,MDMC2087918,N,Y,39.0664305,-77.2652813
PAST SALE,October-20-2023,Single Family Residential,10826 Hob Nail Ct,Potomac,MD,20854,1075913,5,2.5,FOX HILLS,2875,12993,1968,,374,,Sold,,,https://www.redfin.com/MD/Potomac/10826-Hob-Nail-Ct-20854/home/10893202,BRIGHT MLS,MDMC2104792,N,Y,39.0347134,-77.1749149
PAST SALE,June-8-2023,Single Family Residential,10308 Bells Mill Ter,Potomac,MD,20854,1210000,5,3.5,BELLS MILL VILLAGE,3018,9431,1971,,401,,Sold,,,https://www.redfin.com/MD/Potomac/10308-Bells-Mill-Ter-20854/home/10895430,BRIGHT MLS,MDMC2084588,N,Y,39.0270892,-77.1679311
PAST SALE,June-21-2023,Single Family Residential,10408 Grey Fox Rd,Potomac,MD,20854,1805000,5,4.5,GLEN MEADOWS,6400,24384,2000,,282,85,Sold,,,https://www.redfin.com/MD/Potomac/10408-Grey-Fox-Rd-20854/home/10925552,BRIGHT MLS,MDMC2091266,N,Y,39.0584351,-77.2126267
PAST SALE,September-18-2023,Townhouse,10837 Deborah Dr,Potomac,MD,20854,780000,5,3.5,INVERNESS FOREST TH,2373,4238,1973,,329,77,Sold,,,https://www.redfin.com/MD/Potomac/10837-Deborah-Dr-20854/home/10901439,BRIGHT MLS,MDMC2103886,N,Y,39.0324048,-77.1637535
PAST SALE,August-25-2023,Single Family Residential,10207 Iron Gate Rd,Potomac,MD,20854,2300000,4,6.5,CAMOTOP,7300,87120,1972,,315,,Sold,,,https://www.redfin.com/MD/Potomac/10207-Iron-Gate-Rd-20854/home/10884819,BRIGHT MLS,MDMC2098730,N,Y,39.0241894,-77.1969618
PAST SALE,October-3-2023,Single Family Residential,8505 Wild Olive Dr,Potomac,MD,20854,738000,4,2.5,REGENCY ESTATES,2250,11653,1969,,328,,Sold,,,https://www.redfin.com/MD/Rockville/8505-Wild-Olive-Dr-20854/home/10505889,BRIGHT MLS,MDMC2105976,N,Y,39.0544362,-77.173612
PAST SALE,June-23-2023,Single Family Residential,8317 Comanche Ct,Bethesda,MD,20817,2117000,6,4.5,CARDEROCK SPRINGS,5950,16000,1982,,356,,Sold,,,https://www.redfin.com/MD/Bethesda/8317-Comanche-Ct-20817/home/10907773,BRIGHT MLS,MDMC2091978,N,Y,38.985306,-77.1697705
PAST SALE,July-21-2023,Single Family Residential,9029 Bronson Dr,Potomac,MD,20854,2250000,6,5.5,BRADLEY FARMS,7053,87120,1959,,319,,Sold,,,https://www.redfin.com/MD/Rockville/9029-Bronson-Dr-20854/home/10886905,BRIGHT MLS,MDMC2093726,N,Y,39.0053094,-77.1952823
PAST SALE,September-8-2023,Single Family Residential,8713 Seven Locks Rd,Bethesda,MD,20817,1399000,5,4.5,POTOMAC OUTSIDE,5884,26818,2002,,238,,Sold,,,https://www.redfin.com/MD/Bethesda/8713-Seven-Locks-Rd-20817/home/10925431,BRIGHT MLS,MDMC2096166,N,Y,38.9979874,-77.1589192
PAST SALE,July-17-2023,Single Family Residential,10017 Carmelita Dr,Potomac,MD,20854,1672500,5,3.5,MCAULEY PARK,3950,31730,1968,,423,,Sold,,,https://www.redfin.com/MD/Rockville/10017-Carmelita-Dr-20854/home/10891596,BRIGHT MLS,MDMC2085786,N,Y,39.0213114,-77.1729381
PAST SALE,June-16-2023,Single Family Residential,11914 Devilwood Dr,Potomac,MD,20854,940000,4,2.5,REGENT PARK,2890,9004,1965,,325,,Sold,,,https://www.redfin.com/MD/Potomac/11914-Devilwood-Dr-20854/home/10504852,BRIGHT MLS,MDMC2093226,N,Y,39.0544085,-77.1656368
PAST SALE,July-31-2023,Single Family Residential,12609 Stable House Ct,Potomac,MD,20854,1305000,4,2.5,POTOMAC COMMONS,3738,11313,1969,,349,,Sold,,,https://www.redfin.com/MD/Potomac/12609-Stable-House-Ct-20854/home/10508918,BRIGHT MLS,MDMC2098616,N,Y,39.0626902,-77.1847989
PAST SALE,June-29-2023,Single Family Residential,10717 River Rd,Potomac,MD,20854,1460000,5,4.5,RIVER OAKS FARM,4532,91912,1975,,322,,Sold,,,https://www.redfin.com/MD/Potomac/10717-River-Rd-20854/home/10903275,BRIGHT MLS,MDMC2091798,N,Y,39.0294,-77.2208882
PAST SALE,July-14-2023,Townhouse,8114 Inverness Ridge Rd,Potomac,MD,20854,650000,3,3.0,INVERNESS FOREST TH,1568,2310,1972,,415,77,Sold,,,https://www.redfin.com/MD/Rockville/8114-Inverness-Ridge-Rd-20854/home/10897612,BRIGHT MLS,MDMC2095742,N,Y,39.0291676,-77.1657984
PAST SALE,August-9-2023,Single Family Residential,10905 Old Coach Rd,Potomac,MD,20854,1275000,4,3.5,FOX HILLS,3500,11168,1965,,364,,Sold,,,https://www.redfin.com/MD/Potomac/10905-Old-Coach-Rd-20854/home/10892846,BRIGHT MLS,MDMC2097646,N,Y,39.0368219,-77.1726236
PAST SALE,May-9-2023,Single Family Residential,10910 Candlelight Ln,Potomac,MD,20854,1055000,4,2.5,FOX HILLS,2791,9200,1966,,378,,Sold,,,https://www.redfin.com/MD/Potomac/10910-Candlelight-Ln-20854/home/10892154,BRIGHT MLS,MDMC2089762,N,Y,39.0366166,-77.1722192
PAST SALE,June-20-2023,Single Family Residential,6 Purcell Ct,Potomac,MD,20854,2640000,7,6.5,MCAULEY PARK,7442,27515,2000,,355,,Sold,,,https://www.redfin.com/MD/Potomac/6-Purcell-Ct-20854/home/10912065,BRIGHT MLS,MDMC2093620,N,Y,39.0152253,-77.1737019
PAST SALE,September-29-2023,Single Family Residential,2 Purcell Ct,Potomac,MD,20854,2350000,6,7.5,MCAULEY PARK,5682,21398,2000,,414,,Sold,,,https://www.redfin.com/MD/Potomac/2-Purcell-Ct-20854/home/10912061,BRIGHT MLS,MDMC2104402,N,Y,39.0148016,-77.1739858
PAST SALE,June-15-2023,Single Family Residential,9107 Kittery Ln,Bethesda,MD,20817,1550000,4,3.5,ARROWOOD,4175,23260,1963,,371,,Sold,,,https://www.redfin.com/MD/Bethesda/9107-Kittery-Ln-20817/home/10637475,BRIGHT MLS,MDMC2089492,N,Y,39.0061237,-77.1517294
PAST SALE,July-26-2023,Single Family Residential,9712 Eldwick Way,Potomac,MD,20854,1120000,5,2.5,BEDFORDSHIRE,3230,12598,1974,,347,38,Sold,,,https://www.redfin.com/MD/Potomac/9712-Eldwick-Way-20854/home/10900631,BRIGHT MLS,MDMC2097090,N,Y,39.039142,-77.2012178
PAST SALE,July-6-2023,Single Family Residential,8904 Falls Farm Dr,Potomac,MD,20854,1136000,4,2.5,POTOMAC OUTSIDE,3056,15123,1998,,372,95,Sold,,,https://www.redfin.com/MD/Potomac/8904-Falls-Farm-Dr-20854/home/10923852,BRIGHT MLS,MDMC2095062,N,Y,39.0547557,-77.1843945
PAST SALE,May-12-2023,Single Family Residential,12700 Brushwood Ter,Potomac,MD,20854,1330000,5,5.0,TRAVILAH MEADOWS,6069,90169,1975,,219,,Sold,,,https://www.redfin.com/MD/Potomac/12700-Brushwood-Ter-20854/home/10611985,BRIGHT MLS,MDMC2086464,N,Y,39.0642596,-77.2704399
PAST SALE,June-6-2023,Single Family Residential,2409 Chilham Pl,Potomac,MD,20854,925000,6,3.0,MONTGOMERY SQUARE,3039,11022,1967,,304,,Sold,,,https://www.redfin.com/MD/Potomac/2409-Chilham-Pl-20854/home/10507792,BRIGHT MLS,MDMC2086408,N,Y,39.0587614,-77.1743309
PAST SALE,July-21-2023,Townhouse,8900 Barrowgate Ct,Potomac,MD,20854,852000,3,4.0,FOX HILLS,3896,3640,1989,,219,165,Sold,,,https://www.redfin.com/MD/Rockville/8900-Barrowgate-Ct-20854/home/10920203,BRIGHT MLS,MDMC2096340,N,Y,39.0370473,-77.1839296
PAST SALE,August-15-2023,Single Family Residential,9128 Orchard Brook Dr,Potomac,MD,20854,1055000,4,2.5,POTOMAC COMMONS,3576,10780,1972,,295,,Sold,,,https://www.redfin.com/MD/Rockville/9128-Orchard-Brook-Dr-20854/home/10509210,BRIGHT MLS,MDMC2100486,N,Y,39.0606622,-77.188887
PAST SALE,July-18-2023,Single Family Residential,12409 Frost Ct,Potomac,MD,20854,958888,4,2.5,COPENHAVER,2400,11872,1973,,400,,Sold,,,https://www.redfin.com/MD/Potomac/12409-Frost-Ct-20854/home/10508521,BRIGHT MLS,MDMC2095770,N,Y,39.0598505,-77.1927503
PAST SALE,May-19-2023,Single Family Residential,9107 River Rd,Potomac,MD,20854,1590000,4,2.5,BRADLEY FARMS,2736,65340,1949,,581,,Sold,,,https://www.redfin.com/MD/Potomac/9107-River-Rd-20854/home/10887029,BRIGHT MLS,MDMC2090346,N,Y,39.0046723,-77.1854727
PAST SALE,June-28-2023,Single Family Residential,8009 Hackamore Dr,Potomac,MD,20854,1210000,4,3.5,RIVER FALLS,3300,15000,1983,,367,,Sold,,,https://www.redfin.com/MD/Potomac/8009-Hackamore-Dr-20854/home/10907288,BRIGHT MLS,MDMC2094516,N,Y,38.9905314,-77.2176794
PAST SALE,August-1-2023,Single Family Residential,8104 Lakenheath Way,Potomac,MD,20854,1150000,5,2.5,INVERNESS FOREST,2847,11388,1969,,404,,Sold,,,https://www.redfin.com/MD/Potomac/8104-Lakenheath-Way-20854/home/10897031,BRIGHT MLS,MDMC2097468,N,Y,39.0364615,-77.1636373
PAST SALE,July-25-2023,Single Family Residential,12404 Willow Green Ct,Potomac,MD,20854,835000,4,3.0,COPENHAVER,2868,20187,1972,,291,,Sold,,,https://www.redfin.com/MD/Potomac/12404-Willow-Green-Ct-20854/home/10519309,BRIGHT MLS,MDMC2098372,N,Y,39.0569628,-77.1887522
PAST SALE,June-13-2023,Single Family Residential,9920 Conestoga Way,Potomac,MD,20854,1820000,5,5.0,POTOMAC VILLAGE,7744,16036,1982,,235,,Sold,,,https://www.redfin.com/MD/Potomac/9920-Conestoga-Way-20854/home/10898304,BRIGHT MLS,MDMC2094856,N,Y,39.0187849,-77.2006564
PAST SALE,August-31-2023,Townhouse,7212 Taveshire Way,Bethesda,MD,20817,872000,3,2.5,WILDWOOD HILLS,1748,1927,1984,,499,132,Sold,,,https://www.redfin.com/MD/Bethesda/7212-Taveshire-Way-20817/home/10913738,BRIGHT MLS,MDMC2100796,N,Y,39.0214876,-77.1492691
PAST SALE,July-17-2023,Single Family Residential,8309 Postoak Rd,Potomac,MD,20854,1099000,4,3.5,REGENCY ESTATES,2974,15692,1965,,370,,Sold,,,https://www.redfin.com/MD/Potomac/8309-Postoak-Rd-20854/home/10505533,BRIGHT MLS,MDMC2098538,N,Y,39.0530294,-77.1717699
PAST SALE,August-28-2023,Single Family Residential,7818 Ivymount Ter,Potomac,MD,20854,1157777,4,2.5,WILLERBURN ACRES,2160,9520,1971,,536,,Sold,,,https://www.redfin.com/MD/Potomac/7818-Ivymount-Ter-20854/home/10507122,BRIGHT MLS,MDMC2100164,N,Y,39.0458045,-77.1594135
PAST SALE,May-26-2023,Single Family Residential,11813 Centurion Way,Potomac,MD,20854,2330000,6,6.0,PALATINE SUB,10789,87120,2001,,216,21,Sold,,,https://www.redfin.com/MD/Potomac/11813-Centurion-Way-20854/home/10628681,BRIGHT MLS,MDMC2089874,N,Y,39.0721015,-77.2477446
PAST SALE,June-5-2023,Single Family Residential,1 Stanmore Ct,Potomac,MD,20854,2250000,6,5.5,GREAT FALLS ESTATES,5395,111078,1967,,417,,Sold,,,https://www.redfin.com/MD/Potomac/1-Stanmore-Ct-20854/home/10890671,BRIGHT MLS,MDMC2087508,N,Y,39.014133,-77.2327137
PAST SALE,August-22-2023,Single Family Residential,10201 Sundance Ct,Potomac,MD,20854,1351000,3,3.5,INVERNESS FOREST,3344,7986,1985,,404,46,Sold,,,https://www.redfin.com/MD/Potomac/10201-Sundance-Ct-20854/home/10915816,BRIGHT MLS,MDMC2100392,N,Y,39.0238281,-77.163909
PAST SALE,July-6-2023,Single Family Residential,9912 Glenolden Dr,Potomac,MD,20854,1655000,5,4.5,POTOMAC VILLAGE,5620,19136,1973,,294,,Sold,,,https://www.redfin.com/MD/Potomac/9912-Glenolden-Dr-20854/home/10898441,BRIGHT MLS,MDMC2086052,N,Y,39.0187058,-77.2040926
PAST SALE,August-23-2023,Townhouse,10406 Parthenon Ct #10406,Bethesda,MD,20817,445000,3,2.5,LAKESHORE TOWNHOMES CODM,1309,,1983,,340,297,Sold,,,https://www.redfin.com/MD/Bethesda/10406-Parthenon-Ct-20817/unit-10406/home/10914705,BRIGHT MLS,MDMC2101346,N,Y,39.0260872,-77.153178
PAST SALE,June-29-2023,Single Family Residential,9509 Eagle Ridge Dr,Bethesda,MD,20817,1865000,5,4.5,AVENEL,5327,21342,1995,,350,481,Sold,,,https://www.redfin.com/MD/Bethesda/9509-Eagle-Ridge-Dr-20817/home/10919491,BRIGHT MLS,MDMC2094556,N,Y,38.9829306,-77.1947269
PAST SALE,June-22-2023,Single Family Residential,11711 Karen Dr,Potomac,MD,20854,965000,4,3.0,LAKE NORMANDY ESTS,2930,21500,1965,,329,,Sold,,,https://www.redfin.com/MD/Rockville/11711-Karen-Dr-20854/home/10890792,BRIGHT MLS,MDMC2092928,N,Y,39.049237,-77.1870039
PAST SALE,July-27-2023,Single Family Residential,8712 Cold Spring Rd,Potomac,MD,20854,1295000,5,3.5,COPENHAVER,4684,12249,1969,,276,35,Sold,,,https://www.redfin.com/MD/Potomac/8712-Cold-Spring-Rd-20854/home/10508436,BRIGHT MLS,MDMC2096550,N,Y,39.0606083,-77.1790483
PAST SALE,August-30-2023,Townhouse,13500 Flowerfield Dr,Potomac,MD,20854,875000,3,3.5,PINEY GLEN VILLAGE,2584,3083,1996,,339,119,Sold,,,https://www.redfin.com/MD/Potomac/13500-Flowerfield-Dr-20854/home/10549665,BRIGHT MLS,MDMC2101752,N,Y,39.078064,-77.2146703
PAST SALE,August-21-2023,Single Family Residential,8205 Raymond Ln,Potomac,MD,20854,966000,5,3.0,REGENCY ESTATES,2340,8970,1965,,413,,Sold,,,https://www.redfin.com/MD/Potomac/8205-Raymond-Ln-20854/home/10505997,BRIGHT MLS,MDMC2099142,N,Y,39.0425729,-77.1679732
PAST SALE,June-16-2023,Single Family Residential,14040 Esworthy Rd,Darnestown,MD,20874,985000,4,3.0,DARNESTOWN OUTSIDE,2624,87120,1973,,375,,Sold,,,https://www.redfin.com/MD/Germantown/14040-Esworthy-Rd-20874/home/10607478,BRIGHT MLS,MDMC2092146,N,Y,39.0856923,-77.3002447
PAST SALE,August-10-2023,Townhouse,8022 Inverness Ridge Rd,Potomac,MD,20854,675000,3,3.5,INVERNESS FOREST TH,1474,2288,1971,,458,80,Sold,,,https://www.redfin.com/MD/Potomac/8022-Inverness-Ridge-Rd-20854/home/10896996,BRIGHT MLS,MDMC2100168,N,Y,39.029756,-77.163048
PAST SALE,July-24-2023,Single Family Residential,13505 Deerbrook Dr,Potomac,MD,20854,1640000,5,4.5,PINEY GLEN VILLAGE,7539,13769,1998,,218,83,Sold,,,https://www.redfin.com/MD/Potomac/13505-Deerbrook-Dr-20854/home/10550931,BRIGHT MLS,MDMC2093162,N,Y,39.078854,-77.2167363
PAST SALE,August-3-2023,Single Family Residential,10629 Democracy Ln,Potomac,MD,20854,1050000,4,3.5,INVERNESS FOREST,2761,9714,1971,,380,,Sold,,,https://www.redfin.com/MD/Potomac/10629-Democracy-Ln-20854/home/10897040,BRIGHT MLS,MDMC2097812,N,Y,39.0307621,-77.1684853
PAST SALE,July-25-2023,Single Family Residential,12645 Travilah Rd,Potomac,MD,20854,1200000,4,4.0,DARNESTOWN OUTSIDE,5205,87120,1880,,231,,Sold,,,https://www.redfin.com/MD/Potomac/12645-Travilah-Rd-20854/home/10609989,BRIGHT MLS,MDMC2095442,N,Y,39.0637055,-77.2761187
PAST SALE,June-22-2023,Single Family Residential,11316 Ridge Mist Ter,Potomac,MD,20854,1930500,5,4.5,CLAGETT FARM,6759,15502,2000,,286,80,Sold,,,https://www.redfin.com/MD/Potomac/11316-Ridge-Mist-Ter-20854/home/10925095,BRIGHT MLS,MDMC2090626,N,Y,39.04381,-77.1985227
PAST SALE,August-2-2023,Townhouse,7950 Inverness Ridge Rd,Potomac,MD,20854,632000,3,3.5,INVERNESS FOREST TH,2032,4106,1970,,311,77,Sold,,,https://www.redfin.com/MD/Potomac/7950-Inverness-Ridge-Rd-20854/home/10896941,BRIGHT MLS,MDMC2092900,N,Y,39.029889,-77.162106
PAST SALE,July-11-2023,Townhouse,9425 Turnberry Dr,Potomac,MD,20854,1300000,3,3.5,AVENEL,3716,3488,1988,,350,395,Sold,,,https://www.redfin.com/MD/Potomac/9425-Turnberry-Dr-20854/home/10917883,BRIGHT MLS,MDMC2094980,N,Y,38.990661,-77.191393
PAST SALE,July-31-2023,Townhouse,8002 Inverness Ridge Rd,Potomac,MD,20854,645000,4,3.5,INVERNESS FOREST TH,2019,2271,1971,,319,80,Sold,,,https://www.redfin.com/MD/Potomac/8002-Inverness-Ridge-Rd-20854/home/10897350,BRIGHT MLS,MDMC2095256,N,Y,39.0302799,-77.1631507
PAST SALE,October-6-2023,Townhouse,12526 Ansin Circle Dr,Potomac,MD,20854,1250000,4,4.5,WHEEL OF FORTUNE,2400,1306,2007,,521,261,Sold,,,https://www.redfin.com/MD/Potomac/12526-Ansin-Circle-Dr-20854/home/35615162,BRIGHT MLS,MDMC2105456,N,Y,39.0607071,-77.1591245
PAST SALE,July-25-2023,Single Family Residential,9213 Potomac School Dr,Potomac,MD,20854,2011688,7,4.5,AVENEL,5914,16200,1994,,340,481,Sold,,,https://www.redfin.com/MD/Potomac/9213-Potomac-School-Dr-20854/home/10922639,BRIGHT MLS,MDMC2097764,N,Y,38.9933572,-77.188258
PAST SALE,October-18-2023,Single Family Residential,8021 Lakenheath Way,Potomac,MD,20854,1210000,6,3.5,INVERNESS FOREST,3560,16513,1969,,340,,Sold,,,https://www.redfin.com/MD/Potomac/8021-Lakenheath-Way-20854/home/10896805,BRIGHT MLS,MDMC2109296,N,Y,39.0366968,-77.1621545
PAST SALE,July-14-2023,Single Family Residential,11610 Regency Dr,Potomac,MD,20854,770000,4,3.0,REGENCY ESTATES,2112,9000,1963,,365,,Sold,,,https://www.redfin.com/MD/Rockville/11610-Regency-Dr-20854/home/10505861,BRIGHT MLS,MDMC2095434,N,Y,39.044438,-77.1701524
PAST SALE,July-12-2023,Townhouse,7764 Heatherton Ln,Potomac,MD,20854,740000,3,3.5,INVERNESS KNOLLS,1906,2002,1978,,388,196,Sold,,,https://www.redfin.com/MD/Potomac/7764-Heatherton-Ln-20854/home/10526001,BRIGHT MLS,MDMC2097010,N,Y,39.043948,-77.1574027
PAST SALE,May-25-2023,Single Family Residential,11709 Roberts Glen Ct,Potomac,MD,20854,1460000,5,4.5,ROBERTS GLEN,7223,27759,1994,,202,70,Sold,,,https://www.redfin.com/MD/Rockville/11709-Roberts-Glen-Ct-20854/home/10923830,BRIGHT MLS,MDMC2085778,N,Y,39.0486464,-77.2002296
PAST SALE,September-28-2023,Single Family Residential,9427 Fox Hollow Dr,Potomac,MD,20854,1700000,5,4.5,BEDFORDSHIRE,5242,10523,1986,,324,66,Sold,,,https://www.redfin.com/MD/Rockville/9427-Fox-Hollow-Dr-20854/home/10917240,BRIGHT MLS,MDMC2104846,N,Y,39.0394116,-77.1956467
PAST SALE,July-28-2023,Single Family Residential,13502 Deerbrook Dr,Potomac,MD,20854,1595000,5,6.0,PINEY GLEN VILLAGE,7756,11896,1998,,206,83,Sold,,,https://www.redfin.com/MD/Potomac/13502-Deerbrook-Dr-20854/home/10551003,BRIGHT MLS,MDMC2095406,N,Y,39.0790664,-77.2173875
PAST SALE,June-30-2023,Single Family Residential,11125 Korman Dr,Potomac,MD,20854,985000,5,2.5,BEDFORDSHIRE,3653,13418,1973,,270,38,Sold,,,https://www.redfin.com/MD/Potomac/11125-Korman-Dr-20854/home/10900798,BRIGHT MLS,MDMC2095210,N,Y,39.0390872,-77.2070347
PAST SALE,September-14-2023,Townhouse,9426 Turnberry Dr,Potomac,MD,20854,1333500,4,3.5,AVENEL,3035,3556,1989,,439,395,Sold,,,https://www.redfin.com/MD/Potomac/9426-Turnberry-Dr-20854/home/10917921,BRIGHT MLS,MDMC2102450,N,Y,38.989915,-77.191886
PAST SALE,May-5-2023,Single Family Residential,11108 S Glen Rd,Potomac,MD,20854,2300000,7,7.5,POTOMAC OUTSIDE,9673,88862,1992,,238,,Sold,,,https://www.redfin.com/MD/Potomac/11108-S-Glen-Rd-20854/home/10919448,BRIGHT MLS,MDMC2086264,N,Y,39.0380529,-77.2181061
PAST SALE,June-15-2023,Single Family Residential,13018 Boswell Ct,Potomac,MD,20854,1760000,5,4.5,PT ROCKVILLE OUT RES. 3,7221,87120,1990,,244,,Sold,,,https://www.redfin.com/MD/Potomac/13018-Boswell-Ct-20854/home/10545167,BRIGHT MLS,MDMC2091446,N,Y,39.0700255,-77.221548
PAST SALE,July-5-2023,Single Family Residential,8018 Park Overlook Dr,Bethesda,MD,20817,1100000,5,3.0,CARDEROCK SPRINGS,2940,18144,1965,,374,4,Sold,,,https://www.redfin.com/MD/Bethesda/8018-Park-Overlook-Dr-20817/home/10888540,BRIGHT MLS,MDMC2095826,N,Y,38.9915984,-77.1645359
PAST SALE,May-26-2023,Single Family Residential,12509 Noble Ct,Potomac,MD,20854,2250000,7,6.5,PALATINE SUB,10000,87120,1996,,225,17,Sold,,,https://www.redfin.com/MD/Potomac/12509-Noble-Ct-20854/home/10628362,BRIGHT MLS,MDMC2088596,N,Y,39.0607162,-77.2387865
PAST SALE,June-9-2023,Single Family Residential,10125 Glen Rd,Potomac,MD,20854,1500000,6,4.5,GLEN MILL VILLAGE,6700,46609,1987,,224,,Sold,,,https://www.redfin.com/MD/Potomac/10125-Glen-Rd-20854/home/10916361,BRIGHT MLS,MDMC2081810,N,Y,39.0475919,-77.208764
PAST SALE,June-21-2023,Single Family Residential,10525 Alloway Dr,Potomac,MD,20854,3595000,5,8.5,POTOMAC RANCH,9850,87120,1986,,365,,Sold,,,https://www.redfin.com/MD/Rockville/10525-Alloway-Dr-20854/home/10910293,BRIGHT MLS,MDMC2092634,N,Y,39.003036,-77.218367
PAST SALE,May-26-2023,Single Family Residential,10531 Tanager Ln,Potomac,MD,20854,1000000,5,4.5,PT ROCKVILLE OUT RES. 3,5526,87556,1972,,181,,Sold,,,https://www.redfin.com/MD/Rockville/10531-Tanager-Ln-20854/home/10501753,BRIGHT MLS,MDMC2091306,N,Y,39.068342,-77.2187124
PAST SALE,May-22-2023,Single Family Residential,9213 Fall River Ln,Potomac,MD,20854,1767600,6,5.0,PINE KNOLLS,5238,15681,1993,,337,21,Sold,,,https://www.redfin.com/MD/Potomac/9213-Fall-River-Ln-20854/home/10923062,BRIGHT MLS,MDMC2086274,N,Y,39.0377405,-77.1905941
PAST SALE,May-18-2023,Single Family Residential,10416 Crossing Creek Rd,Potomac,MD,20854,1350000,5,3.0,EAST GATE OF POTOMAC,3842,11556,1971,,351,10,Sold,,,https://www.redfin.com/MD/Potomac/10416-Crossing-Creek-Rd-20854/home/10898977,BRIGHT MLS,MDMC2088044,N,Y,39.026598,-77.179321
PAST SALE,May-15-2023,Single Family Residential,11020 Piney Meetinghouse Rd,Potomac,MD,20854,1800000,5,5.5,SADDLE RIDGE,7645,87120,1988,,235,,Sold,,,https://www.redfin.com/MD/Potomac/11020-Piney-Meetinghouse-Rd-20854/home/10616074,BRIGHT MLS,MDMC2090712,N,Y,39.0385957,-77.2354635
PAST SALE,September-29-2023,Single Family Residential,8706 Liberty Ln,Potomac,MD,20854,940000,4,2.5,HIGHLAND STONE,2775,8888,1970,,339,,Sold,,,https://www.redfin.com/MD/Rockville/8706-Liberty-Ln-20854/home/10507555,BRIGHT MLS,MDMC2104664,N,Y,39.0482827,-77.179857
PAST SALE,May-17-2023,Single Family Residential,8609 Fox Run,Potomac,MD,20854,1079000,4,3.5,FOX HILLS,3061,11006,1966,,352,,Sold,,,https://www.redfin.com/MD/Potomac/8609-Fox-Run-20854/home/10892549,BRIGHT MLS,MDMC2084064,N,Y,39.0391849,-77.178015
PAST SALE,June-2-2023,Single Family Residential,10 Snug Hill Ct,Potomac,MD,20854,1160000,4,3.0,EAST GATE OF POTOMAC,2644,12825,1972,,439,25,Sold,,,https://www.redfin.com/MD/Potomac/10-Snug-Hill-Ct-20854/home/10899403,BRIGHT MLS,MDMC2091170,N,Y,39.0242969,-77.1695234
PAST SALE,October-10-2023,Townhouse,11413 Cedar Ridge Dr,Potomac,MD,20854,1100000,3,3.5,POTOMAC CREST,3236,4172,1995,,340,128,Sold,,,https://www.redfin.com/MD/Potomac/11413-Cedar-Ridge-Dr-20854/home/10545914,BRIGHT MLS,MDMC2107644,N,Y,39.0420645,-77.1610761
PAST SALE,June-30-2023,Single Family Residential,9708 Avenel Farm Dr,Potomac,MD,20854,1895000,4,4.5,AVENEL,6365,24923,1991,,298,481,Sold,,,https://www.redfin.com/MD/Potomac/9708-Avenel-Farm-Dr-20854/home/10920346,BRIGHT MLS,MDMC2094476,N,Y,39.0007918,-77.1994211
PAST SALE,May-31-2023,Single Family Residential,7033 Barkwater Ct,Bethesda,MD,20817,1560000,5,4.5,CARDEROCK SPRINGS,3597,12038,1969,,434,19,Sold,,,https://www.redfin.com/MD/Bethesda/7033-Barkwater-Ct-20817/home/10681791,BRIGHT MLS,MDMC2091406,N,Y,38.9807856,-77.168782
PAST SALE,June-12-2023,Single Family Residential,8409 Lilly Stone Dr,Bethesda,MD,20817,1400000,4,3.0,CARDEROCK SPRINGS,2716,15009,1965,,515,,Sold,,,https://www.redfin.com/MD/Bethesda/8409-Lilly-Stone-Dr-20817/home/10888936,BRIGHT MLS,MDMC2088580,N,Y,38.9858542,-77.1730728
PAST SALE,October-20-2023,Single Family Residential,11013 Balantre Ln,Potomac,MD,20854,1925000,4,6.0,POTOMAC VIEW ESTS,11313,87120,1985,,170,,Sold,,,https://www.redfin.com/MD/Potomac/11013-Balantre-Ln-20854/home/10911222,BRIGHT MLS,MDMC2096136,N,Y,39.0403899,-77.2297828
PAST SALE,June-21-2023,Single Family Residential,7500 Hackamore Dr,Potomac,MD,20854,1562000,5,3.5,RIVER FALLS,4350,16920,1974,,359,,Sold,,,https://www.redfin.com/MD/Rockville/7500-Hackamore-Dr-20854/home/10894317,BRIGHT MLS,MDMC2089706,N,Y,38.9854171,-77.2131432
PAST SALE,August-14-2023,Single Family Residential,10919 Lamplighter Ln,Potomac,MD,20854,1600000,4,4.5,BELLS MILL ESTATES,4936,7425,1997,,324,88,Sold,,,https://www.redfin.com/MD/Potomac/10919-Lamplighter-Ln-20854/home/10923569,BRIGHT MLS,MDMC2098386,N,Y,39.0362261,-77.1705118
PAST SALE,June-15-2023,Single Family Residential,8916 Paddock Ln,Potomac,MD,20854,950000,4,3.0,POTOMAC COMMONS,2798,11128,1972,,340,,Sold,,,https://www.redfin.com/MD/Potomac/8916-Paddock-Ln-20854/home/10509280,BRIGHT MLS,MDMC2090894,N,Y,39.0665322,-77.1831591
PAST SALE,May-30-2023,Single Family Residential,11004 Broad Green Dr,Potomac,MD,20854,1200000,5,3.5,BEDFORDSHIRE,3409,10213,1983,,352,,Sold,,,https://www.redfin.com/MD/Potomac/11004-Broad-Green-Dr-20854/home/10911460,BRIGHT MLS,MDMC2090434,N,Y,39.0375146,-77.2073042
PAST SALE,October-20-2023,Single Family Residential,11201 Korman Dr,Potomac,MD,20854,1109000,5,2.5,BEDFORDSHIRE,3367,12147,1973,,329,38,Sold,,,https://www.redfin.com/MD/Potomac/11201-Korman-Dr-20854/home/10900804,BRIGHT MLS,MDMC2107058,N,Y,39.0396406,-77.207147
PAST SALE,August-31-2023,Single Family Residential,11208 Old Post Rd,Potomac,MD,20854,1275000,6,3.5,WILLOWBROOK,3519,16198,1969,,362,,Sold,,,https://www.redfin.com/MD/Rockville/11208-Old-Post-Rd-20854/home/10893725,BRIGHT MLS,MDMC2100344,N,Y,39.0391097,-77.1794976
PAST SALE,June-8-2023,Single Family Residential,11604 Gainsborough Rd,Potomac,MD,20854,878000,3,3.0,REGENCY ESTATES,2208,11713,1962,,398,,Sold,,,https://www.redfin.com/MD/Potomac/11604-Gainsborough-Rd-20854/home/10505489,BRIGHT MLS,MDMC2091094,N,Y,39.0475542,-77.1635483
PAST SALE,May-24-2023,Single Family Residential,10713 Cloverbrooke Dr,Potomac,MD,20854,1529000,5,4.5,PINEY GLEN VILLAGE,5618,12838,1996,,272,83,Sold,,,https://www.redfin.com/MD/Potomac/10713-Cloverbrooke-Dr-20854/home/10551231,BRIGHT MLS,MDMC2088754,N,Y,39.0736488,-77.2219685
PAST SALE,June-16-2023,Single Family Residential,10001 Carter Rd,Bethesda,MD,20817,1375000,7,4.0,ASHLEIGH,4744,30185,1965,,290,,Sold,,,https://www.redfin.com/MD/Bethesda/10001-Carter-Rd-20817/home/10888107,BRIGHT MLS,MDMC2090586,N,Y,39.0203375,-77.1553918
PAST SALE,June-23-2023,Townhouse,10417 Heathside Way,Potomac,MD,20854,775000,3,3.5,PINEY GLEN VILLAGE,2108,1757,1996,,368,120,Sold,,,https://www.redfin.com/MD/Potomac/10417-Heathside-Way-20854/home/10549891,BRIGHT MLS,MDMC2094466,N,Y,39.0814908,-77.2164575
PAST SALE,May-26-2023,Single Family Residential,9624 Reach Rd,Potomac,MD,20854,1289500,4,4.0,FALLSREACH,3860,10355,1983,,334,60,Sold,,,https://www.redfin.com/MD/Potomac/9624-Reach-Rd-20854/home/10909234,BRIGHT MLS,MDMC2086238,N,Y,39.0536114,-77.1978713
PAST SALE,May-16-2023,Single Family Residential,7305 River Falls Dr,Potomac,MD,20854,1475000,5,3.5,RIVER FALLS,3450,16002,1986,,428,,Sold,,,https://www.redfin.com/MD/Rockville/7305-River-Falls-Dr-20854/home/10915595,BRIGHT MLS,MDMC2085198,N,Y,38.98201,-77.218937
PAST SALE,May-8-2023,Single Family Residential,11611 Toulone Dr,Potomac,MD,20854,1005001,5,3.5,OLDFIELD,3450,16327,1969,,291,,Sold,,,https://www.redfin.com/MD/Potomac/11611-Toulone-Dr-20854/home/10894132,BRIGHT MLS,MDMC2088870,N,Y,39.0471281,-77.1836982
PAST SALE,October-6-2023,Single Family Residential,9224 Fall River Ln,Potomac,MD,20854,1433000,5,4.5,PINE KNOLLS,4889,13342,1977,,293,21,Sold,,,https://www.redfin.com/MD/Potomac/9224-Fall-River-Ln-20854/home/10904611,BRIGHT MLS,MDMC2097270,N,Y,39.0372196,-77.1909534
PAST SALE,September-26-2023,Single Family Residential,10012 Chartwell Manor Ct,Potomac,MD,20854,1580000,5,5.0,AVENEL,6202,10644,1989,,255,423,Sold,,,https://www.redfin.com/MD/Potomac/10012-Chartwell-Manor-Ct-20854/home/10919219,BRIGHT MLS,MDMC2103342,N,Y,38.9987465,-77.2064508
PAST SALE,June-6-2023,Single Family Residential,8401 Pittsfield Ct,Potomac,MD,20854,1260000,5,4.5,WINDSOR HILLS,3977,14380,1970,,317,,Sold,,,https://www.redfin.com/MD/Potomac/8401-Pittsfield-Ct-20854/home/10899685,BRIGHT MLS,MDMC2092428,N,Y,39.0302417,-77.1707365
PAST SALE,June-8-2023,Townhouse,10837 Whiterim Dr,Potomac,MD,20854,861000,2,3.5,FAWSETT FARMS MANOR,2661,2970,1986,,324,102,Sold,,,https://www.redfin.com/MD/Potomac/10837-Whiterim-Dr-20854/home/10913252,BRIGHT MLS,MDMC2090888,N,Y,38.9866162,-77.2236377
PAST SALE,August-21-2023,Single Family Residential,9228 Falls Chapel Way,Potomac,MD,20854,1313333,5,3.5,COPENHAVER,4954,12600,1972,,265,42,Sold,,,https://www.redfin.com/MD/Potomac/9228-Falls-Chapel-Way-20854/home/10508460,BRIGHT MLS,MDMC2100662,N,Y,39.0568604,-77.1869328
PAST SALE,,Single Family Residential,10808 Kirkwall Ter,Rockville,MD,20854,1230000,,2.5,,3108,12789,1970,,396,,,,,https://www.redfin.com/MD/Rockville/10808-Kirkwall-Ter-20854/home/10897079,,,N,Y,39.032886,-77.167142
PAST SALE,,Single Family Residential,9717 Brimfield Ct,Rockville,MD,20854,1380000,,3.5,,3480,20775,1971,,397,,,,,https://www.redfin.com/MD/Rockville/9717-Brimfield-Ct-20854/home/10900045,,,N,Y,39.0153293,-77.2095949
PAST SALE,August-15-2023,Single Family Residential,8712 Snowhill Ct,Potomac,MD,20854,1650000,5,4.5,KENTSDALE ESTATES,5300,20000,1986,,311,10,Sold,,,https://www.redfin.com/MD/Potomac/8712-Snowhill-Ct-20854/home/10917443,BRIGHT MLS,MDMC2100798,N,Y,39.0205492,-77.1790483
PAST SALE,July-5-2023,Single Family Residential,12017 Coldstream Dr,Potomac,MD,20854,925000,4,2.5,BEVERLY FARMS,2802,9375,1966,,330,,Sold,,,https://www.redfin.com/MD/Potomac/12017-Coldstream-Dr-20854/home/10508122,BRIGHT MLS,MDMC2093602,N,Y,39.0538075,-77.1796548
PAST SALE,June-30-2023,Single Family Residential,9301 Wooden Bridge Rd,Potomac,MD,20854,1185000,4,2.5,POTOMAC COMMONS,3083,11112,1972,,384,,Sold,,,https://www.redfin.com/MD/Rockville/9301-Wooden-Bridge-Rd-20854/home/10509250,BRIGHT MLS,MDMC2093202,N,Y,39.0628143,-77.1909457
PAST SALE,May-10-2023,Single Family Residential,8308 Larkmeade Ter,Potomac,MD,20854,1580000,5,4.5,BELLS MILL ESTATES,5800,7500,1996,,272,88,Sold,,,https://www.redfin.com/MD/Potomac/8308-Larkmeade-Ter-20854/home/10923121,BRIGHT MLS,MDMC2088550,N,Y,39.0351394,-77.1693886
PAST SALE,May-30-2023,Single Family Residential,9501 Falls Rd,Potomac,MD,20854,1222000,6,4.5,WILLIAMSBURG GARDENS,3885,24042,1964,,315,,Sold,,,https://www.redfin.com/MD/Rockville/9501-Falls-Rd-20854/home/10884396,BRIGHT MLS,MDMC2089322,N,Y,39.011499,-77.217087
PAST SALE,September-12-2023,Single Family Residential,11501 Dalyn Ter,Potomac,MD,20854,2350000,5,6.0,MERRY GO ROUND FARM,6908,31837,2001,,340,429,Sold,,,https://www.redfin.com/MD/Potomac/11501-Dalyn-Ter-20854/home/11178799,BRIGHT MLS,MDMC2099934,N,Y,39.0437953,-77.2690483
PAST SALE,May-19-2023,Townhouse,12291 Greenleaf Ave,Potomac,MD,20854,640000,3,3.0,WATKINS GLEN,2436,2040,1970,,263,285,Sold,,,https://www.redfin.com/MD/Potomac/12291-Greenleaf-Ave-20854/home/10509490,BRIGHT MLS,MDMC2086946,N,Y,39.0541407,-77.1562093
PAST SALE,June-30-2023,Single Family Residential,8717 Wandering Trail Dr,Potomac,MD,20854,1280000,4,2.5,POTOMAC COMMONS,3108,10530,1973,,412,,Sold,,,https://www.redfin.com/MD/Rockville/8717-Wandering-Trail-Dr-20854/home/10509333,BRIGHT MLS,MDMC2090730,N,Y,39.0659443,-77.1802164
PAST SALE,June-2-2023,Townhouse,9416 Bentridge Ave,Potomac,MD,20854,790000,4,3.5,FALLSREACH,3171,2426,1983,,249,128,Sold,,,https://www.redfin.com/MD/Rockville/9416-Bentridge-Ave-20854/home/10912647,BRIGHT MLS,MDMC2091278,N,Y,39.0566206,-77.1941822
PAST SALE,May-30-2023,Single Family Residential,9901 River View Ct,Potomac,MD,20854,3400000,5,7.5,MARWOOD,8070,74284,1998,,421,406,Sold,,,https://www.redfin.com/MD/Potomac/9901-River-View-Ct-20854/home/11185449,BRIGHT MLS,MDMC2090610,N,Y,39.0245493,-77.2343633
PAST SALE,July-14-2023,Single Family Residential,12206 Greenbriar Branch Dr,Potomac,MD,20854,2500000,7,6.5,ESTATES AT GREENBRIAR PRESERVE,10466,22685,2007,,239,145,Sold,,,https://www.redfin.com/MD/Potomac/12206-Greenbriar-Branch-Dr-20854/home/35615545,BRIGHT MLS,MDMC2093818,N,Y,39.0569884,-77.2393029
PAST SALE,July-10-2023,Single Family Residential,12521 Stable House Ct,Potomac,MD,20854,1149900,5,3.5,POTOMAC COMMONS,4648,11073,1969,,247,,Sold,,,https://www.redfin.com/MD/Potomac/12521-Stable-House-Ct-20854/home/10508932,BRIGHT MLS,MDMC2088422,N,Y,39.0618341,-77.1853829
PAST SALE,August-7-2023,Single Family Residential,11004 Larkmeade Ln,Potomac,MD,20854,1535000,4,4.5,BELLS MILL ESTATES,7025,9081,1996,,219,88,Sold,,,https://www.redfin.com/MD/Potomac/11004-Larkmeade-Ln-20854/home/10923463,BRIGHT MLS,MDMC2099508,N,Y,39.0355225,-77.1701299
PAST SALE,June-30-2023,Single Family Residential,10 Piney Meetinghouse Ct,Potomac,MD,20854,2020000,5,7.0,POTOMAC VIEW ESTS,6141,103673,1982,,329,,Sold,,,https://www.redfin.com/MD/Potomac/10-Piney-Meetinghouse-Ct-20854/home/10910241,BRIGHT MLS,MDMC2063386,N,Y,39.0373691,-77.2300252
PAST SALE,June-20-2023,Single Family Residential,12317 Rivers Edge Dr,Potomac,MD,20854,1425000,7,4.5,RIVERS EDGE,4982,98446,1982,,286,14,Sold,,,https://www.redfin.com/MD/Potomac/12317-Rivers-Edge-Dr-20854/home/10613841,BRIGHT MLS,MDMC2090364,N,Y,39.058858,-77.288769
PAST SALE,September-5-2023,Townhouse,10112 Langhorne Ct,Bethesda,MD,20817,750000,4,3.5,WILDWOOD HILLS,2595,2472,1984,,289,131,Sold,,,https://www.redfin.com/MD/Bethesda/10112-Langhorne-Ct-20817/home/10913781,BRIGHT MLS,MDMC2101196,N,Y,39.0213221,-77.1497872
PAST SALE,June-16-2023,Single Family Residential,10601 Rock Run Dr,Potomac,MD,20854,1300000,5,3.5,FAWSETT FARMS,3732,15383,1984,,348,,Sold,,,https://www.redfin.com/MD/Potomac/10601-Rock-Run-Dr-20854/home/10911108,BRIGHT MLS,MDMC2086252,N,Y,38.9927918,-77.2174549
PAST SALE,September-15-2023,Townhouse,7539 Heatherton Ln,Potomac,MD,20854,750000,3,3.0,INVERNESS KNOLLS,1978,2002,1984,,379,196,Sold,,,https://www.redfin.com/MD/Potomac/7539-Heatherton-Ln-20854/home/10528299,BRIGHT MLS,MDMC2103184,N,Y,39.0430449,-77.1550704
PAST SALE,October-23-2023,Townhouse,5 Taveshire Ct,Bethesda,MD,20817,780000,3,3.0,WILDWOOD HILLS,1748,1995,1984,,446,131,Sold,,,https://www.redfin.com/MD/Bethesda/5-Taveshire-Ct-20817/home/10913407,BRIGHT MLS,MDMC2108064,N,Y,39.0218408,-77.1499207
PAST SALE,June-15-2023,Townhouse,8206 River Quarry Pl,Bethesda,MD,20817,1307000,4,4.5,RIVER QUARRY,4064,3049,2012,,322,340,Sold,,,https://www.redfin.com/MD/Bethesda/8206-River-Quarry-Pl-20817/home/40281187,BRIGHT MLS,MDMC2089676,N,Y,38.9925057,-77.160447
PAST SALE,June-16-2023,Single Family Residential,5 Stoney Creek Way,Potomac,MD,20854,1655000,5,4.5,LAKE POTOMAC,5451,133729,1980,,304,,Sold,,,https://www.redfin.com/MD/Potomac/5-Stoney-Creek-Way-20854/home/10614188,BRIGHT MLS,MDMC2089500,N,Y,39.0504675,-77.2569265
PAST SALE,June-16-2023,Single Family Residential,11904 Canfield Rd,Potomac,MD,20854,982000,4,4.5,FALLSREACH,3830,17194,1979,,256,,Sold,,,https://www.redfin.com/MD/Potomac/11904-Canfield-Rd-20854/home/10906783,BRIGHT MLS,MDMC2089684,N,Y,39.0507038,-77.1926156
PAST SALE,August-14-2023,Single Family Residential,8300 Kingsgate Rd,Potomac,MD,20854,1292500,5,4.0,POTOMAC OUTSIDE,2774,47133,1963,,466,,Sold,,,https://www.redfin.com/MD/Potomac/8300-Kingsgate-Rd-20854/home/10885955,BRIGHT MLS,MDMC2097772,N,Y,38.9932426,-77.2216991
PAST SALE,July-31-2023,Single Family Residential,11516 Dahlia Ter,Potomac,MD,20854,1895000,5,3.5,MERRY GO ROUND FARM,5924,31717,1999,,320,429,Sold,,,https://www.redfin.com/MD/Potomac/11516-Dahlia-Ter-20854/home/10633828,BRIGHT MLS,MDMC2095050,N,Y,39.0469991,-77.2704848
PAST SALE,September-29-2023,Single Family Residential,10109 Logan Dr,Potomac,MD,20854,1675000,6,5.5,HERITAGE FARM,5596,15233,1973,,299,,Sold,,,https://www.redfin.com/MD/Potomac/10109-Logan-Dr-20854/home/10900418,BRIGHT MLS,MDMC2104476,N,Y,39.0075814,-77.209303
PAST SALE,August-2-2023,Single Family Residential,1 Oaklyn Ct,Potomac,MD,20854,2385000,5,4.5,POTOMAC OUTSIDE,5842,87120,1979,,408,,Sold,,,https://www.redfin.com/MD/Potomac/1-Oaklyn-Ct-20854/home/10907594,BRIGHT MLS,MDMC2097006,N,Y,38.998399,-77.211232
PAST SALE,July-19-2023,Townhouse,7786 Heatherton Ln,Potomac,MD,20854,735000,3,3.5,INVERNESS KNOLLS,1628,2002,1978,,451,196,Sold,,,https://www.redfin.com/MD/Rockville/7786-Heatherton-Ln-20854/home/10525979,BRIGHT MLS,MDMC2094628,N,Y,39.0433946,-77.1572757
PAST SALE,April-28-2023,Single Family Residential,17 Trailridge Ct,Potomac,MD,20854,975000,4,3.0,ROBERTS GLEN,2808,17660,1970,,347,,Sold,,,https://www.redfin.com/MD/Potomac/17-Trailridge-Ct-20854/home/10896041,BRIGHT MLS,MDMC2086940,N,Y,39.0518139,-77.1982756
PAST SALE,October-13-2023,Townhouse,7234 Taveshire Way,Bethesda,MD,20817,815000,4,3.5,WILDWOOD HILLS,1795,1859,1983,,454,131,Sold,,,https://www.redfin.com/MD/Bethesda/7234-Taveshire-Way-20817/home/10913394,BRIGHT MLS,MDMC2106028,N,Y,39.0215604,-77.1504599
PAST SALE,August-11-2023,Single Family Residential,8408 Tuckerman Ln,Potomac,MD,20854,1099000,4,2.5,FOX HILLS,2424,10389,1965,,453,,Sold,,,https://www.redfin.com/MD/Potomac/8408-Tuckerman-Ln-20854/home/10893425,BRIGHT MLS,MDMC2097540,N,Y,39.0405824,-77.1736569
PAST SALE,October-6-2023,Single Family Residential,9215 Bells Mill Rd,Potomac,MD,20854,2000000,6,5.5,PINE KNOLLS,7166,21875,2010,,279,,Sold,,,https://www.redfin.com/MD/Potomac/9215-Bells-Mill-Rd-20854/home/10884583,BRIGHT MLS,MDMC2103634,N,Y,39.0357298,-77.1907064
PAST SALE,July-31-2023,Single Family Residential,11124 Hurdle Hill Dr,Potomac,MD,20854,949000,4,2.5,FOX HILLS,2138,10500,1967,,444,,Sold,,,https://www.redfin.com/MD/Potomac/11124-Hurdle-Hill-Dr-20854/home/10892058,BRIGHT MLS,MDMC2097836,N,Y,39.0383437,-77.1776556
PAST SALE,June-27-2023,Single Family Residential,9633 Accord Dr,Potomac,MD,20854,1145000,4,2.5,CONCORD,2242,29563,1960,,511,,Sold,,,https://www.redfin.com/MD/Rockville/9633-Accord-Dr-20854/home/10883753,BRIGHT MLS,MDMC2089698,N,Y,39.0138766,-77.2039129
PAST SALE,May-25-2023,Single Family Residential,8706 Hidden Hill Ln,Potomac,MD,20854,1050000,5,3.5,EAST GATE OF POTOMAC,3840,11250,1972,,273,11,Sold,,,https://www.redfin.com/MD/Rockville/8706-Hidden-Hill-Ln-20854/home/10899014,BRIGHT MLS,MDMC2088800,N,Y,39.0245011,-77.179273
PAST SALE,May-5-2023,Single Family Residential,8908 Hunt Valley Ct,Potomac,MD,20854,2242900,5,5.5,FALCONHURST,7118,87120,1987,,315,30,Sold,,,https://www.redfin.com/MD/Potomac/8908-Hunt-Valley-Ct-20854/home/10919334,BRIGHT MLS,MDMC2081468,N,Y,39.0173568,-77.1867306
PAST SALE,July-27-2023,Single Family Residential,11604 Split Rail Ct,North Bethesda,MD,20852,1050000,6,4.5,OLD FARM,4968,12212,1965,,211,,Sold,,,https://www.redfin.com/MD/Rockville/11604-Split-Rail-Ct-20852/home/10505311,BRIGHT MLS,MDMC2096600,N,Y,39.0453022,-77.1484489
PAST SALE,September-26-2023,Townhouse,8139 Inverness Ridge Rd,Potomac,MD,20854,775000,5,3.5,INVERNESS FOREST TH,2673,,1971,,290,77,Sold,,,https://www.redfin.com/MD/Potomac/8139-Inverness-Ridge-Rd-20854/home/10897556,BRIGHT MLS,MDMC2102870,N,Y,39.0306024,-77.1657042
PAST SALE,August-18-2023,Townhouse,8203 River Rd #17,Bethesda,MD,20817,2108171,3,3.0,QUARRY SPRINGS,3458,4500,2023,,610,490,Sold,,,https://www.redfin.com/MD/Bethesda/8203-River-Rd-20817/unit-17/home/176622120,BRIGHT MLS,MDMC2019304,N,Y,38.9959939,-77.1673366
PAST SALE,May-17-2023,Single Family Residential,9708 Kendale Rd,Potomac,MD,20854,2100000,6,7.0,BRADLEY FARMS,10745,87120,1988,,195,,Sold,,,https://www.redfin.com/MD/Rockville/9708-Kendale-Rd-20854/home/10911307,BRIGHT MLS,MDMC2085444,N,Y,39.0148162,-77.1792056
PAST SALE,September-14-2023,Single Family Residential,7805 Town Gate Pl,Bethesda,MD,20817,1465000,5,3.5,AVENEL,4500,10392,1988,,326,403,Sold,,,https://www.redfin.com/MD/Bethesda/7805-Town-Gate-Pl-20817/home/10917106,BRIGHT MLS,MDMC2094284,N,Y,38.9875164,-77.1881907
PAST SALE,July-12-2023,Single Family Residential,9754 Pleasant Gate Ln,Potomac,MD,20854,715000,4,3.0,AVENEL,2020,1975,1993,,354,368,Sold,,,https://www.redfin.com/MD/Potomac/9754-Pleasant-Gate-Ln-20854/home/10922175,BRIGHT MLS,MDMC2091998,N,Y,38.9993649,-77.2022734
PAST SALE,May-25-2023,Single Family Residential,6838 Tammy Ct,Bethesda,MD,20817,1545000,4,4.5,POTOMAC OUTSIDE,5338,15006,1984,,289,,Sold,,,https://www.redfin.com/MD/Bethesda/6838-Tammy-Ct-20817/home/10911189,BRIGHT MLS,MDMC2088790,N,Y,38.9780489,-77.1800367
PAST SALE,June-1-2023,Single Family Residential,10100 Donegal Ct,Potomac,MD,20854,1375000,4,4.0,HERITAGE FARM,5100,16778,1972,,270,6,Sold,,,https://www.redfin.com/MD/Potomac/10100-Donegal-Ct-20854/home/10900171,BRIGHT MLS,MDMC2089112,N,Y,39.0113871,-77.2083822
PAST SALE,May-5-2023,Single Family Residential,9500 Hemswell Pl,Potomac,MD,20854,2365000,6,5.5,MCAULEY PARK,7870,32108,2005,,301,27,Sold,,,https://www.redfin.com/MD/Potomac/9500-Hemswell-Pl-20854/home/10922314,BRIGHT MLS,MDMC2082486,N,Y,39.0190095,-77.1735599
PAST SALE,September-29-2023,Single Family Residential,11817 Rosalinda Dr,Potomac,MD,20854,900000,4,2.5,REGENCY ESTATES,2272,9576,1965,,396,,Sold,,,https://www.redfin.com/MD/Potomac/11817-Rosalinda-Dr-20854/home/10506130,BRIGHT MLS,MDMC2104226,N,Y,39.050416,-77.1749149
PAST SALE,September-15-2023,Townhouse,7558 Westlake Ter #38,Bethesda,MD,20817,689500,4,3.5,WESTLAKE TERRACE,1910,,1980,,361,396,Sold,,,https://www.redfin.com/MD/Bethesda/7558-Westlake-Ter-20817/unit-38/home/10908561,BRIGHT MLS,MDMC2102404,N,Y,39.0256975,-77.1519878
PAST SALE,September-11-2023,Single Family Residential,9833 Kentsdale Dr,Potomac,MD,20854,1375000,7,5.5,MCAULEY PARK,7700,20000,1967,,179,,Sold,,,https://www.redfin.com/MD/Potomac/9833-Kentsdale-Dr-20854/home/10891605,BRIGHT MLS,MDMC2090014,N,Y,39.0172006,-77.1790259
PAST SALE,October-17-2023,Single Family Residential,11201 Spur Wheel Ln,Potomac,MD,20854,1810000,7,5.5,SADDLE RIDGE,7008,87120,1978,,258,,Sold,,,https://www.redfin.com/MD/Potomac/11201-Spur-Wheel-Ln-20854/home/10610026,BRIGHT MLS,MDMC2093426,N,Y,39.0385879,-77.2458812
PAST SALE,,Single Family Residential,11845 Beekman Pl,Potomac,MD,20854,1520000,,5.0,,4284,47368,1986,,355,,,,,https://www.redfin.com/MD/Potomac/11845-Beekman-Pl-20854/home/10908246,,,N,Y,39.0486935,-77.2085843
PAST SALE,June-26-2023,Townhouse,12585 Ansin Circle Dr,Potomac,MD,20854,1650000,4,4.5,WHEEL OF FORTUNE,3144,2781,2010,,525,260,Sold,,,https://www.redfin.com/MD/Potomac/12585-Ansin-Circle-Dr-20854/home/40017030,BRIGHT MLS,MDMC2091490,N,Y,39.0600215,-77.1604649
PAST SALE,August-31-2023,Townhouse,10889 Deborah Dr,Potomac,MD,20854,662188,3,3.0,INVERNESS FOREST TH,1918,2145,1973,,345,77,Sold,,,https://www.redfin.com/MD/Potomac/10889-Deborah-Dr-20854/home/10901383,BRIGHT MLS,MDMC2096800,N,Y,39.0329774,-77.1636224
PAST SALE,September-29-2023,Single Family Residential,9906 Avenel Farm Dr,Potomac,MD,20854,1850000,5,6.5,AVENEL,7297,27140,1988,,254,481,Sold,,,https://www.redfin.com/MD/Potomac/9906-Avenel-Farm-Dr-20854/home/10919113,BRIGHT MLS,MDMC2101602,N,Y,39.0000968,-77.2068775
PAST SALE,July-12-2023,Single Family Residential,10129 Darmuid Green Dr,Potomac,MD,20854,1470000,5,5.0,MAZZA WOODS,6300,87120,1982,,233,,Sold,,,https://www.redfin.com/MD/Potomac/10129-Darmuid-Green-Dr-20854/home/10911625,BRIGHT MLS,MDMC2089102,N,Y,38.9842473,-77.2121775
PAST SALE,October-23-2023,Single Family Residential,9825 Betteker Ln,Potomac,MD,20854,980000,4,3.0,GLEN PARK,2633,16084,1967,,372,,Sold,,,https://www.redfin.com/MD/Rockville/9825-Betteker-Ln-20854/home/10899743,BRIGHT MLS,MDMC2105064,N,Y,39.0585513,-77.2026777
PAST SALE,,Single Family Residential,10025 Chartwell Manor Ct,Potomac,MD,20854,1305000,,3.5,,5237,21935,1989,,249,,,,,https://www.redfin.com/MD/Potomac/10025-Chartwell-Manor-Ct-20854/home/10919180,,,N,Y,38.9990216,-77.2074838
PAST SALE,June-15-2023,Single Family Residential,10509 Macarthur Blvd,Potomac,MD,20854,1545000,5,4.5,RIVER FALLS,4290,15604,1968,,360,,Sold,,,https://www.redfin.com/MD/Potomac/10509-MacArthur-Blvd-20854/home/10901962,BRIGHT MLS,MDMC2086304,N,Y,38.9795735,-77.2171396
PAST SALE,July-14-2023,Single Family Residential,7905 Raphael Ct,Potomac,MD,20854,1150000,7,3.0,WILLERBURN ACRES,4742,15763,1966,,243,,Sold,,,https://www.redfin.com/MD/Potomac/7905-Raphael-Ct-20854/home/10507023,BRIGHT MLS,MDMC2093454,N,Y,39.0516273,-77.1620646
PAST SALE,August-22-2023,Single Family Residential,9124 Vendome Dr,Bethesda,MD,20817,1700000,4,5.0,THE PALISADES,4407,88862,1984,,386,21,Sold,,,https://www.redfin.com/MD/Bethesda/9124-Vendome-Dr-20817/home/10911680,BRIGHT MLS,MDMC2095666,N,Y,38.9776816,-77.1913353
PAST SALE,October-24-2023,Single Family Residential,10607 Vantage Ct,Potomac,MD,20854,1250000,4,3.5,EAST GATE OF POTOMAC,3235,13199,1970,,386,11,Sold,,,https://www.redfin.com/MD/Potomac/10607-Vantage-Ct-20854/home/10899546,BRIGHT MLS,MDMC2104798,N,Y,39.0293647,-77.1786526
PAST SALE,July-18-2023,Single Family Residential,8618 Wild Olive Dr,Potomac,MD,20854,797369,4,3.5,REGENCY ESTATES,2647,9600,1969,,301,,Sold,,,https://www.redfin.com/MD/Potomac/8618-Wild-Olive-Dr-20854/home/10506078,BRIGHT MLS,MDMC2093728,N,Y,39.0547314,-77.1773411
PAST SALE,June-27-2023,Single Family Residential,9235 Potomac School Dr,Potomac,MD,20854,1775000,5,4.5,AVENEL,5295,23695,1994,,335,481,Sold,,,https://www.redfin.com/MD/Potomac/9235-Potomac-School-Dr-20854/home/10920329,BRIGHT MLS,MDMC2087616,N,Y,38.9953016,-77.1880784
PAST SALE,June-2-2023,Single Family Residential,7212 Grubby Thicket Way,Bethesda,MD,20817,1180000,6,3.5,BETHESDA OUT RES. (1),3193,,1973,,370,,Sold,,,https://www.redfin.com/MD/Bethesda/7212-Grubby-Thicket-Way-20817/home/10637913,BRIGHT MLS,MDMC2085896,N,Y,39.0147869,-77.147303
PAST SALE,August-15-2023,Single Family Residential,10622 Alloway Dr,Potomac,MD,20854,3700000,6,8.5,POTOMAC RANCH,11800,101930,2000,,314,,Sold,,,https://www.redfin.com/MD/Potomac/10622-Alloway-Dr-20854/home/10925153,BRIGHT MLS,MDMC2095812,N,Y,39.0043462,-77.2234955
PAST SALE,August-2-2023,Single Family Residential,10809 Red Barn Ln,Potomac,MD,20854,3850000,6,7.5,POTOMAC OUTSIDE,11840,121532,2005,,325,100,Sold,,,https://www.redfin.com/MD/Potomac/10809-Red-Barn-Ln-20854/home/11170011,BRIGHT MLS,MDMC2093170,N,Y,39.0525518,-77.2238548
PAST SALE,June-19-2023,Single Family Residential,9118 Town Gate Ln,Bethesda,MD,20817,1400000,5,3.5,AVENEL,3845,7700,1988,,364,407,Sold,,,https://www.redfin.com/MD/Bethesda/9118-Town-Gate-Ln-20817/home/10918638,BRIGHT MLS,MDMC2087032,N,Y,38.9872077,-77.1895608
PAST SALE,August-17-2023,Townhouse,8207 River Rd #19,Bethesda,MD,20817,2077645,3,3.0,QUARRY SPRINGS,3458,4500,2023,,601,550,Sold,,,https://www.redfin.com/MD/Bethesda/8207-River-Rd-20817/unit-19/home/177188941,BRIGHT MLS,MDMC2023230,N,Y,38.995954,-77.166663
PAST SALE,October-17-2023,Townhouse,10404 Democracy Ln,Potomac,MD,20854,1275000,5,3.5,EAST GATE OF POTOMAC,3478,3920,1972,,367,158,Sold,,,https://www.redfin.com/MD/Potomac/10404-Democracy-Ln-20854/home/10898814,BRIGHT MLS,MDMC2100792,N,Y,39.0258884,-77.1661075
PAST SALE,August-21-2023,Single Family Residential,12815 River Rd,Potomac,MD,20854,3900000,5,4.5,DARNESTOWN OUTSIDE,7450,576298,1956,,523,,Sold,,,https://www.redfin.com/MD/Potomac/12815-River-Rd-20854/home/10606804,BRIGHT MLS,MDMC2092554,N,Y,39.0501069,-77.264767
PAST SALE,May-15-2023,Single Family Residential,11000 Tara Rd,Potomac,MD,20854,1825000,5,4.5,POTOMAC VIEW ESTS,5017,101930,1979,,364,,Sold,,,https://www.redfin.com/MD/Rockville/11000-Tara-Rd-20854/home/10903091,BRIGHT MLS,MDMC2084998,N,Y,39.0364414,-77.2290418
PAST SALE,May-8-2023,Single Family Residential,11514 Karen Dr,Potomac,MD,20854,1320000,6,4.5,LAKE NORMANDY ESTS,4331,26903,1968,,305,,Sold,,,https://www.redfin.com/MD/Potomac/11514-Karen-Dr-20854/home/10891196,BRIGHT MLS,MDMC2083484,N,Y,39.0461938,-77.1870002
PAST SALE,June-15-2023,Single Family Residential,10100 Gary Rd,Potomac,MD,20854,2725000,7,9.5,POTOMAC HILLS,10300,51162,2005,,265,,Sold,,,https://www.redfin.com/MD/Potomac/10100-Gary-Rd-20854/home/10888011,BRIGHT MLS,MDMC2088430,N,Y,39.0220189,-77.2108301
PAST SALE,June-30-2023,Single Family Residential,13801 Longacres Preserve Ct,Potomac,MD,20854,1850000,7,6.5,DARNESTOWN OUTSIDE,9080,87556,2006,,204,251,Sold,,,https://www.redfin.com/MD/Potomac/13801-Longacres-Preserve-Ct-20854/home/11166132,BRIGHT MLS,MDMC2090120,N,Y,39.0626883,-77.2881262
PAST SALE,October-24-2023,Single Family Residential,10004 Gainsborough Rd,Potomac,MD,20854,1179000,5,2.0,EAST GATE OF POTOMAC,3400,12877,1973,,347,54,Sold,,,https://www.redfin.com/MD/Potomac/10004-Gainsborough-Rd-20854/home/10902028,BRIGHT MLS,MDMC2096402,N,Y,39.0201798,-77.1674565
PAST SALE,July-28-2023,Single Family Residential,7917 Ivymount Ter,Potomac,MD,20854,1210000,4,2.5,REGENCY ESTATES,3048,14696,1968,,397,,Sold,,,https://www.redfin.com/MD/Rockville/7917-Ivymount-Ter-20854/home/10505617,BRIGHT MLS,MDMC2092824,N,Y,39.0453242,-77.1633677
PAST SALE,September-6-2023,Single Family Residential,10406 Holbrook Dr,Potomac,MD,20854,2949000,6,7.5,WILLIAMSBURG GARDENS,7762,20656,2023,,380,,Sold,,,https://www.redfin.com/MD/Rockville/10406-Holbrook-Dr-20854/home/10886361,BRIGHT MLS,MDMC2095328,N,Y,39.0118643,-77.2155685
PAST SALE,June-7-2023,Townhouse,7928 Turncrest Dr,Potomac,MD,20854,1120000,4,4.5,POTOMAC CREST,3432,4777,1995,,326,131,Sold,,,https://www.redfin.com/MD/Potomac/7928-Turncrest-Dr-20854/home/10923754,BRIGHT MLS,MDMC2086150,N,Y,39.0383172,-77.1622456
PAST SALE,July-17-2023,Single Family Residential,2 Beman Woods Ct,Potomac,MD,20854,1535000,5,4.5,AVENEL,3362,13521,1997,,457,457,Sold,,,https://www.redfin.com/MD/Potomac/2-Beman-Woods-Ct-20854/home/10919811,BRIGHT MLS,MDMC2085804,N,Y,38.9892272,-77.1963665
PAST SALE,August-24-2023,Single Family Residential,12400 Mccrossin Ln,Potomac,MD,20854,1840000,5,6.0,DARNESTOWN OUTSIDE,7654,43560,1913,,240,,Sold,,,https://www.redfin.com/MD/Potomac/12400-McCrossin-Ln-20854/home/10606825,BRIGHT MLS,MDMC2096088,N,Y,39.0737165,-77.2565449
PAST SALE,May-25-2023,Single Family Residential,8402 Rapley Ridge Ln,Potomac,MD,20854,2800000,6,6.0,AVENEL,8394,21761,2000,,334,770,Sold,,,https://www.redfin.com/MD/Potomac/8402-Rapley-Ridge-Ln-20854/home/10924814,BRIGHT MLS,MDMC2078902,N,Y,38.9939686,-77.1950189
PAST SALE,August-8-2023,Townhouse,8205 River Rd #18,Bethesda,MD,20817,2108171,3,3.0,QUARRY SPRINGS,2986,2500,2022,,706,490,Sold,,,https://www.redfin.com/MD/Bethesda/8205-River-Rd-20817/unit-18/home/177314184,BRIGHT MLS,MDMC2024128,N,Y,38.996022,-77.166612
PAST SALE,May-8-2023,Single Family Residential,13300 River Rd,Potomac,MD,20854,1550000,6,6.5,MERRY GO ROUND FARM,9492,146797,1979,,163,8,Sold,,,https://www.redfin.com/MD/Potomac/13300-River-Rd-20854/home/10612922,BRIGHT MLS,MDMC2082382,N,Y,39.0553866,-77.2756922
PAST SALE,August-16-2023,Single Family Residential,11504 Luvie Ct,Potomac,MD,20854,1750000,6,4.5,MERRY GO ROUND FARM,6150,28556,1997,,285,429,Sold,,,https://www.redfin.com/MD/Potomac/11504-Luvie-Ct-20854/home/10628784,BRIGHT MLS,MDMC2091004,N,Y,39.0462958,-77.2746195
PAST SALE,May-31-2023,Single Family Residential,8901 Bells Mill Rd,Potomac,MD,20854,1400000,5,4.5,FOX HILLS,4632,11731,1989,,302,50,Sold,,,https://www.redfin.com/MD/Rockville/8901-Bells-Mill-Rd-20854/home/10918416,BRIGHT MLS,MDMC2077644,N,Y,39.0340355,-77.1827728
PAST SALE,,Single Family Residential,12925 Dalyn Dr,Potomac,MD,20854,1600000,,4.5,,5450,168577,1980,,294,,,,,https://www.redfin.com/MD/Potomac/12925-Dalyn-Dr-20854/home/10614179,,,N,Y,39.0462782,-77.2677688
PAST SALE,June-9-2023,Single Family Residential,11704 Centurion Way,Potomac,MD,20854,2650000,9,9.0,PALATINE SUB,10482,87120,2008,,253,,Sold,,,https://www.redfin.com/MD/Potomac/11704-Centurion-Way-20854/home/10628728,BRIGHT MLS,MDMC2082202,N,Y,39.0730273,-77.2409194
PAST SALE,September-5-2023,Single Family Residential,11508 Deborah Dr,Potomac,MD,20854,1395000,7,6.5,REGENCY ESTATES,4327,17959,1965,,322,,Sold,,,https://www.redfin.com/MD/Potomac/11508-Deborah-Dr-20854/home/10506018,BRIGHT MLS,MDMC2090236,N,Y,39.04226,-77.1649853
PAST SALE,July-20-2023,Single Family Residential,9723 Meyer Point Dr,Potomac,MD,20854,1665000,4,4.5,AVENEL,5021,17017,1989,,332,403,Sold,,,https://www.redfin.com/MD/Rockville/9723-Meyer-Point-Dr-20854/home/10920424,BRIGHT MLS,MDMC2083392,N,Y,39.001211,-77.2031942
PAST SALE,June-29-2023,Single Family Residential,10829 Burbank Dr,Potomac,MD,20854,1640000,6,4.0,POTOMAC MANOR,4583,105415,1964,,358,,Sold,,,https://www.redfin.com/MD/Potomac/10829-Burbank-Dr-20854/home/10891385,BRIGHT MLS,MDMC2078574,N,Y,39.018983,-77.2250409
PAST SALE,August-24-2023,Townhouse,10714 Muirfield Dr,Potomac,MD,20854,679990,3,3.5,INVERNESS NORTH,2188,2160,1977,,311,125,Sold,,,https://www.redfin.com/MD/Potomac/10714-Muirfield-Dr-20854/home/10905208,BRIGHT MLS,MDMC2085078,N,Y,39.030241,-77.1613026
PAST SALE,October-20-2023,Single Family Residential,7601 Quintana Ct,Bethesda,MD,20817,1080000,5,4.0,BURNING TREE ESTATES,5002,34921,1957,,216,,Sold,,,https://www.redfin.com/MD/Bethesda/7601-Quintana-Ct-20817/home/10887912,BRIGHT MLS,MDMC2096930,N,Y,39.0049366,-77.1565376
PAST SALE,September-29-2023,Single Family Residential,12813 Glen Mill Rd,Potomac,MD,20854,1380000,4,3.5,PT ROCKVILLE OUT RES. 3,4499,41282,1989,,307,,Sold,,,https://www.redfin.com/MD/Potomac/12813-Glen-Mill-Rd-20854/home/10501757,BRIGHT MLS,MDMC2092460,N,Y,39.0658917,-77.2125144
PAST SALE,July-18-2023,Single Family Residential,7612 Dwight Dr,Bethesda,MD,20817,1150000,6,4.5,BURNING TREE ESTATES,5000,18258,1965,,230,,Sold,,,https://www.redfin.com/MD/Bethesda/7612-Dwight-Dr-20817/home/10887834,BRIGHT MLS,MDMC2081636,N,Y,39.0030578,-77.1573016
PAST SALE,July-18-2023,Single Family Residential,9000 Durham Dr,Potomac,MD,20854,4300000,6,9.5,BRADLEY FARMS,11192,180774,1979,,384,,Sold,,,https://www.redfin.com/MD/Rockville/9000-Durham-Dr-20854/home/10886881,BRIGHT MLS,MDMC2082186,N,Y,39.0027838,-77.1903451
PAST SALE,May-10-2023,Townhouse,8147 River #45,Bethesda,MD,20817,2000000,3,4.0,POTOMAC OUTSIDE,3289,1509,2022,,608,490,Sold,,,https://www.redfin.com/MD/Bethesda/8147-River-20817/unit-45/home/182594102,BRIGHT MLS,MDMC2074474,N,Y,38.99605172,-77.16566998
PAST SALE,May-2-2023,Single Family Residential,8809 Tuckerman Ln,Potomac,MD,20854,860000,4,3.5,HIGHLAND STONE,2424,8300,1970,,355,,Sold,,,https://www.redfin.com/MD/Potomac/8809-Tuckerman-Ln-20854/home/10507415,BRIGHT MLS,MDMC2055422,N,Y,39.0461146,-77.1808903
PAST SALE,,Single Family Residential,9007 Belmart Rd,Potomac,MD,20854,297500,,6.0,,6241,94525,1970,,48,,,,,https://www.redfin.com/MD/Potomac/9007-Belmart-Rd-20854/home/10890338,,,N,Y,39.004081,-77.231259
PAST SALE,May-31-2023,Single Family Residential,10222 Falls Rd,Potomac,MD,20854,2838000,7,6.5,POTOMAC HILLS,11000,29095,2007,,258,,Sold,,,https://www.redfin.com/MD/Potomac/10222-Falls-Rd-20854/home/10888090,BRIGHT MLS,MDMC2076950,N,Y,39.0242547,-77.207147
PAST SALE,July-6-2023,Single Family Residential,12812 Glen Rd,Potomac,MD,20854,1845000,4,5.5,TRAVILAH MEADOWS,8327,331056,1974,,222,,Sold,,,https://www.redfin.com/MD/POTOMAC/12812-GLEN-Rd-20854/home/147493292,BRIGHT MLS,MDMC2069736,N,Y,39.06799168,-77.26593435
PAST SALE,July-6-2023,Single Family Residential,12810 Glen Rd,North Potomac,MD,20878,1845000,4,5.5,TRAVILAH MEADOWS,8327,331056,1974,,222,,Sold,,,https://www.redfin.com/MD/North-Potomac/12810-Glen-Rd-20878/home/10612050,BRIGHT MLS,MDMC2069726,N,Y,39.0688025,-77.2657037
PAST SALE,August-31-2023,Single Family Residential,11300 Glen Rd,Potomac,MD,20854,2764000,5,7.5,SADDLE RIDGE,11639,87556,2002,,237,,Sold,,,https://www.redfin.com/MD/Rockville/11300-Glen-Rd-20854/home/11166234,BRIGHT MLS,MDMC2046174,N,Y,39.0482194,-77.2339142
PAST SALE,,Single Family Residential,11615 Partridge Run Ln,Potomac,MD,20854,1150000,,4.5,,4244,128938,1962,,271,,,,,https://www.redfin.com/MD/Potomac/11615-Partridge-Run-Ln-20854/home/11199964,,,N,Y,39.0472938,-77.2400213
PAST SALE,,Single Family Residential,8720 Harness Trl,Rockville,MD,20854,950000,,2.5,,2556,11124,1968,,372,,,,,https://www.redfin.com/MD/Rockville/8720-Harness-Trl-20854/home/10892964,,,N,Y,39.0330478,-77.179565
PAST SALE,,Single Family Residential,2408 Stratton Dr,Rockville,MD,20854,980000,4,3.5,,3120,9308,1967,,314,,,,,https://www.redfin.com/MD/Rockville/2408-Stratton-Dr-20854/home/10507714,,,N,Y,39.0583259,-77.1725786
PAST SALE,,Single Family Residential,7609 Masters Dr,Rockville,MD,20854,1150000,,3.5,,3520,15203,1972,,327,,,,,https://www.redfin.com/MD/Rockville/7609-Masters-Dr-20854/home/10894652,,,N,Y,38.9864117,-77.2136148
PAST SALE,,Single Family Residential,9416 Crimson Leaf Ter,Rockville,MD,20854,1900000,5,4.5,,6600,26136,1994,,288,,,,,https://www.redfin.com/MD/Rockville/9416-Crimson-Leaf-Ter-20854/home/10920626,,,N,Y,38.99518114991595,-77.19296281652925
PAST SALE,,Single Family Residential,8005 Coach St,Rockville,MD,20854,1565000,,4.0,,4212,15076,1974,,372,,,,,https://www.redfin.com/MD/Rockville/8005-Coach-St-20854/home/10894341,,,N,Y,38.9899492,-77.2151419
PAST SALE,,Single Family Residential,12420 McCrossin Ln,Potomac,MD,20854,792500,,1.0,,1168,87120,1913,,679,,,,,https://www.redfin.com/MD/Potomac/12420-McCrossin-Ln-20854/home/10607320,,,N,Y,39.074164,-77.257489
PAST SALE,,Single Family Residential,11714 Karen Dr,Potomac,MD,20854,872000,,2.5,,2262,15558,1965,,385,,,,,https://www.redfin.com/MD/Potomac/11714-Karen-Dr-20854/home/10890810,,,N,Y,39.0492879,-77.1878088
PAST SALE,,Single Family Residential,11410 Duryea Dr,Potomac,MD,20854,845000,,3.5,,2890,15551,1966,,292,,,,,https://www.redfin.com/MD/Potomac/11410-Duryea-Dr-20854/home/10894008,,,N,Y,39.0437163,-77.1802164
PAST SALE,,Single Family Residential,10220 Holly Hill Pl,Rockville,MD,20854,1500000,,4.5,,6048,27710,1985,,248,,,,,https://www.redfin.com/MD/Rockville/10220-Holly-Hill-Pl-20854/home/10920276,,,N,Y,39.0237373,-77.2048337
PAST SALE,,Single Family Residential,10205 Windsor View Dr,Rockville,MD,20854,855000,,2.5,,3288,10612,1968,,260,,,,,https://www.redfin.com/MD/Rockville/10205-Windsor-View-Dr-20854/home/10895447,,,N,Y,39.0287093,-77.1681305
PAST SALE,,Single Family Residential,7709 Masters Dr,Potomac,MD,20854,1050000,,3.5,,3520,15005,1972,,298,,,,,https://www.redfin.com/MD/Potomac/7709-Masters-Dr-20854/home/10894663,,,N,Y,38.9872639,-77.2133453
PAST SALE,,Single Family Residential,10808 Larkmeade Ln,Potomac,MD,20854,1035000,,2.5,,2228,9499,1970,,465,,,,,https://www.redfin.com/MD/Potomac/10808-Larkmeade-Ln-20854/home/10897088,,,N,Y,39.0333354,-77.1661912
PAST SALE,,Single Family Residential,9304 Crimson Leaf Ter,Potomac,MD,20854,1890000,,4.5,,5361,21887,1991,,353,,,,,https://www.redfin.com/MD/Potomac/9304-Crimson-Leaf-Ter-20854/home/10920697,,,N,Y,38.9929852,-77.191762
