PAST SALE,May-5-2023,Single Family Residential,713 Grandin Ave,Rockville,MD,20850,475000,2,1.0,ROCKVILLE PARK,980,6875,1951,,485,,Sold,,,https://www.redfin.com/MD/Rockville/713-Grandin-Ave-20850/home/10514259,BRIGHT MLS,MDMC2081506,N,Y,39.0818326,-77.1406743
PAST SALE,June-23-2023,Single Family Residential,16316 Promontory Ct,Rockville,MD,20853,922000,4,3.5,ELLENWOOD,3792,25773,1984,,243,,Sold,,,https://www.redfin.com/MD/Rockville/16316-Promontory-Ct-20853/home/10718162,BRIGHT MLS,MDMC2093036,N,Y,39.1235396,-77.0978821
PAST SALE,July-12-2023,Townhouse,10137 Vanderbilt Cir,Rockville,MD,20850,660000,3,2.5,DECOVERLY ADVENTURE,2204,1804,1992,,299,130,Sold,,,https://www.redfin.com/MD/Rockville/10137-Vanderbilt-Cir-20850/home/10862493,BRIGHT MLS,MDMC2096624,N,Y,39.1087432,-77.2082157
PAST SALE,June-20-2023,Single Family Residential,8205 Geneva Mason Rd,Potomac,MD,20854,900000,5,2.5,MONTGOMERY SQUARE,2214,9790,1965,,407,,Sold,,,https://www.redfin.com/MD/Potomac/8205-Geneva-Mason-Rd-20854/home/10507899,BRIGHT MLS,MDMC2093158,N,Y,39.0574198,-77.1684001
PAST SALE,August-8-2023,Single Family Residential,716 Carr Ave,Rockville,MD,20850,741800,4,2.5,WEST END PARK,1836,9000,1963,,404,,Sold,,,https://www.redfin.com/MD/Rockville/716-Carr-Ave-20850/home/10516520,BRIGHT MLS,MDMC2100144,N,Y,39.0891018,-77.1684032
PAST SALE,June-23-2023,Single Family Residential,1501 Bradley Ave,Rockville,MD,20851,553500,3,2.0,TWINBROOK FOREST,1800,6423,1955,,308,,Sold,,,https://www.redfin.com/MD/Rockville/1501-Bradley-Ave-20851/home/10515861,BRIGHT MLS,MDMC2095016,N,Y,39.081408,-77.121123
PAST SALE,August-10-2023,Townhouse,11137 Cedarwood Dr,Rockville,MD,20852,799000,4,3.5,TIMBERLAWN,2148,2706,1987,,372,196,Sold,,,https://www.redfin.com/MD/Rockville/11137-Cedarwood-Dr-20852/home/10542973,BRIGHT MLS,MDMC2097782,N,Y,39.0357758,-77.1222785
PAST SALE,May-19-2023,Townhouse,150 New Mark Esplanade,Rockville,MD,20850,590000,3,2.5,NEW MARK COMM TH,1986,1280,1972,,297,250,Sold,,,https://www.redfin.com/MD/Rockville/150-New-Mark-Esplanade-20850/home/10519457,BRIGHT MLS,MDMC2089444,N,Y,39.0766535,-77.1532742
PAST SALE,July-31-2023,Single Family Residential,309 Farragut Ave,Rockville,MD,20851,555000,3,2.0,TWINBROOK FOREST,1690,7150,1960,,328,,Sold,,,https://www.redfin.com/MD/Rockville/309-Farragut-Ave-20851/home/10515780,BRIGHT MLS,MDMC2097958,N,Y,39.0771763,-77.1151447
PAST SALE,May-9-2023,Single Family Residential,1017 Crawford Dr,Rockville,MD,20851,550000,3,2.0,ROCKCREST,1848,5750,1941,,298,,Sold,,,https://www.redfin.com/MD/Rockville/1017-Crawford-Dr-20851/home/10512926,BRIGHT MLS,MDMC2086950,N,Y,39.0780782,-77.1345639
PAST SALE,September-26-2023,Single Family Residential,4806 Oxbow Rd,Rockville,MD,20852,615000,3,2.0,RANDOLPH HILLS,2080,6900,1954,,296,,Sold,,,https://www.redfin.com/MD/Rockville/4806-Oxbow-Rd-20852/home/10503508,BRIGHT MLS,MDMC2103932,N,Y,39.0479308,-77.0963985
PAST SALE,July-14-2023,Single Family Residential,805 Fordham St,Rockville,MD,20850,834500,4,3.5,COLLEGE GARDENS,2750,9400,1969,,303,,Sold,,,https://www.redfin.com/MD/Rockville/805-Fordham-St-20850/home/10517155,BRIGHT MLS,MDMC2095582,N,Y,39.1053732,-77.1651201
PAST SALE,May-4-2023,Townhouse,1962 Dundee Rd,Rockville,MD,20850,723000,4,3.5,CARTER HILL TH,2340,4466,1972,,309,148,Sold,,,https://www.redfin.com/MD/Rockville/1962-Dundee-Rd-20850/home/10520650,BRIGHT MLS,MDMC2087310,N,Y,39.0872587,-77.1843047
PAST SALE,June-29-2023,Townhouse,105 Travilah Crest Ter,Rockville,MD,20850,915000,4,3.5,TRAVILAH STATION,2600,2059,2019,,352,131,Sold,,,https://www.redfin.com/MD/Rockville/105-Travilah-Crest-Ter-20850/unit-T/home/166415438,BRIGHT MLS,MDMC2094184,N,Y,39.0894285,-77.2114183
PAST SALE,September-8-2023,Townhouse,2017 Ashleigh Woods Ct,Rockville,MD,20851,686000,3,2.5,PT ROCKVILLE TWN RES. 3,1796,2690,1998,,382,156,Sold,,,https://www.redfin.com/MD/Rockville/2017-Ashleigh-Woods-Ct-20851/home/11175048,BRIGHT MLS,MDMC2102468,N,Y,39.0864424,-77.1154886
PAST SALE,June-29-2023,Single Family Residential,1 Lynch Ct,Rockville,MD,20850,780000,4,3.0,WEST END PARK,2046,10668,1963,,381,,Sold,,,https://www.redfin.com/MD/Rockville/1-Lynch-Ct-20850/home/10516492,BRIGHT MLS,MDMC2095522,N,Y,39.089881,-77.1650348
PAST SALE,May-26-2023,Single Family Residential,800 Carter Rd,Rockville,MD,20852,770000,4,2.0,HUNGERFORD,2148,10165,1962,,358,,Sold,,,https://www.redfin.com/MD/Rockville/800-Carter-Rd-20852/home/10511298,BRIGHT MLS,MDMC2089422,N,Y,39.0712962,-77.1477749
PAST SALE,June-12-2023,Townhouse,136 New Mark Esplanade,Rockville,MD,20850,565000,3,3.5,NEW MARK COMM TH,2236,1308,1972,,253,250,Sold,,,https://www.redfin.com/MD/Rockville/136-New-Mark-Esplanade-20850/home/10519444,BRIGHT MLS,MDMC2089760,N,Y,39.0769622,-77.1536623
PAST SALE,June-29-2023,Townhouse,1311 Templeton Pl,Rockville,MD,20852,630000,3,3.0,WOODMONT PLACE,1480,2125,1987,,426,151,Sold,,,https://www.redfin.com/MD/Rockville/1311-Templeton-Pl-20852/home/10543200,BRIGHT MLS,MDMC2092394,N,Y,39.0670112,-77.1305024
PAST SALE,June-26-2023,Single Family Residential,5301 Crestedge Ln,Rockville,MD,20853,780000,6,3.5,ROCK CREEK MANOR,2773,15213,1966,,281,,Sold,,,https://www.redfin.com/MD/Rockville/5301-Crestedge-Ln-20853/home/11076897,BRIGHT MLS,MDMC2084168,N,Y,39.0883832,-77.1072779
PAST SALE,October-6-2023,Single Family Residential,316 Cedar Ln,Rockville,MD,20851,480000,4,2.0,TWINBROOK,1287,7354,1952,,373,,Sold,,,https://www.redfin.com/MD/Rockville/316-Cedar-Ln-20851/home/10514847,BRIGHT MLS,MDMC2101760,N,Y,39.0794566,-77.1212129
PAST SALE,October-23-2023,Single Family Residential,501 New Mark Esplanade,Rockville,MD,20850,830000,4,3.0,NEW MARK COMMONS,2060,12923,1967,,403,250,Sold,,,https://www.redfin.com/MD/Rockville/501-New-Mark-Esplanade-20850/home/10517552,BRIGHT MLS,MDMC2106794,N,Y,39.0756675,-77.1582452
PAST SALE,September-6-2023,Townhouse,517 Meadow Hall Dr Unit C5L7,Rockville,MD,20851,549900,3,3.5,TWINBROOK FOREST CODM,2149,,1967,,256,290,Sold,,,https://www.redfin.com/MD/Rockville/517-Meadow-Hall-Dr-20851/unit-C5L7/home/10515829,BRIGHT MLS,MDMC2098406,N,Y,39.0772702,-77.1083096
PAST SALE,June-30-2023,Single Family Residential,4116 Blackpool Rd,Rockville,MD,20853,610000,4,2.5,ENGLISH MANOR,1789,9265,1959,,341,,Sold,,,https://www.redfin.com/MD/Rockville/4116-Blackpool-Rd-20853/home/11063784,BRIGHT MLS,MDMC2094672,N,Y,39.0863269,-77.0835847
PAST SALE,October-10-2023,Townhouse,10219 Travilah Grove Cir,Rockville,MD,20850,910000,3,3.5,TRAVILAH STATION,2700,1989,2021,,337,131,Sold,,,https://www.redfin.com/MD/Rockville/10219-Travilah-Grove-Cir-20850/home/166279988,BRIGHT MLS,MDMC2103706,N,Y,39.088863,-77.211596
PAST SALE,April-28-2023,Single Family Residential,4944 Walkingfern Dr,Rockville,MD,20853,889000,4,3.0,ELLENWOOD,3867,24571,1985,,230,,Sold,,,https://www.redfin.com/MD/Rockville/4944-Walkingfern-Dr-20853/home/10718207,BRIGHT MLS,MDMC2086336,N,Y,39.1204956,-77.0989161
PAST SALE,May-5-2023,Single Family Residential,815 E Jefferson St,Rockville,MD,20852,700000,5,3.0,HUNGERFORD,2382,6980,1955,,294,,Sold,,,https://www.redfin.com/MD/Rockville/815-E-Jefferson-St-20852/home/10511386,BRIGHT MLS,MDMC2082138,N,Y,39.0760637,-77.142427
PAST SALE,September-29-2023,Single Family Residential,719 Maple Ave,Rockville,MD,20850,1095000,4,3.5,ROCKVILLE PARK,3070,9750,1923,,357,,Sold,,,https://www.redfin.com/MD/Rockville/719-Maple-Ave-20850/home/10514257,BRIGHT MLS,MDMC2093894,N,Y,39.0823223,-77.1389665
PAST SALE,September-5-2023,Single Family Residential,4612 Eades St,Rockville,MD,20853,440000,3,2.0,ASPEN HILL PARK,1800,6825,1958,,244,,Sold,,,https://www.redfin.com/MD/Rockville/4612-Eades-St-20853/home/11039851,BRIGHT MLS,MDMC2104928,N,Y,39.0721621,-77.0939707
PAST SALE,,Single Family Residential,1522 Baylor Ave,Rockville,MD,20850,800000,,3.0,,2943,9237,1969,,272,,,,,https://www.redfin.com/MD/Rockville/1522-Baylor-Ave-20850/home/10517313,,,N,Y,39.1033219,-77.1657067
PAST SALE,May-19-2023,Single Family Residential,6228 Mazwood Rd,Rockville,MD,20852,1186000,5,4.5,HERITAGE WALK,3273,13966,1976,,362,92,Sold,,,https://www.redfin.com/MD/Rockville/6228-Mazwood-Rd-20852/home/10519493,BRIGHT MLS,MDMC2099682,N,Y,39.0336949,-77.1327228
PAST SALE,September-27-2023,Single Family Residential,5016 Sunflower Dr,Rockville,MD,20853,950000,4,3.5,FLOWER VALLEY,3844,19612,1972,,247,,Sold,,,https://www.redfin.com/MD/Rockville/5016-Sunflower-Dr-20853/home/10707298,BRIGHT MLS,MDMC2108752,N,Y,39.1014695,-77.1015686
PAST SALE,May-10-2023,Single Family Residential,6011 Neilwood Dr,Rockville,MD,20852,2450000,5,6.5,NEILWOOD,8042,15928,2015,,305,,Sold,,,https://www.redfin.com/MD/Rockville/6011-Neilwood-Dr-20852/home/10508862,BRIGHT MLS,MDMC2092932,N,Y,39.0461845,-77.1222917
PAST SALE,,Single Family Residential,4612 Cherry Valley Dr,Rockville,MD,20853,820000,,3.5,,2896,17320,1972,,283,,,,,https://www.redfin.com/MD/Rockville/4612-Cherry-Valley-Dr-20853/home/10709996,,,N,Y,39.1347968,-77.0912731
PAST SALE,October-4-2023,Townhouse,734 Azalea Dr Unit 11-734,Rockville,MD,20850,365000,2,1.5,REGENT SQUARE,1080,,1966,,338,357,Sold,,,https://www.redfin.com/MD/Rockville/734-Azalea-Dr-20850/unit-11-734/home/10519689,BRIGHT MLS,MDMC2104780,N,Y,39.0957516,-77.1752042
PAST SALE,,Townhouse,12223 Tildenwood Dr,Rockville,MD,20852,625000,,3.5,,2404,1972,1984,,260,,,,,https://www.redfin.com/MD/Rockville/12223-Tildenwood-Dr-20852/home/10538807,,,N,Y,39.0566725,-77.1355322
PAST SALE,July-21-2023,Townhouse,10242 Grosvenor Pl,Rockville,MD,20852,1139900,2,2.5,ROCKVILLE OUTSIDE,,1133,2023,,,150,Sold,,,https://www.redfin.com/MD/Rockville/10242-Grosvenor-Pl-20852/home/165988826,BRIGHT MLS,MDMC2102102,N,Y,39.0236357,-77.1063694
PAST SALE,June-29-2023,Single Family Residential,12113 Whippoorwill Ln,Rockville,MD,20852,1175000,4,2.5,MONTROSE WOODS,3124,10472,1962,,376,,Sold,,,https://www.redfin.com/MD/Rockville/12113-Whippoorwill-Ln-20852/home/10506681,BRIGHT MLS,MDMC2098636,N,Y,39.0544888,-77.1489433
PAST SALE,,Single Family Residential,13417 Parkland Dr,Rockville,MD,20853,390000,,2.0,,1891,6679,1959,,206,,,,,https://www.redfin.com/MD/Rockville/13417-Parkland-Dr-20853/home/11034384,,,N,Y,39.0764056,-77.0864197
PAST SALE,,Single Family Residential,1005 Willowleaf Way,Rockville,MD,20854,850000,,3.5,,3749,8723,1987,,227,,,,,https://www.redfin.com/MD/Rockville/1005-Willowleaf-Way-20854/home/10542770,,,N,Y,39.0702686,-77.1661984
PAST SALE,,Single Family Residential,14318 Myer Ter,Rockville,MD,20853,575000,,3.0,,1970,8964,1966,,292,,,,,https://www.redfin.com/MD/Rockville/14318-Myer-Ter-20853/home/11083219,,,N,Y,39.0919336,-77.1053898
PAST SALE,September-29-2023,Single Family Residential,17800 Ridge Dr,Rockville,MD,20853,380000,3,1.5,OLNEY ACRES,1320,66646,1948,,288,,Sold,,,https://www.redfin.com/MD/Rockville/17800-Ridge-Dr-20853/home/10705182,BRIGHT MLS,MDMC2105140,N,Y,39.1484447,-77.0985115
PAST SALE,,Single Family Residential,6002 Lemay Rd,Rockville,MD,20851,421000,,2.0,,1200,6534,1952,,351,,,,,https://www.redfin.com/MD/Rockville/6002-Lemay-Rd-20851/home/10515363,,,N,Y,39.0664008,-77.121168
PAST SALE,,Single Family Residential,11432 Schuylkill Rd,Rockville,MD,20852,215000,,2.5,,1326,6237,1958,,162,,,,,https://www.redfin.com/MD/Rockville/11432-Schuylkill-Rd-20852/home/10502664,,,N,Y,39.043211,-77.0975224
PAST SALE,,Townhouse,12204 Tildenwood Dr,Rockville,MD,20852,775000,,3.5,,2229,2063,1983,,348,,,,,https://www.redfin.com/MD/Rockville/12204-Tildenwood-Dr-20852/home/10538733,,,N,Y,39.056134,-77.136803
PAST SALE,,Single Family Residential,209 Elizabeth Ave,Rockville,MD,20850,746000,,4.0,,4500,10000,2019,,166,,,,,https://www.redfin.com/MD/Rockville/209-Elizabeth-Ave-20850/home/10511894,,,N,Y,39.0957228,-77.1497443
PAST SALE,,Single Family Residential,406 Park Rd,Rockville,MD,20850,825000,,3.5,,3905,6350,2007,,211,,,,,https://www.redfin.com/MD/Rockville/406-Park-Rd-20850/home/10510986,,,N,Y,39.0870365,-77.1420806
PAST SALE,,Townhouse,102 Garcia Ln,Rockville,MD,20850,625000,,3.5,,1688,1382,2002,,370,,,,,https://www.redfin.com/MD/Rockville/102-Garcia-Ln-20850/home/11175742,,,N,Y,39.0940065,-77.1909215
PAST SALE,July-3-2023,Single Family Residential,1633 Martha Ter,Rockville,MD,20852,850000,4,3.0,MONTROSE,2923,11159,1962,,291,,Sold,,,https://www.redfin.com/MD/Rockville/1633-Martha-Ter-20852/home/10512262,BRIGHT MLS,MDMC2095934,N,Y,39.0583888,-77.1343823
PAST SALE,July-6-2023,Single Family Residential,16 Grandin Cir,Rockville,MD,20851,235000,3,1.5,SILVER ROCK,1264,9085,1954,,186,,Sold,,,https://www.redfin.com/MD/Rockville/16-Grandin-Cir-20851/home/10514659,BRIGHT MLS,MDMC2099264,N,Y,39.0800711,-77.128854
PAST SALE,May-5-2023,Single Family Residential,505 Grand Champion Dr,Rockville,MD,20850,1110000,5,4.5,KING FARM WATKINS POND,4426,4664,2001,,251,123,Sold,,,https://www.redfin.com/MD/Rockville/505-Grand-Champion-Dr-20850/home/11157471,BRIGHT MLS,MDMC2087808,N,Y,39.1127614,-77.167142
PAST SALE,,Single Family Residential,1011 Baltimore Rd,Rockville,MD,20851,352500,,2.0,,2018,7237,1954,,175,,,,,https://www.redfin.com/MD/Rockville/1011-Baltimore-Rd-20851/home/10514510,,,N,Y,39.0836853,-77.13218
PAST SALE,May-30-2023,Townhouse,3301 Woodland Phlox St,Rockville,MD,20852,1045000,4,3.5,TOWER OAKS,2290,924,2023,,456,215,Sold,,,https://www.redfin.com/MD/Rockville/3301-Woodland-Phlox-St-20852/home/171185088,BRIGHT MLS,MDMC2094936,N,Y,39.0642286,-77.1484924
PAST SALE,May-2-2023,Single Family Residential,739 Anderson Ave,Rockville,MD,20850,700000,3,3.0,WEST END PARK,1535,14250,1964,,456,,Sold,,,https://www.redfin.com/MD/Rockville/739-Anderson-Ave-20850/home/10516623,BRIGHT MLS,MDMC2091696,N,Y,39.0875587,-77.1708264
PAST SALE,July-17-2023,Single Family Residential,11117 Waycroft Way,Rockville,MD,20852,1010000,3,2.0,WICKFORD,1766,20462,1860,,572,,Sold,,,https://www.redfin.com/MD/Rockville/11117-Waycroft-Way-20852/home/10507210,BRIGHT MLS,MDMC2097710,N,Y,39.039536,-77.1126274
PAST SALE,May-25-2023,Townhouse,10887 Symphony Park Dr,Rockville,MD,20852,1550000,5,4.5,SYMPHONY PARK,2544,2546,2013,,609,382,Sold,,,https://www.redfin.com/MD/North-Bethesda/10887-Symphony-Park-Dr-20852/home/40017192,BRIGHT MLS,MDMC2094616,N,Y,39.0342737,-77.1039063
PAST SALE,,Single Family Residential,11323 Rolling House Rd,Rockville,MD,20852,1400000,,4.5,,5199,13203,1965,,269,,,,,https://www.redfin.com/MD/Rockville/11323-Rolling-House-Rd-20852/home/10505138,,,N,Y,39.0423167,-77.1421573
PAST SALE,,Single Family Residential,1010 Aster Blvd,Rockville,MD,20850,875000,,2.5,,2412,24455,1982,,363,,,,,https://www.redfin.com/MD/Rockville/1010-Aster-Blvd-20850/home/10532225,,,N,Y,39.1014778,-77.1764874
PAST SALE,June-2-2023,Townhouse,10260 Grosvenor Pl,Rockville,MD,20852,1208055,4,4.0,ROCKVILLE OUTSIDE,2490,1176,2023,,485,155,Sold,,,https://www.redfin.com/MD/Rockville/10260-Grosvenor-Pl-20852/home/166451586,BRIGHT MLS,MDMC2094200,N,Y,39.0238252,-77.1066187
PAST SALE,,Townhouse,11331 Empire Ln,Rockville,MD,20852,675000,,3.5,,2620,2880,1980,,258,,,,,https://www.redfin.com/MD/Rockville/11331-Empire-Ln-20852/home/10527310,,,N,Y,39.0420913,-77.1203531
PAST SALE,May-15-2023,Single Family Residential,11411 Grayling Ln,Rockville,MD,20852,580000,4,2.0,RANDOLPH HILLS,1664,6111,1956,,349,,Sold,,,https://www.redfin.com/MD/Rockville/11411-Grayling-Ln-20852/home/10502739,BRIGHT MLS,MDMC2093374,N,Y,39.0437979,-77.0923971
PAST SALE,June-21-2023,Single Family Residential,4011 Heathfield Rd,Rockville,MD,20853,565000,4,3.0,ENGLISH MANOR,1527,10751,1959,,370,,Sold,,,https://www.redfin.com/MD/Rockville/4011-Heathfield-Rd-20853/home/11063703,BRIGHT MLS,MDMC2090344,N,Y,39.0872542,-77.081595
PAST SALE,,Single Family Residential,13106 Superior St,Rockville,MD,20853,486000,3,2.0,,1204,7097,1955,,404,,,,,https://www.redfin.com/MD/Rockville/13106-Superior-St-20853/home/11043911,,,N,Y,39.0704686,-77.085653
PAST SALE,September-12-2023,Single Family Residential,4408 Great Oak Rd,Rockville,MD,20853,785321,3,2.5,MANOR PARK,2598,23367,1947,,302,,Sold,,,https://www.redfin.com/MD/Rockville/4408-Great-Oak-Rd-20853/home/10989640,BRIGHT MLS,MDMC2077386,N,Y,39.1019374,-77.0879011
PAST SALE,,Single Family Residential,4521 Valley Forge Dr,Rockville,MD,20853,637500,,3.5,,2788,17748,1970,,229,,,,,https://www.redfin.com/MD/Rockville/4521-Valley-Forge-Dr-20853/home/10710060,,,N,Y,39.1339325,-77.0917677
PAST SALE,,Single Family Residential,11900 Old Bridge Rd,North Bethesda,MD,20852,1000000,,3.0,,2544,27570,1961,,393,,,,,https://www.redfin.com/MD/North-Bethesda/11900-Old-Bridge-Rd-20852/home/10505122,,,N,Y,39.050606,-77.145647
PAST SALE,August-28-2023,Single Family Residential,707 Douglass Ave,Rockville,MD,20850,430000,3,1.0,LINCOLN PARK,939,6000,1972,,458,,Sold,,,https://www.redfin.com/MD/Rockville/707-Douglass-Ave-20850/home/10511855,BRIGHT MLS,MDMC2100176,N,Y,39.0942029,-77.1471457
PAST SALE,,Single Family Residential,5206 Myer Ct,Rockville,MD,20853,550000,,3.0,,2205,10043,1966,,249,,,,,https://www.redfin.com/MD/Rockville/5206-Myer-Ct-20853/home/11082007,,,N,Y,39.095501,-77.1052542
PAST SALE,September-22-2023,Single Family Residential,544 Anderson Ave,Rockville,MD,20850,700000,3,3.0,WEST END PARK,2226,9000,1953,,314,,Sold,,,https://www.redfin.com/MD/Rockville/544-Anderson-Ave-20850/home/10516746,BRIGHT MLS,MDMC2104406,N,Y,39.0864199,-77.166176
PAST SALE,,Single Family Residential,8309 Hectic Hill Ln,Rockville,MD,20854,1875000,,4.5,,6723,87120,2015,,279,,,,,https://www.redfin.com/MD/Rockville/8309-Hectic-Hill-Ln-20854/home/85694927,,,N,Y,39.0710397,-77.1723989
PAST SALE,,Single Family Residential,14701 Essington Rd,Rockville,MD,20853,850000,,3.0,,2997,20000,1959,,284,,,,,https://www.redfin.com/MD/Rockville/14701-Essington-Rd-20853/home/10989851,,,N,Y,39.0980029,-77.0952745
PAST SALE,May-18-2023,Single Family Residential,1438 Fallsmead Way,Potomac,MD,20854,1350000,5,3.0,FALLSMEAD,3756,12626,1971,,359,113,Sold,,,https://www.redfin.com/MD/Potomac/1438-Fallsmead-Way-20854/home/10517973,BRIGHT MLS,MDMC2091198,N,Y,39.0721208,-77.1781498
PAST SALE,,Townhouse,11358 Empire Ln,Rockville,MD,20852,930000,3,3.0,,1913,2244,1980,,486,,,,,https://www.redfin.com/MD/Rockville/11358-Empire-Ln-20852/home/10527334,,,N,Y,39.04151,-77.120734
PAST SALE,,Single Family Residential,5128 Russett Rd,Rockville,MD,20853,652000,,2.5,,1726,10725,1965,,378,,,,,https://www.redfin.com/MD/Rockville/5128-Russett-Rd-20853/home/11077061,,,N,Y,39.0838235,-77.1044458
PAST SALE,June-16-2023,Single Family Residential,11409 Farmland Dr,North Bethesda,MD,20852,1045000,4,2.5,OLD FARM,3425,16420,1965,,305,,Sold,,,https://www.redfin.com/MD/Rockville/11409-Farmland-Dr-20852/home/10505324,BRIGHT MLS,MDMC2089114,N,Y,39.0434084,-77.1429663
PAST SALE,June-30-2023,Single Family Residential,1411 Kersey Ln,Potomac,MD,20854,825000,5,2.5,FALLS ORCHARD,3078,9012,1964,,268,,Sold,,,https://www.redfin.com/MD/Rockville/1411-Kersey-Ln-20854/home/10510679,BRIGHT MLS,MDMC2093382,N,Y,39.0658994,-77.1722641
PAST SALE,,Single Family Residential,15009 Bitterroot Way,Rockville,MD,20853,741000,,2.5,,2810,19755,1967,,264,,,,,https://www.redfin.com/MD/Rockville/15009-Bitterroot-Way-20853/home/10706761,,,N,Y,39.1028072,-77.0928018
PAST SALE,September-6-2023,Single Family Residential,14607 Crossway Rd,Rockville,MD,20853,825000,4,4.0,MANOR PARK,3046,26338,1950,,271,,Sold,,,https://www.redfin.com/MD/Rockville/14607-Crossway-Rd-20853/home/10989628,BRIGHT MLS,MDMC2104584,N,Y,39.0956052,-77.0878111
PAST SALE,July-6-2023,Single Family Residential,952 Farm Haven Dr,Rockville,MD,20852,1215000,4,3.5,NORTH FARM,2397,10945,1980,,507,7,Sold,,,https://www.redfin.com/MD/Rockville/952-Farm-Haven-Dr-20852/home/10527617,BRIGHT MLS,MDMC2094168,N,Y,39.0593382,-77.1443145
PAST SALE,April-28-2023,Single Family Residential,1903 Rockland Ave,Rockville,MD,20851,575000,4,2.0,ROCKLAND,1530,6046,1954,,376,,Sold,,,https://www.redfin.com/MD/Rockville/1903-Rockland-Ave-20851/home/10513795,BRIGHT MLS,MDMC2089946,N,Y,39.0719468,-77.1231457
PAST SALE,August-15-2023,Single Family Residential,9600 Overlea Dr,Rockville,MD,20850,1180000,5,3.0,POTOMAC HIGHLANDS,3324,96268,1961,,355,,Sold,,,https://www.redfin.com/MD/Rockville/9600-Overlea-Dr-20850/home/10504451,BRIGHT MLS,MDMC2099044,N,Y,39.0633461,-77.1977141
PAST SALE,July-19-2023,Single Family Residential,14400 Barkwood Dr,Rockville,MD,20853,805000,4,3.0,MANOR WOODS,3174,8250,1965,,254,,Sold,,,https://www.redfin.com/MD/Rockville/14400-Barkwood-Dr-20853/home/11083006,BRIGHT MLS,MDMC2097252,N,Y,39.0920218,-77.096893
PAST SALE,August-15-2023,Single Family Residential,11921 Tildenwood Dr,North Bethesda,MD,20852,799900,5,3.0,TILDEN WOODS,2438,9600,1962,,328,,Sold,,,https://www.redfin.com/MD/North-Bethesda/11921-Tildenwood-Dr-20852/home/10506561,BRIGHT MLS,MDMC2098488,N,Y,39.050862,-77.1397754
PAST SALE,August-4-2023,Single Family Residential,2270 Glenmore Ter,Rockville,MD,20850,915000,5,3.0,PT ROCKVILLE TWN RES. 3,2424,16772,1973,,377,,Sold,,,https://www.redfin.com/MD/Rockville/2270-Glenmore-Ter-20850/home/10509567,BRIGHT MLS,MDMC2097446,N,Y,39.0898455,-77.1863263
PAST SALE,May-19-2023,Single Family Residential,13901 Bauer Dr,Rockville,MD,20853,480000,3,2.0,BROOKHAVEN,2072,12654,1960,,232,,Sold,,,https://www.redfin.com/MD/Rockville/13901-Bauer-Dr-20853/home/11043763,BRIGHT MLS,MDMC2092310,N,Y,39.0837945,-77.0877662
PAST SALE,August-31-2023,Townhouse,215 N Adams,Rockville,MD,20850,300000,2,1.0,ROCKVILLE TOWN SQUARE,700,1700,1950,,429,,Sold,,,https://www.redfin.com/MD/Rockville/215-N-Adams-St-20850/home/35616913,BRIGHT MLS,MDMC2101376,N,Y,39.0873209,-77.1546677
PAST SALE,September-8-2023,Single Family Residential,11802 Ashley Dr,Rockville,MD,20852,575000,3,2.5,RANDOLPH HILLS,1482,10203,1954,,388,,Sold,,,https://www.redfin.com/MD/Rockville/11802-Ashley-Dr-20852/home/10502957,BRIGHT MLS,MDMC2104138,N,Y,39.0494854,-77.0934762
PAST SALE,June-7-2023,Single Family Residential,4869 Sweetbirch Dr,Rockville,MD,20853,760000,3,3.5,NORBECK MANOR,2891,11207,1987,,263,29,Sold,,,https://www.redfin.com/MD/Rockville/4869-Sweetbirch-Dr-20853/home/10718587,BRIGHT MLS,MDMC2084680,N,Y,39.1120507,-77.0999501
PAST SALE,June-14-2023,Single Family Residential,15220 Red Clover Dr,Rockville,MD,20853,900000,4,3.0,FLOWER VALLEY,3255,15080,1969,,276,,Sold,,,https://www.redfin.com/MD/Rockville/15220-Red-Clover-Dr-20853/home/10707263,BRIGHT MLS,MDMC2088148,N,Y,39.1056763,-77.0992983
PAST SALE,May-31-2023,Single Family Residential,4618 Adrian St,Rockville,MD,20853,475000,3,2.0,ROBINDALE,1495,7502,1956,,318,,Sold,,,https://www.redfin.com/MD/Rockville/4618-Adrian-St-20853/home/11052597,BRIGHT MLS,MDMC2089374,N,Y,39.062979,-77.0934762
PAST SALE,May-16-2023,Single Family Residential,824 Carter Rd,Rockville,MD,20852,650000,4,2.5,HUNGERFORD,1750,8960,1962,,371,,Sold,,,https://www.redfin.com/MD/Rockville/824-Carter-Rd-20852/home/10511167,BRIGHT MLS,MDMC2087974,N,Y,39.0692839,-77.1487253
PAST SALE,July-13-2023,Townhouse,14713 Yearling Ter,Rockville,MD,20850,627500,4,3.5,HUNTING HILLS WOODS,1368,1532,1986,,459,52,Sold,,,https://www.redfin.com/MD/Rockville/14713-Yearling-Ter-20850/home/10617870,BRIGHT MLS,MDMC2095936,N,Y,39.0972886,-77.2147463
PAST SALE,May-5-2023,Townhouse,124 Pasture Side Way,Rockville,MD,20850,675000,3,2.5,KING FARM WATKINS POND,1700,1485,2001,,397,123,Sold,,,https://www.redfin.com/MD/Rockville/124-Pasture-Side-Way-20850/home/11163276,BRIGHT MLS,MDMC2086184,N,Y,39.1097523,-77.1616089
PAST SALE,June-26-2023,Townhouse,10724 Pine Haven Ter,Rockville,MD,20852,706000,3,3.5,TIMBERLAWN,1952,1500,1985,,362,70,Sold,,,https://www.redfin.com/MD/Rockville/10724-Pine-Haven-Ter-20852/home/10539161,BRIGHT MLS,MDMC2092794,N,Y,39.0301325,-77.1179708
PAST SALE,May-2-2023,Single Family Residential,12212 Hunters Ct,Rockville,MD,20852,665000,4,2.0,FRANKLIN PARK,2254,10674,1955,,295,,Sold,,,https://www.redfin.com/MD/Rockville/12212-Hunters-Ct-20852/home/10503973,BRIGHT MLS,MDMC2087404,N,Y,39.0570153,-77.0959939
PAST SALE,April-28-2023,Townhouse,500 Longhorn Cres,Rockville,MD,20850,808500,3,3.0,KING FARM WATKINS POND,3344,2797,2000,,242,124,Sold,,,https://www.redfin.com/MD/Rockville/500-Longhorn-Cres-20850/home/10553492,BRIGHT MLS,MDMC2089236,N,Y,39.1107014,-77.1716351
PAST SALE,June-30-2023,Townhouse,10906 Brewer House Rd,North Bethesda,MD,20852,980000,3,3.5,TUCKERMAN STATION,2604,2392,1987,,376,303,Sold,,,https://www.redfin.com/MD/Rockville/10906-Brewer-House-Rd-20852/home/10540672,BRIGHT MLS,MDMC2094596,N,Y,39.0350042,-77.1137583
PAST SALE,May-12-2023,Single Family Residential,707 Grandin Ave,Rockville,MD,20850,405000,2,1.0,ROCKVILLE PARK,1200,6875,1951,,338,,Sold,,,https://www.redfin.com/MD/Rockville/707-Grandin-Ave-20850/home/10514242,BRIGHT MLS,MDMC2090504,N,Y,39.0819779,-77.1412585
PAST SALE,May-12-2023,Single Family Residential,4 Pebble Ridge Ct,Potomac,MD,20854,1100000,5,3.5,HORIZON HILL,2301,9473,1977,,478,,Sold,,,https://www.redfin.com/MD/Potomac/4-Pebble-Ridge-Ct-20854/home/10525513,BRIGHT MLS,MDMC2089442,N,Y,39.0709672,-77.1762403
PAST SALE,July-26-2023,Single Family Residential,4712 Kemper St,Rockville,MD,20853,625000,4,3.0,BEL PRE WOODS,1903,11260,1962,,328,,Sold,,,https://www.redfin.com/MD/Rockville/4712-Kemper-St-20853/home/11065993,BRIGHT MLS,MDMC2095054,N,Y,39.0786222,-77.0944653
PAST SALE,April-28-2023,Single Family Residential,14315 Chesterfield Rd,Rockville,MD,20853,875000,5,3.0,MANOR PARK,3126,20352,1963,,280,,Sold,,,https://www.redfin.com/MD/Rockville/14315-Chesterfield-Rd-20853/home/10989046,BRIGHT MLS,MDMC2088228,N,Y,39.0934706,-77.083581
PAST SALE,June-14-2023,Single Family Residential,16 Farsta Ct,Rockville,MD,20850,700000,4,3.0,NEW MARK COMMONS,1948,10440,1972,,359,221,Sold,,,https://www.redfin.com/MD/Rockville/16-Farsta-Ct-20850/home/10517386,BRIGHT MLS,MDMC2094518,N,Y,39.0723693,-77.155398
PAST SALE,July-28-2023,Single Family Residential,13827 Dowlais Dr,Rockville,MD,20853,730000,5,3.0,BEL PRE WOODS,2016,8554,1966,,362,,Sold,,,https://www.redfin.com/MD/Rockville/13827-Dowlais-Dr-20853/home/11067212,BRIGHT MLS,MDMC2097430,N,Y,39.0833384,-77.0983317
PAST SALE,October-6-2023,Townhouse,724 Azalea Dr Unit 10-724,Rockville,MD,20850,450000,3,2.5,REGENT SQUARE,1320,,1966,,341,421,Sold,,,https://www.redfin.com/MD/Rockville/724-Azalea-Dr-20850/unit-10-724/home/10519678,BRIGHT MLS,MDMC2106816,N,Y,39.0948418,-77.1755894
PAST SALE,August-14-2023,Townhouse,518 Jacala Ter,Rockville,MD,20850,782427,3,3.5,FALLSGROVE,1900,1321,2004,,412,95,Sold,,,https://www.redfin.com/MD/Rockville/518-Jacala-Ter-20850/home/11190682,BRIGHT MLS,MDMC2102094,N,Y,39.0969105,-77.1895684
PAST SALE,August-17-2023,Townhouse,15220 Tottenham Ter Unit 28-A,Silver Spring,MD,20906,440000,3,2.0,ROSSMOOR MUTUAL #13,1193,,1974,,369,948,Sold,,,https://www.redfin.com/MD/Silver-Spring/15220-Tottenham-Ter-20906/unit-28-A/home/11096380,BRIGHT MLS,MDMC2101836,N,Y,39.1077423,-77.0754731
PAST SALE,October-16-2023,Single Family Residential,5 Columbia Ct,Rockville,MD,20850,950000,5,3.5,COLLEGE GARDENS,3231,12331,1970,,294,,Sold,,,https://www.redfin.com/MD/Rockville/5-Columbia-Ct-20850/home/10517135,BRIGHT MLS,MDMC2105856,N,Y,39.1005215,-77.1686247
PAST SALE,April-28-2023,Single Family Residential,1014 Baltimore Rd,Rockville,MD,20851,490000,4,2.5,BURGUNDY ESTATES,1962,8453,1956,,250,,Sold,,,https://www.redfin.com/MD/Rockville/1014-Baltimore-Rd-20851/home/10510227,BRIGHT MLS,MDMC2087612,N,Y,39.0841003,-77.1315957
PAST SALE,September-22-2023,Single Family Residential,16404 Danforth Ct,Rockville,MD,20853,1080000,4,2.5,BROOKE MANOR,3872,21103,1997,,279,103,Sold,,,https://www.redfin.com/MD/Rockville/16404-Danforth-Ct-20853/home/10728092,BRIGHT MLS,MDMC2103558,N,Y,39.124361,-77.0818536
PAST SALE,June-7-2023,Single Family Residential,531 Beall Ave,Rockville,MD,20850,800000,5,3.0,WEST END PARK,2350,8750,1961,,340,,Sold,,,https://www.redfin.com/MD/Rockville/531-Beall-Ave-20850/home/10516533,BRIGHT MLS,MDMC2092136,N,Y,39.087947,-77.1652661
PAST SALE,May-3-2023,Single Family Residential,4417 Judith St,Rockville,MD,20853,522000,3,2.0,WHEATON WOODS,2052,6536,1959,,254,,Sold,,,https://www.redfin.com/MD/Rockville/4417-Judith-St-20853/home/11032597,BRIGHT MLS,MDMC2088418,N,Y,39.0743118,-77.0860127
PAST SALE,May-2-2023,Single Family Residential,1111 Pipestem Pl,Potomac,MD,20854,1100000,5,3.5,FALLSMEAD,2554,8502,1971,,431,128,Sold,,,https://www.redfin.com/MD/Rockville/1111-Pipestem-Pl-20854/home/10518016,BRIGHT MLS,MDMC2087126,N,Y,39.073412,-77.1753642
PAST SALE,May-5-2023,Townhouse,1036 Grand Oak Way,Rockville,MD,20852,714000,3,3.0,TOWER OAKS,2772,1855,1997,,258,160,Sold,,,https://www.redfin.com/MD/Rockville/1036-Grand-Oak-Way-20852/home/10552515,BRIGHT MLS,MDMC2087130,N,Y,39.0697626,-77.155377
PAST SALE,July-27-2023,Single Family Residential,14312 Gaines Ave,Rockville,MD,20853,630000,4,3.0,BEL PRE WOODS,2208,9000,1961,,285,,Sold,,,https://www.redfin.com/MD/Rockville/14312-Gaines-Ave-20853/home/11066251,BRIGHT MLS,MDMC2097318,N,Y,39.0910681,-77.0876763
PAST SALE,May-11-2023,Single Family Residential,13812 Congress Dr,Rockville,MD,20853,550000,4,2.0,BEL PRE WOODS,1547,9265,1964,,356,,Sold,,,https://www.redfin.com/MD/Rockville/13812-Congress-Dr-20853/home/11066725,BRIGHT MLS,MDMC2088032,N,Y,39.082567,-77.0971628
PAST SALE,September-8-2023,Single Family Residential,930 Farm Haven Dr,Rockville,MD,20852,1200008,4,3.5,NORTH FARM,3265,,1979,,368,6,Sold,,,https://www.redfin.com/MD/Rockville/930-Farm-Haven-Dr-20852/home/10526451,BRIGHT MLS,MDMC2101160,N,Y,39.0575316,-77.1457076
PAST SALE,July-24-2023,Single Family Residential,124 Evans St,Rockville,MD,20850,910000,4,3.0,PT ROCKVILLE TWN RES. 1,3556,13933,1969,,256,,Sold,,,https://www.redfin.com/MD/Rockville/124-Evans-St-20850/home/10509632,BRIGHT MLS,MDMC2097798,N,Y,39.0803713,-77.1573465
PAST SALE,June-23-2023,Single Family Residential,505 Nelson St,Rockville,MD,20850,775000,5,2.5,WOODLEY GARDENS,2379,10090,1965,,326,,Sold,,,https://www.redfin.com/MD/Rockville/505-Nelson-St-20850/home/10516964,BRIGHT MLS,MDMC2093422,N,Y,39.0940618,-77.1620197
PAST SALE,May-25-2023,Single Family Residential,23 S Duke St,Rockville,MD,20850,725000,4,2.5,COLLEGE GARDENS,2132,9013,1970,,340,,Sold,,,https://www.redfin.com/MD/Rockville/23-S-Duke-St-20850/home/10517178,BRIGHT MLS,MDMC2091642,N,Y,39.1030679,-77.1692088
PAST SALE,September-7-2023,Townhouse,5016 Cloister Dr,Rockville,MD,20852,767000,2,3.5,STONEYBROOK,2438,1408,1981,,315,265,Sold,,,https://www.redfin.com/MD/Rockville/5016-Cloister-Dr-20852/home/10534436,BRIGHT MLS,MDMC2101878,N,Y,39.030426,-77.099078
PAST SALE,June-15-2023,Townhouse,1105 Gaither Rd,Rockville,MD,20850,640000,3,3.0,KING FARM BAILEYS COMMONS NORTH,1950,1910,2004,,328,123,Sold,,,https://www.redfin.com/MD/Rockville/1105-Gaither-Rd-20850/home/11190133,BRIGHT MLS,MDMC2093070,N,Y,39.114646,-77.1774749
PAST SALE,June-28-2023,Single Family Residential,4805 Walbridge St,Rockville,MD,20853,500000,3,3.0,ROYAL VIEW,1482,7024,1956,,337,,Sold,,,https://www.redfin.com/MD/Rockville/4805-Walbridge-St-20853/home/11073572,BRIGHT MLS,MDMC2090612,N,Y,39.0651377,-77.0948329
PAST SALE,May-31-2023,Single Family Residential,4501 Cherry Valley Dr,Rockville,MD,20853,855000,5,3.5,NORBECK ESTATES,3136,15720,1972,,273,,Sold,,,https://www.redfin.com/MD/Rockville/4501-Cherry-Valley-Dr-20853/home/10709944,BRIGHT MLS,MDMC2092886,N,Y,39.1364746,-77.0894747
PAST SALE,May-15-2023,Single Family Residential,13205 Superior St,Rockville,MD,20853,610000,5,3.0,BROOKHAVEN,2318,8108,1957,,263,,Sold,,,https://www.redfin.com/MD/Rockville/13205-Superior-St-20853/home/11043639,BRIGHT MLS,MDMC2086022,N,Y,39.0727586,-77.0842603
PAST SALE,October-6-2023,Single Family Residential,12804 Weiss St,Rockville,MD,20853,440000,3,2.5,ROYAL VIEW,1311,9758,1956,,336,,Sold,,,https://www.redfin.com/MD/Rockville/12804-Weiss-St-20853/home/11073545,BRIGHT MLS,MDMC2107462,N,Y,39.0655914,-77.0935661
PAST SALE,May-17-2023,Single Family Residential,1000 Crawford Dr,Rockville,MD,20851,456000,3,2.0,ROCKCREST,1176,5992,1940,,388,,Sold,,,https://www.redfin.com/MD/Rockville/1000-Crawford-Dr-20851/home/10512976,BRIGHT MLS,MDMC2086636,N,Y,39.0786632,-77.1355999
PAST SALE,August-29-2023,Single Family Residential,416 Misty Knoll Dr,Rockville,MD,20850,1365000,4,4.5,ROSE HILL,4020,7838,2002,,340,65,Sold,,,https://www.redfin.com/MD/Rockville/416-Misty-Knoll-Dr-20850/home/10554862,BRIGHT MLS,MDMC2100578,N,Y,39.0805483,-77.1669819
PAST SALE,May-1-2023,Single Family Residential,13200 Ardennes Ave,Rockville,MD,20851,489500,3,1.0,TWINBROOK,1792,11393,1949,,273,,Sold,,,https://www.redfin.com/MD/Rockville/13200-Ardennes-Ave-20851/home/10515195,BRIGHT MLS,MDMC2086624,N,Y,39.0729962,-77.1203589
PAST SALE,April-28-2023,Single Family Residential,705 Brent Rd,Rockville,MD,20850,700000,3,2.0,ROXBORO,2227,6900,1942,,314,,Sold,,,https://www.redfin.com/MD/Rockville/705-Brent-Rd-20850/home/10514437,BRIGHT MLS,MDMC2089166,N,Y,39.084959,-77.1674341
PAST SALE,September-19-2023,Single Family Residential,14519 Barkwood Dr,Rockville,MD,20853,621500,4,2.5,MANOR WOODS,2587,9200,1966,,240,,Sold,,,https://www.redfin.com/MD/Rockville/14519-Barkwood-Dr-20853/home/11083104,BRIGHT MLS,MDMC2105398,N,Y,39.0946008,-77.1002648
PAST SALE,July-21-2023,Single Family Residential,15109 Westbury Rd,Rockville,MD,20853,827000,5,2.5,FLOWER VALLEY,2310,15818,1967,,358,,Sold,,,https://www.redfin.com/MD/Rockville/15109-Westbury-Rd-20853/home/10706934,BRIGHT MLS,MDMC2096722,N,Y,39.1046019,-77.0973876
PAST SALE,May-10-2023,Single Family Residential,4953 Walkingfern Dr,Rockville,MD,20853,925000,4,3.5,ELLENWOOD,3484,20173,1984,,265,,Sold,,,https://www.redfin.com/MD/Rockville/4953-Walkingfern-Dr-20853/home/10718201,BRIGHT MLS,MDMC2087936,N,Y,39.1202619,-77.1003997
PAST SALE,June-16-2023,Single Family Residential,2290 Dunster Ln,Potomac,MD,20854,1130000,5,3.5,POTOMAC WOODS,3646,9790,1965,,310,,Sold,,,https://www.redfin.com/MD/Potomac/2290-Dunster-Ln-20854/home/10512672,BRIGHT MLS,MDMC2093758,N,Y,39.0603081,-77.1666478
PAST SALE,May-17-2023,Townhouse,534 Redland Blvd,Rockville,MD,20850,684000,3,3.0,KING FARM WATKINS POND,1950,1982,1999,,351,123,Sold,,,https://www.redfin.com/MD/Rockville/534-Redland-Blvd-20850/home/10553563,BRIGHT MLS,MDMC2088416,N,Y,39.1106354,-77.1736226
PAST SALE,October-12-2023,Single Family Residential,5210 Russett Rd,Rockville,MD,20853,665000,4,2.5,ROCK CREEK MANOR,1726,10400,1966,,385,,Sold,,,https://www.redfin.com/MD/Rockville/5210-Russett-Rd-20853/home/11075973,BRIGHT MLS,MDMC2106210,N,Y,39.0859055,-77.1055247
PAST SALE,June-23-2023,Single Family Residential,27 Hawthorn Ct,Rockville,MD,20850,865000,4,3.0,WOODLEY WOODS,3174,11025,1968,,273,,Sold,,,https://www.redfin.com/MD/Rockville/27-Hawthorn-Ct-20850/home/10517695,BRIGHT MLS,MDMC2093408,N,Y,39.0981116,-77.1760345
PAST SALE,August-7-2023,Townhouse,708 College Pkwy Unit 3-708,Rockville,MD,20850,385000,3,2.5,PLYMOUTH GARDENS,1663,,1967,,232,607,Sold,,,https://www.redfin.com/MD/Rockville/708-College-Pkwy-20850/unit-3-708/home/10523665,BRIGHT MLS,MDMC2094524,N,Y,39.0987136,-77.1651073
PAST SALE,September-15-2023,Single Family Residential,2311 Glenmore Ter,Rockville,MD,20850,945000,4,3.0,ROCKSHIRE,1702,16162,1973,,555,68,Sold,,,https://www.redfin.com/MD/Rockville/2311-Glenmore-Ter-20850/home/10521112,BRIGHT MLS,MDMC2101398,N,Y,39.0884739,-77.1919867
PAST SALE,August-22-2023,Single Family Residential,4713 Miltfred Ter,Rockville,MD,20853,620000,4,3.0,MANOR WOODS,1900,8488,1965,,326,,Sold,,,https://www.redfin.com/MD/Rockville/4713-Miltfred-Ter-20853/home/11082418,BRIGHT MLS,MDMC2101128,N,Y,39.0946577,-77.0936049
PAST SALE,July-31-2023,Single Family Residential,6112 Tilden Ln,Rockville,MD,20852,1715000,0,0.5,LUXMANOR,4945,5834,2000,,347,,Sold,,,https://www.redfin.com/MD/Rockville/6112-Tilden-Ln-20852/home/10549397,BRIGHT MLS,MDMC2096778,N,Y,39.04405361367366,-77.1255352582059
PAST SALE,May-31-2023,Single Family Residential,13411 Tangier Pl,Rockville,MD,20853,480000,3,2.0,WHEATON WOODS,1526,7959,1959,,315,,Sold,,,https://www.redfin.com/MD/Rockville/13411-Tangier-Pl-20853/home/11034823,BRIGHT MLS,MDMC2091814,N,Y,39.0760199,-77.0853607
PAST SALE,October-6-2023,Single Family Residential,703 New Mark Esplanade,Rockville,MD,20850,820000,4,3.0,NEW MARK COMMONS,1948,13663,1969,,421,221,Sold,,,https://www.redfin.com/MD/Rockville/703-New-Mark-Esplanade-20850/home/10517391,BRIGHT MLS,MDMC2104980,N,Y,39.0736858,-77.1584249
PAST SALE,May-15-2023,Single Family Residential,502 Oak Knoll Ter,Rockville,MD,20850,1125000,4,3.5,FALLSGROVE,3520,4792,2004,,320,145,Sold,,,https://www.redfin.com/MD/Rockville/502-Oak-Knoll-Ter-20850/home/11190891,BRIGHT MLS,MDMC2091230,N,Y,39.0968582,-77.1878417
PAST SALE,June-9-2023,Single Family Residential,4 Waterway Ct,Rockville,MD,20853,1311000,5,5.0,MANOR LAKE,5473,29371,1968,,240,,Sold,,,https://www.redfin.com/MD/Rockville/4-Waterway-Ct-20853/home/10709372,BRIGHT MLS,MDMC2093890,N,Y,39.099204,-77.112081
PAST SALE,September-29-2023,Single Family Residential,14647 Pinto Ln,Rockville,MD,20850,1005000,4,3.5,HUNTING HILLS WOODS,2296,18397,1985,,438,52,Sold,,,https://www.redfin.com/MD/Rockville/14647-Pinto-Ln-20850/home/10617663,BRIGHT MLS,MDMC2102814,N,Y,39.0984619,-77.2112568
PAST SALE,August-30-2023,Single Family Residential,2000 Macdowell St,Rockville,MD,20851,515000,4,3.0,TWINBROOK FOREST,1496,7198,1986,,344,,Sold,,,https://www.redfin.com/MD/Rockville/2000-Macdowell-St-20851/home/10541499,BRIGHT MLS,MDMC2101668,N,Y,39.0776926,-77.1165381
PAST SALE,October-6-2023,Single Family Residential,4201 Heathfield Rd,Rockville,MD,20853,550000,4,2.5,ENGLISH MANOR,1912,9668,1959,,288,,Sold,,,https://www.redfin.com/MD/Rockville/4201-Heathfield-Rd-20853/home/11063440,BRIGHT MLS,MDMC2104034,N,Y,39.0857922,-77.0841692
PAST SALE,July-7-2023,Townhouse,14703 Chisholm Landing Way,North Potomac,MD,20878,565000,3,2.5,STONEBRIDGE,1200,1400,1986,,471,112,Sold,,,https://www.redfin.com/MD/North-Potomac/14703-Chisholm-Landing-Way-20878/home/10623203,BRIGHT MLS,MDMC2097742,N,Y,39.0990209,-77.2191901
PAST SALE,August-15-2023,Single Family Residential,11121 Schuylkill Rd,Rockville,MD,20852,654000,4,3.0,RANDOLPH HILLS,1680,9625,1961,,389,,Sold,,,https://www.redfin.com/MD/Rockville/11121-Schuylkill-Rd-20852/home/10502898,BRIGHT MLS,MDMC2101330,N,Y,39.0383884,-77.0888003
PAST SALE,June-8-2023,Single Family Residential,14040 Weeping Cherry Dr,Rockville,MD,20850,1390000,4,4.0,WILLOWS OF POTOMAC,4889,12483,1999,,284,112,Sold,,,https://www.redfin.com/MD/Rockville/14040-Weeping-Cherry-Dr-20850/home/10550209,BRIGHT MLS,MDMC2092748,N,Y,39.0880471,-77.2007462
PAST SALE,,Single Family Residential,13305 Grenoble Dr,Rockville,MD,20853,380000,,1.0,,1538,6983,1956,,247,,,,,https://www.redfin.com/MD/Rockville/13305-Grenoble-Dr-20853/home/11032825,,,N,Y,39.0744067,-77.0914979
PAST SALE,August-15-2023,Single Family Residential,12712 Turkey Branch Pkwy,Rockville,MD,20853,500000,3,2.0,WHEATON WOODS,1480,6057,1952,,338,,Sold,,,https://www.redfin.com/MD/Rockville/12712-Turkey-Branch-Pkwy-20853/home/11035235,BRIGHT MLS,MDMC2101116,N,Y,39.0657319,-77.0880359
PAST SALE,September-12-2023,Single Family Residential,412 Silver Rock Rd,Rockville,MD,20851,515000,3,2.0,SILVER ROCK PARK,956,14556,1955,,539,,Sold,,,https://www.redfin.com/MD/Rockville/412-Silver-Rock-Rd-20851/home/10514769,BRIGHT MLS,MDMC2104106,N,Y,39.0814658,-77.1262921
PAST SALE,October-6-2023,Single Family Residential,1211 Parrish Dr,Rockville,MD,20851,554000,4,2.0,ROCKCREST,1684,12149,1953,,329,,Sold,,,https://www.redfin.com/MD/Rockville/1211-Parrish-Dr-20851/home/10512875,BRIGHT MLS,MDMC2104590,N,Y,39.0727883,-77.1245841
PAST SALE,October-20-2023,Single Family Residential,1411 Fallswood Dr,Rockville,MD,20854,937000,4,2.5,FALLSWOOD,2472,11355,1978,,379,,Sold,,,https://www.redfin.com/MD/Rockville/1411-Fallswood-Dr-20854/home/10525209,BRIGHT MLS,MDMC2106684,N,Y,39.0783014,-77.1725337
PAST SALE,May-22-2023,Single Family Residential,4415 Oaktree Rd,Rockville,MD,20853,786325,3,3.0,SYCAMORE ACRES,3640,43995,1971,,216,,Sold,,,https://www.redfin.com/MD/Rockville/4415-Oaktree-Rd-20853/home/10705512,BRIGHT MLS,MDMC2087234,N,Y,39.1203061,-77.0890251
PAST SALE,September-8-2023,Single Family Residential,15223 Red Clover Dr,Rockville,MD,20853,715000,5,3.5,FLOWER VALLEY,2310,15215,1969,,310,,Sold,,,https://www.redfin.com/MD/Rockville/15223-Red-Clover-Dr-20853/home/10707059,BRIGHT MLS,MDMC2103418,N,Y,39.1051135,-77.099096
PAST SALE,June-23-2023,Townhouse,6 Crofton Hill Ct,Rockville,MD,20850,800000,3,3.5,PT ROCKVILLE TWN RES. 3,2340,2611,1996,,342,114,Sold,,,https://www.redfin.com/MD/Rockville/6-Crofton-Hill-Ct-20850/home/10551656,BRIGHT MLS,MDMC2093186,N,Y,39.0896923,-77.179569
PAST SALE,September-26-2023,Single Family Residential,11 Stonepath Ct,Potomac,MD,20854,936500,4,3.5,HORIZON HILL,2536,10623,1976,,369,,Sold,,,https://www.redfin.com/MD/Potomac/11-Stonepath-Ct-20854/home/10524984,BRIGHT MLS,MDMC2105870,N,Y,39.0694531,-77.1746903
PAST SALE,July-7-2023,Single Family Residential,4617 Wissahican Ave,Rockville,MD,20853,535000,3,2.0,ASPEN HILL PARK,1266,7150,1960,,423,,Sold,,,https://www.redfin.com/MD/Rockville/4617-Wissahican-Ave-20853/home/11040410,BRIGHT MLS,MDMC2094580,N,Y,39.0693252,-77.0943754
PAST SALE,June-9-2023,Single Family Residential,10 W Argyle St,Rockville,MD,20850,762650,2,1.5,ROCKVILLE HEIGHTS,1800,14820,1951,,424,,Sold,,,https://www.redfin.com/MD/Rockville/10-W-Argyle-St-20850/home/10514155,BRIGHT MLS,MDMC2090540,N,Y,39.0785941,-77.1539763
PAST SALE,June-30-2023,Single Family Residential,12811 Evanston St,Rockville,MD,20853,647000,4,3.0,WHEATON WOODS,2620,6132,1952,,247,,Sold,,,https://www.redfin.com/MD/Rockville/12811-Evanston-St-20853/home/11032488,BRIGHT MLS,MDMC2093822,N,Y,39.0658464,-77.0901017
PAST SALE,June-1-2023,Single Family Residential,13326 Oakwood Dr,Rockville,MD,20850,860000,3,3.0,GLEN HILLS,2725,49927,1953,,316,,Sold,,,https://www.redfin.com/MD/Rockville/13326-Oakwood-Dr-20850/home/10503608,BRIGHT MLS,MDMC2089798,N,Y,39.0775087,-77.1970628
PAST SALE,October-10-2023,Single Family Residential,14405 Butternut Ct,Rockville,MD,20853,785000,4,2.5,MANOR WOODS,2553,8965,1965,,307,,Sold,,,https://www.redfin.com/MD/Rockville/14405-Butternut-Ct-20853/home/11082326,BRIGHT MLS,MDMC2105292,N,Y,39.0917672,-77.0974775
PAST SALE,August-22-2023,Single Family Residential,13519 Grenoble Dr,Rockville,MD,20853,595000,4,2.5,WHEATON WOODS,2128,8120,1954,,280,,Sold,,,https://www.redfin.com/MD/Rockville/13519-Grenoble-Dr-20853/home/11034314,BRIGHT MLS,MDMC2101154,N,Y,39.0780509,-77.0888082
PAST SALE,August-10-2023,Single Family Residential,13807 Goosefoot Ter,Rockville,MD,20850,1621000,5,4.5,WILLOWS OF POTOMAC,6436,10326,1998,,252,112,Sold,,,https://www.redfin.com/MD/Rockville/13807-Goosefoot-Ter-20850/home/11174816,BRIGHT MLS,MDMC2090862,N,Y,39.0849464,-77.2032841
PAST SALE,August-7-2023,Single Family Residential,905 N Stonestreet Ave,Rockville,MD,20850,469000,3,2.0,LINCOLN PARK,1170,9147,1945,,401,,Sold,,,https://www.redfin.com/MD/Rockville/905-N-Stonestreet-Ave-20850/home/10511719,BRIGHT MLS,MDMC2097118,N,Y,39.0961152,-77.1510104
PAST SALE,June-12-2023,Single Family Residential,12700 Ardennes Ave,Rockville,MD,20851,632000,3,1.5,HALPINE VILLAGE,1660,8141,1955,,381,,Sold,,,https://www.redfin.com/MD/Rockville/12700-Ardennes-Ave-20851/home/10510870,BRIGHT MLS,MDMC2091168,N,Y,39.065989,-77.1185609
PAST SALE,July-6-2023,Single Family Residential,12128 Gaynor Rd,Rockville,MD,20852,715000,4,2.0,FRANKLIN PARK,2406,6949,1956,,297,,Sold,,,https://www.redfin.com/MD/Rockville/12128-Gaynor-Rd-20852/home/10503925,BRIGHT MLS,MDMC2095462,N,Y,39.056308,-77.0939707
PAST SALE,August-10-2023,Single Family Residential,510 Edmonston Dr,Rockville,MD,20851,536525,3,2.0,SILVER ROCK,1776,6003,1954,,302,,Sold,,,https://www.redfin.com/MD/Rockville/510-Edmonston-Dr-20851/home/10514624,BRIGHT MLS,MDMC2093566,N,Y,39.0834694,-77.1306069
PAST SALE,July-27-2023,Single Family Residential,13115 Beaver Ter,Rockville,MD,20853,501600,3,2.5,BROOKHAVEN,1830,7200,1962,,274,,Sold,,,https://www.redfin.com/MD/Rockville/13115-Beaver-Ter-20853/home/11044558,BRIGHT MLS,MDMC2095458,N,Y,39.0722148,-77.0790433
PAST SALE,May-26-2023,Townhouse,10127 Reprise Dr,Rockville,MD,20850,410000,3,2.5,DECOVERLY ADVENTURE,1386,1297,1995,,296,145,Sold,,,https://www.redfin.com/MD/Rockville/10127-Reprise-Dr-20850/home/10865678,BRIGHT MLS,MDMC2089340,N,Y,39.1119733,-77.2094295
PAST SALE,June-22-2023,Townhouse,5806 Tudor Ln,Rockville,MD,20852,870000,4,3.5,OLD GEORGETOWN VILLAGE,2648,2040,1981,,329,201,Sold,,,https://www.redfin.com/MD/Rockville/5806-Tudor-Ln-20852/home/10526660,BRIGHT MLS,MDMC2094520,N,Y,39.0436675,-77.1182905
PAST SALE,July-7-2023,Townhouse,14239 Travilah Rd,Rockville,MD,20850,740000,4,3.5,TRAVILAH STATION,1815,1292,2020,,408,132,Sold,,,https://www.redfin.com/MD/Rockville/14239-Travilah-Rd-20850/home/166279960,BRIGHT MLS,MDMC2094584,N,Y,39.0908187,-77.2120105
PAST SALE,April-28-2023,Single Family Residential,11607 Stonewood Ln,North Bethesda,MD,20852,855500,4,2.5,TILDEN WOODS,2238,9366,1963,,382,,Sold,,,https://www.redfin.com/MD/Rockville/11607-Stonewood-Ln-20852/home/10506476,BRIGHT MLS,MDMC2085852,N,Y,39.046046,-77.1396856
PAST SALE,May-15-2023,Single Family Residential,2016 Rockland Ave,Rockville,MD,20851,615000,3,2.0,ROCKLAND,1475,7200,1952,,417,,Sold,,,https://www.redfin.com/MD/Rockville/2016-Rockland-Ave-20851/home/10513885,BRIGHT MLS,MDMC2087008,N,Y,39.0686084,-77.1222917
PAST SALE,August-25-2023,Single Family Residential,904 Lincoln St,Rockville,MD,20850,652000,3,3.0,BURGUNDY KNOLLS,1776,11116,1957,,367,,Sold,,,https://www.redfin.com/MD/Rockville/904-Lincoln-St-20850/home/10510406,BRIGHT MLS,MDMC2099826,N,Y,39.0903205,-77.1342474
PAST SALE,July-5-2023,Single Family Residential,13115 Midway Ave,Rockville,MD,20851,550000,5,2.0,TWINBROOK,1200,6016,1950,,458,,Sold,,,https://www.redfin.com/MD/Rockville/13115-Midway-Ave-20851/home/10515173,BRIGHT MLS,MDMC2085022,N,Y,39.0717793,-77.1187857
PAST SALE,October-12-2023,Single Family Residential,11113 Troy Rd,Rockville,MD,20852,530000,3,1.5,RANDOLPH HILLS,1482,6610,1961,,358,,Sold,,,https://www.redfin.com/MD/Rockville/11113-Troy-Rd-20852/home/10503360,BRIGHT MLS,MDMC2108134,N,Y,39.0367869,-77.0895197
PAST SALE,May-26-2023,Single Family Residential,1519 Columbia Ave,Rockville,MD,20850,770000,4,2.5,COLLEGE GARDENS,2848,9600,1970,,270,,Sold,,,https://www.redfin.com/MD/Rockville/1519-Columbia-Ave-20850/home/10517273,BRIGHT MLS,MDMC2090166,N,Y,39.1030924,-77.1661984
PAST SALE,May-10-2023,Single Family Residential,1508 Auburn Ave,Rockville,MD,20850,825000,4,2.5,COLLEGE GARDENS,2492,9600,1967,,331,,Sold,,,https://www.redfin.com/MD/Rockville/1508-Auburn-Ave-20850/home/10517243,BRIGHT MLS,MDMC2082794,N,Y,39.1011047,-77.1653572
PAST SALE,June-29-2023,Single Family Residential,932 Farm Haven Dr,Rockville,MD,20852,1290000,4,3.5,NORTH FARM,3434,9460,1979,,376,6,Sold,,,https://www.redfin.com/MD/Rockville/932-Farm-Haven-Dr-20852/home/10526449,BRIGHT MLS,MDMC2091564,N,Y,39.0577368,-77.1457526
PAST SALE,June-30-2023,Single Family Residential,4626 Glasgow Dr,Rockville,MD,20853,600400,4,2.0,ASPEN HILL PARK,2100,8181,1958,,286,,Sold,,,https://www.redfin.com/MD/Rockville/4626-Glasgow-Dr-20853/home/11042638,BRIGHT MLS,MDMC2095480,N,Y,39.0714912,-77.0945126
PAST SALE,July-5-2023,Single Family Residential,4612 Adrian St,Rockville,MD,20853,515000,3,2.5,WHEATON WOODS,1641,7500,1955,,314,,Sold,,,https://www.redfin.com/MD/Rockville/4612-Adrian-St-20853/home/11032556,BRIGHT MLS,MDMC2095384,N,Y,39.0626282,-77.0928467
PAST SALE,May-5-2023,Single Family Residential,611 Smallwood Rd,Rockville,MD,20850,837000,4,2.5,WOODLEY GARDENS,2685,9599,1966,,312,,Sold,,,https://www.redfin.com/MD/Rockville/611-Smallwood-Rd-20850/home/10517013,BRIGHT MLS,MDMC2087168,N,Y,39.0918608,-77.163817
PAST SALE,,Single Family Residential,7 Dale Dr,Rockville,MD,20850,785000,,2.5,,1690,9395,1942,,464,,,,,https://www.redfin.com/MD/Rockville/7-Dale-Dr-20850/home/10509839,,,N,Y,39.0810473,-77.1598179
PAST SALE,August-23-2023,Single Family Residential,7029 Sulky Ln,North Bethesda,MD,20852,1260000,5,3.5,OLD FARM,3478,9468,1961,,362,,Sold,,,https://www.redfin.com/MD/Rockville/7029-Sulky-Ln-20852/home/10505423,BRIGHT MLS,MDMC2098134,N,Y,39.0525453,-77.1440898
PAST SALE,May-1-2023,Townhouse,10102 Sterling Ter,Rockville,MD,20850,785000,3,3.5,DECOVERLY ADVENTURE,2478,2280,1990,,317,135,Sold,,,https://www.redfin.com/MD/Rockville/10102-Sterling-Ter-20850/home/10853606,BRIGHT MLS,MDMC2082600,N,Y,39.108145,-77.2079409
PAST SALE,September-15-2023,Single Family Residential,11901 Ashley Dr,Rockville,MD,20852,608000,4,2.0,RANDOLPH HILLS,1632,11044,1956,,373,,Sold,,,https://www.redfin.com/MD/Rockville/11901-Ashley-Dr-20852/home/10503340,BRIGHT MLS,MDMC2101886,N,Y,39.050165,-77.0920375
PAST SALE,October-13-2023,Townhouse,296 New Mark Esplanade,Rockville,MD,20850,627000,3,3.0,NEW MARK COMM TH,1628,1820,1972,,385,241,Sold,,,https://www.redfin.com/MD/Rockville/296-New-Mark-Esplanade-20850/home/10519402,BRIGHT MLS,MDMC2104824,N,Y,39.0748695,-77.1555302
PAST SALE,September-22-2023,Townhouse,1027 Gaither Rd,Rockville,MD,20850,670000,3,3.5,KING FARM BAILEYS COMMONS NORTH,2049,1525,2004,,327,123,Sold,,,https://www.redfin.com/MD/Rockville/1027-Gaither-Rd-20850/home/11188005,BRIGHT MLS,MDMC2104564,N,Y,39.1141049,-77.1758199
PAST SALE,October-5-2023,Single Family Residential,4204 Great Oak Rd,Rockville,MD,20853,955000,3,2.5,MANOR PARK,2480,20000,1955,,385,,Sold,,,https://www.redfin.com/MD/Rockville/4204-Great-Oak-Rd-20853/home/10988905,BRIGHT MLS,MDMC2109004,N,Y,39.1050733,-77.0830451
PAST SALE,September-22-2023,Single Family Residential,109 N Van Buren St,Rockville,MD,20850,1005000,4,2.5,BEALLS SUB,2476,18358,1925,,406,,Sold,,,https://www.redfin.com/MD/Rockville/109-N-Van-Buren-St-20850/home/10510062,BRIGHT MLS,MDMC2103480,N,Y,39.08558,-77.156313
PAST SALE,May-10-2023,Single Family Residential,5 Cleveland Ct,Rockville,MD,20850,950000,4,2.5,GLEN HILLS,2731,40026,1965,,348,,Sold,,,https://www.redfin.com/MD/Rockville/5-Cleveland-Ct-20850/home/10503637,BRIGHT MLS,MDMC2088750,N,Y,39.0688426,-77.1960071
PAST SALE,July-12-2023,Single Family Residential,620 Marcia Ln,Rockville,MD,20851,603000,3,1.5,TWINBROOK FOREST,1604,8897,1959,,376,,Sold,,,https://www.redfin.com/MD/Rockville/620-Marcia-Ln-20851/home/10515856,BRIGHT MLS,MDMC2093580,N,Y,39.0806761,-77.1110091
PAST SALE,July-21-2023,Single Family Residential,6913 Breezewood Ter,North Bethesda,MD,20852,1114591,5,3.5,TILDEN WOODS,3393,14849,1963,,328,,Sold,,,https://www.redfin.com/MD/Rockville/6913-Breezewood-Ter-20852/home/10506333,BRIGHT MLS,MDMC2095078,N,Y,39.0465272,-77.1418428
PAST SALE,August-29-2023,Townhouse,2201 Newton Dr,Rockville,MD,20850,599000,3,3.0,ROCKSHIRE TOWNHOUSES,1188,2282,1972,,504,81,Sold,,,https://www.redfin.com/MD/Rockville/2201-Newton-Dr-20850/home/10518930,BRIGHT MLS,MDMC2099302,N,Y,39.0788917,-77.1819959
PAST SALE,August-25-2023,Townhouse,10427 Procera Dr,Rockville,MD,20850,650000,4,3.5,WILLOWS OF POTOMAC,1956,1875,1999,,332,145,Sold,,,https://www.redfin.com/MD/Rockville/10427-Procera-Dr-20850/home/10550644,BRIGHT MLS,MDMC2100990,N,Y,39.0855622,-77.2170891
PAST SALE,May-26-2023,Single Family Residential,15405 Carrolton Rd,Rockville,MD,20853,825000,4,3.0,FLOWER VALLEY,3315,24295,1968,,249,,Sold,,,https://www.redfin.com/MD/Rockville/15405-Carrolton-Rd-20853/home/10706891,BRIGHT MLS,MDMC2090064,N,Y,39.1085885,-77.0926219
PAST SALE,June-6-2023,Single Family Residential,2409 Chilham Pl,Potomac,MD,20854,925000,6,3.0,MONTGOMERY SQUARE,3039,11022,1967,,304,,Sold,,,https://www.redfin.com/MD/Potomac/2409-Chilham-Pl-20854/home/10507792,BRIGHT MLS,MDMC2086408,N,Y,39.0587614,-77.1743309
PAST SALE,September-14-2023,Single Family Residential,13700 Drake Dr,Rockville,MD,20853,666777,4,3.0,ROCK CREEK MANOR,1926,14457,1965,,346,,Sold,,,https://www.redfin.com/MD/Rockville/13700-Drake-Dr-20853/home/11076170,BRIGHT MLS,MDMC2101422,N,Y,39.0808907,-77.1032769
PAST SALE,June-13-2023,Townhouse,10620 Forest Landing Way,Rockville,MD,20850,620000,3,3.5,STONEBRIDGE,1760,1500,1986,,352,112,Sold,,,https://www.redfin.com/MD/Rockville/10620-Forest-Landing-Way-20850/home/10619740,BRIGHT MLS,MDMC2094326,N,Y,39.1003149,-77.2191688
PAST SALE,May-11-2023,Single Family Residential,21 Hardwicke Pl,Rockville,MD,20850,1001000,6,2.5,ROCKSHIRE,3138,10987,1971,,319,67,Sold,,,https://www.redfin.com/MD/Rockville/21-Hardwicke-Pl-20850/home/10518745,BRIGHT MLS,MDMC2086448,N,Y,39.0836483,-77.1851358
PAST SALE,October-12-2023,Single Family Residential,11405 Farmland Dr,Rockville,MD,20852,1202200,4,2.5,OLD FARM,2868,13543,1965,,419,,Sold,,,https://www.redfin.com/MD/Rockville/11405-Farmland-Dr-20852/home/10505058,BRIGHT MLS,MDMC2105876,N,Y,39.0430279,-77.1427865
PAST SALE,June-16-2023,Single Family Residential,1506 Grandin Ave,Rockville,MD,20851,490000,4,2.0,BROADWOOD MANOR,1224,6737,1951,,400,,Sold,,,https://www.redfin.com/MD/Rockville/1506-Grandin-Ave-20851/home/10510188,BRIGHT MLS,MDMC2093240,N,Y,39.0782821,-77.1235952
PAST SALE,August-8-2023,Townhouse,5901 Empire Way,Rockville,MD,20852,890000,5,4.0,OLD GEORGETOWN VILLAGE,2925,3182,1980,,304,201,Sold,,,https://www.redfin.com/MD/Rockville/5901-Empire-Way-20852/home/10527891,BRIGHT MLS,MDMC2099098,N,Y,39.0411817,-77.1201958
PAST SALE,May-1-2023,Single Family Residential,14812 Rocking Spring Dr,Rockville,MD,20853,860000,6,3.5,MANOR LAKE,3458,9857,1968,,249,,Sold,,,https://www.redfin.com/MD/Rockville/14812-Rocking-Spring-Dr-20853/home/10709335,BRIGHT MLS,MDMC2080996,N,Y,39.0987719,-77.1057045
PAST SALE,June-30-2023,Townhouse,821 Oak Knoll Ter,Rockville,MD,20850,760000,3,3.5,FALLSGROVE,2532,2172,2003,,300,115,Sold,,,https://www.redfin.com/MD/Rockville/821-Oak-Knoll-Ter-20850/home/11190805,BRIGHT MLS,MDMC2093462,N,Y,39.0955783,-77.1894239
PAST SALE,May-18-2023,Single Family Residential,13719 Marianna Dr,Rockville,MD,20853,580000,4,3.0,ASPEN KNOLLS,1523,10939,1956,,381,,Sold,,,https://www.redfin.com/MD/Rockville/13719-Marianna-Dr-20853/home/11042856,BRIGHT MLS,MDMC2088162,N,Y,39.0816112,-77.0911383
PAST SALE,October-17-2023,Townhouse,10918 Wickshire Way Unit D-4,Rockville,MD,20852,710000,2,3.5,CREST OF WICKFORD,2432,,1972,,292,500,Sold,,,https://www.redfin.com/MD/Rockville/10918-Wickshire-Way-20852/unit-D-4/home/10522882,BRIGHT MLS,MDMC2106076,N,Y,39.0376533,-77.1092955
PAST SALE,August-31-2023,Townhouse,5728 Brewer House Cir,North Bethesda,MD,20852,951000,3,3.5,TUCKERMAN STATION,2624,2094,1985,,362,303,Sold,,,https://www.redfin.com/MD/Rockville/5728-Brewer-House-Cir-20852/home/10540455,BRIGHT MLS,MDMC2101606,N,Y,39.0323014,-77.1133654
PAST SALE,May-19-2023,Single Family Residential,515 Bradford Dr,Rockville,MD,20850,731500,4,3.0,WOODLEY GARDENS,2206,11809,1965,,332,,Sold,,,https://www.redfin.com/MD/Rockville/515-Bradford-Dr-20850/home/10516897,BRIGHT MLS,MDMC2089826,N,Y,39.0955727,-77.1619298
PAST SALE,July-6-2023,Single Family Residential,16111 Sycamore Ln,Rockville,MD,20853,1060000,4,3.0,SYCAMORE ACRES,3436,50094,1974,,308,,Sold,,,https://www.redfin.com/MD/Rockville/16111-Sycamore-Ln-20853/home/10705489,BRIGHT MLS,MDMC2093594,N,Y,39.1210288,-77.0892274
PAST SALE,May-15-2023,Single Family Residential,803 Lynn Ct,Rockville,MD,20850,503500,3,1.5,BURGUNDY KNOLLS,2000,6490,1956,,252,,Sold,,,https://www.redfin.com/MD/Rockville/803-Lynn-Ct-20850/home/10510413,BRIGHT MLS,MDMC2081676,N,Y,39.0884494,-77.1353205
PAST SALE,July-10-2023,Single Family Residential,13820 Marianna Dr,Rockville,MD,20853,550000,3,2.5,ASPEN KNOLLS,1828,9000,1959,,301,,Sold,,,https://www.redfin.com/MD/Rockville/13820-Marianna-Dr-20853/home/11043036,BRIGHT MLS,MDMC2095718,N,Y,39.0843272,-77.0903739
PAST SALE,October-11-2023,Single Family Residential,16225 Monty Ct,Rockville,MD,20853,710000,4,2.5,ELLENWOOD,2294,17780,1985,,310,,Sold,,,https://www.redfin.com/MD/Rockville/16225-Monty-Ct-20853/home/10718372,BRIGHT MLS,MDMC2106168,N,Y,39.1228764,-77.0944653
PAST SALE,May-19-2023,Single Family Residential,18 Woodsend Ct,Potomac,MD,20854,655000,4,2.0,SADDLEBROOK,1848,10500,1973,,354,,Sold,,,https://www.redfin.com/MD/Rockville/18-Woodsend-Ct-20854/home/10520910,BRIGHT MLS,MDMC2085492,N,Y,39.0758641,-77.1686247
PAST SALE,August-4-2023,Single Family Residential,13516 Grenoble Dr,Rockville,MD,20853,581000,5,3.0,WHEATON WOODS,2380,8499,1954,,244,,Sold,,,https://www.redfin.com/MD/Rockville/13516-Grenoble-Dr-20853/home/11034346,BRIGHT MLS,MDMC2097376,N,Y,39.0783928,-77.0895646
PAST SALE,September-5-2023,Single Family Residential,5903 Holland Rd,Rockville,MD,20851,638000,3,2.0,HALPINE VILLAGE,1480,6269,1955,,431,,Sold,,,https://www.redfin.com/MD/Rockville/5903-Holland-Rd-20851/home/10510888,BRIGHT MLS,MDMC2103618,N,Y,39.065814,-77.1187857
PAST SALE,May-8-2023,Townhouse,878 Thompson Cres,North Bethesda,MD,20852,842500,3,3.5,CHAPMAN ROW CODM,2554,,2020,,330,261,Sold,,,https://www.redfin.com/MD/Rockville/878-Thompson-Cres-20852/home/184892241,BRIGHT MLS,MDMC2087552,N,Y,39.0595974,-77.1183621
PAST SALE,May-31-2023,Single Family Residential,14414 Myer Ter,Rockville,MD,20853,697000,4,2.5,MANOR WOODS,2300,8964,1966,,303,,Sold,,,https://www.redfin.com/MD/Rockville/14414-Myer-Ter-20853/home/11081590,BRIGHT MLS,MDMC2090324,N,Y,39.0937899,-77.1058843
PAST SALE,May-15-2023,Single Family Residential,11400 Rolling House Rd,Rockville,MD,20852,1489000,5,4.5,OLD FARM,3309,10371,1966,,450,,Sold,,,https://www.redfin.com/MD/Rockville/11400-Rolling-House-Rd-20852/home/10505264,BRIGHT MLS,MDMC2090508,N,Y,39.0423071,-77.1435056
PAST SALE,September-29-2023,Single Family Residential,7 Manorvale Ct,Rockville,MD,20853,649999,5,2.5,ROCK CREEK MANOR,2032,15168,1967,,320,,Sold,,,https://www.redfin.com/MD/Rockville/7-Manorvale-Ct-20853/home/11076686,BRIGHT MLS,MDMC2100826,N,Y,39.0847419,-77.1083568
PAST SALE,September-22-2023,Single Family Residential,12113 Galena Rd,Rockville,MD,20852,610000,3,2.0,FRANKLIN PARK,1484,9138,1956,,411,,Sold,,,https://www.redfin.com/MD/Rockville/12113-Galena-Rd-20852/home/10503836,BRIGHT MLS,MDMC2104086,N,Y,39.0552824,-77.0944653
PAST SALE,October-16-2023,Townhouse,33 Ritchfield Ct,Rockville,MD,20850,575000,2,3.0,ROCKSHIRE TOWNHOUSES,1920,1700,1982,,299,81,Sold,,,https://www.redfin.com/MD/Rockville/33-Ritchfield-Ct-20850/home/10537806,BRIGHT MLS,MDMC2107310,N,Y,39.0797953,-77.1825561
PAST SALE,July-21-2023,Single Family Residential,727 Beall Ave,Rockville,MD,20850,800000,4,2.0,WEST END PARK,2314,8750,1963,,346,,Sold,,,https://www.redfin.com/MD/Rockville/727-Beall-Ave-20850/home/10516723,BRIGHT MLS,MDMC2096940,N,Y,39.0886847,-77.1695617
PAST SALE,June-29-2023,Single Family Residential,4004 Thistlebridge Way,Rockville,MD,20853,1100000,4,3.5,SMALLS NURSERY,5700,15032,2000,,193,67,Sold,,,https://www.redfin.com/MD/Rockville/4004-Thistlebridge-Way-20853/home/10734782,BRIGHT MLS,MDMC2094072,N,Y,39.1181841,-77.0822358
PAST SALE,October-2-2023,Townhouse,617 W Lynfield Dr,Rockville,MD,20850,515000,4,2.0,LYNFIELD,1769,5205,1953,,291,,Sold,,,https://www.redfin.com/MD/Rockville/617-W-Lynfield-Dr-20850/home/10511950,BRIGHT MLS,MDMC2103452,N,Y,39.0761796,-77.1506026
PAST SALE,August-28-2023,Townhouse,14313 Potomac Heights Ln,Rockville,MD,20850,854000,4,3.5,TRAVILAH STATION,2139,1594,2019,,399,131,Sold,,,https://www.redfin.com/MD/Rockville/14313-Potomac-Heights-Ln-20850/home/166451596,BRIGHT MLS,MDMC2100892,N,Y,39.0900119,-77.2116722
PAST SALE,October-20-2023,Townhouse,10718 Brewer House Rd,Rockville,MD,20852,907000,4,3.5,TUCKERMAN STATION,2624,2109,1988,,346,303,Sold,,,https://www.redfin.com/MD/Rockville/10718-Brewer-House-Rd-20852/home/10540496,BRIGHT MLS,MDMC2104676,N,Y,39.0326325,-77.1144082
PAST SALE,September-18-2023,Townhouse,321 Charles St,Rockville,MD,20850,315000,2,2.5,MARYVALE,712,1272,1986,,442,125,Sold,,,https://www.redfin.com/MD/Rockville/321-Charles-St-20850/home/10541407,BRIGHT MLS,MDMC2098974,N,Y,39.0885463,-77.1384046
PAST SALE,June-2-2023,Single Family Residential,401 Mannakee St,Rockville,MD,20850,720000,4,2.0,WEST END PARK,1935,7700,1963,,372,,Sold,,,https://www.redfin.com/MD/Rockville/401-Mannakee-St-20850/home/10516546,BRIGHT MLS,MDMC2089572,N,Y,39.0906003,-77.165794
PAST SALE,May-25-2023,Townhouse,5610 Hogenhill Ter,Rockville,MD,20853,540000,3,3.0,ROCK CREEK MANOR,1806,3681,1983,,299,75,Sold,,,https://www.redfin.com/MD/Rockville/5610-Hogenhill-Ter-20853/home/11111143,BRIGHT MLS,MDMC2091396,N,Y,39.0942247,-77.113204
PAST SALE,August-30-2023,Single Family Residential,1102 Parrish Dr,Rockville,MD,20851,575000,4,2.0,ROCKCREST,1682,6960,1953,,342,,Sold,,,https://www.redfin.com/MD/Rockville/1102-Parrish-Dr-20851/home/10513025,BRIGHT MLS,MDMC2098612,N,Y,39.0714445,-77.1293934
PAST SALE,May-17-2023,Single Family Residential,14407 Briarwood Ter,Rockville,MD,20853,615000,4,3.0,MANOR WOODS,2250,13657,1965,,273,,Sold,,,https://www.redfin.com/MD/Rockville/14407-Briarwood-Ter-20853/home/11082051,BRIGHT MLS,MDMC2084072,N,Y,39.0924898,-77.0942854
PAST SALE,May-31-2023,Townhouse,24 Marwood Ct,Rockville,MD,20850,532500,3,2.0,ROCKSHIRE TOWNHOUSES,1188,1540,1973,,448,81,Sold,,,https://www.redfin.com/MD/Rockville/24-Marwood-Ct-20850/home/10520443,BRIGHT MLS,MDMC2089428,N,Y,39.0836169,-77.173371
PAST SALE,August-23-2023,Single Family Residential,11412 Ashley Dr,Rockville,MD,20852,535000,3,2.0,RANDOLPH HILLS,1820,6309,1956,,294,,Sold,,,https://www.redfin.com/MD/Rockville/11412-Ashley-Dr-20852/home/10503298,BRIGHT MLS,MDMC2099006,N,Y,39.0431317,-77.0918127
PAST SALE,September-8-2023,Single Family Residential,4221 Bel Pre Rd,Rockville,MD,20853,602130,4,2.5,BEL PRE WOODS,1953,9000,1961,,308,,Sold,,,https://www.redfin.com/MD/Rockville/4221-Bel-Pre-Rd-20853/home/11065958,BRIGHT MLS,MDMC2101266,N,Y,39.0930522,-77.0857429
PAST SALE,September-25-2023,Single Family Residential,4209 Great Oak Rd,Rockville,MD,20853,850000,3,2.5,MANOR PARK,2321,22000,1978,,366,,Sold,,,https://www.redfin.com/MD/Rockville/4209-Great-Oak-Rd-20853/home/10989371,BRIGHT MLS,MDMC2102584,N,Y,39.1053693,-77.0838994
PAST SALE,June-16-2023,Single Family Residential,7 Clemson Ct,Rockville,MD,20850,750000,4,2.5,COLLEGE GARDENS,1927,10510,1968,,389,,Sold,,,https://www.redfin.com/MD/Rockville/7-Clemson-Ct-20850/home/10517110,BRIGHT MLS,MDMC2094176,N,Y,39.0992947,-77.1619298
PAST SALE,July-10-2023,Single Family Residential,1400 Bradley Ave,Rockville,MD,20851,595000,5,2.0,TWINBROOK FOREST,1569,8208,1955,,379,,Sold,,,https://www.redfin.com/MD/Rockville/1400-Bradley-Ave-20851/home/10516277,BRIGHT MLS,MDMC2095424,N,Y,39.0827146,-77.1217924
PAST SALE,June-27-2023,Single Family Residential,6004 Lemay Rd,Rockville,MD,20851,545400,5,2.0,TWINBROOK,1400,8127,1952,,390,,Sold,,,https://www.redfin.com/MD/Rockville/6004-Lemay-Rd-20851/home/10515045,BRIGHT MLS,MDMC2093698,N,Y,39.0661556,-77.121123
PAST SALE,July-28-2023,Single Family Residential,9010 Scott Dr,Rockville,MD,20850,1060000,5,3.5,HORIZON HILL,3910,33747,1984,,271,,Sold,,,https://www.redfin.com/MD/Rockville/9010-Scott-Dr-20850/home/10539656,BRIGHT MLS,MDMC2097444,N,Y,39.0730262,-77.1852032
PAST SALE,June-21-2023,Single Family Residential,401 Park Rd,Rockville,MD,20850,715000,5,3.0,HARRIETT PARK,1785,7269,1972,,401,,Sold,,,https://www.redfin.com/MD/Rockville/401-Park-Rd-20850/home/10510938,BRIGHT MLS,MDMC2090056,N,Y,39.0866264,-77.1420225
PAST SALE,May-30-2023,Single Family Residential,303 Grand Champion Dr,Rockville,MD,20850,1000000,4,3.5,KING FARM WATKINS POND,3698,3800,2002,,270,123,Sold,,,https://www.redfin.com/MD/Rockville/303-Grand-Champion-Dr-20850/home/10554085,BRIGHT MLS,MDMC2089302,N,Y,39.1113421,-77.1649011
PAST SALE,September-5-2023,Townhouse,15622 Cliff Swallow Way,Rockville,MD,20853,485000,3,3.5,NORBECK MANOR,1979,1680,1988,,245,32,Sold,,,https://www.redfin.com/MD/Rockville/15622-Cliff-Swallow-Way-20853/home/10721954,BRIGHT MLS,MDMC2102272,N,Y,39.1141783,-77.1011752
PAST SALE,,Single Family Residential,4816 Oxbow Rd,Rockville,MD,20852,478500,,1.5,,1664,6891,1954,,288,,,,,https://www.redfin.com/MD/Rockville/4816-Oxbow-Rd-20852/home/10502644,,,N,Y,39.0478306,-77.0974381
PAST SALE,September-29-2023,Single Family Residential,14407 Nadine Dr,Rockville,MD,20853,490000,5,2.5,MANOR WOODS,1994,9806,1966,,246,,Sold,,,https://www.redfin.com/MD/Rockville/14407-Nadine-Dr-20853/home/11081160,BRIGHT MLS,MDMC2104514,N,Y,39.0928661,-77.1015686
PAST SALE,July-21-2023,Single Family Residential,4816 Creek Shore Dr,Rockville,MD,20852,561000,3,1.5,RANDOLPH HILLS,1820,6144,1957,,308,,Sold,,,https://www.redfin.com/MD/Rockville/4816-Creek-Shore-Dr-20852/home/10503200,BRIGHT MLS,MDMC2096246,N,Y,39.0437026,-77.0968066
PAST SALE,May-17-2023,Townhouse,11032 Wickshire Way Unit B-2,North Bethesda,MD,20852,730000,3,3.5,CREST OF WICKFORD,2421,,1972,,302,500,Sold,,,https://www.redfin.com/MD/Rockville/11032-Wickshire-Way-20852/unit-B-2/home/10521208,BRIGHT MLS,MDMC2089552,N,Y,39.0379109,-77.1096492
PAST SALE,September-8-2023,Single Family Residential,14112 Chesterfield Rd,Rockville,MD,20853,525000,4,2.5,ENGLISH MANOR,2086,10963,1961,,252,,Sold,,,https://www.redfin.com/MD/Rockville/14112-Chesterfield-Rd-20853/home/11063286,BRIGHT MLS,MDMC2103946,N,Y,39.0890853,-77.0856979
PAST SALE,July-14-2023,Single Family Residential,1029 Paul Dr,Rockville,MD,20851,560000,4,2.0,ROCKCREST,1463,6417,1942,,383,,Sold,,,https://www.redfin.com/MD/Rockville/1029-Paul-Dr-20851/home/10513127,BRIGHT MLS,MDMC2094840,N,Y,39.0771963,-77.1339328
PAST SALE,August-7-2023,Single Family Residential,11115 Schuylkill Rd,Rockville,MD,20852,620000,5,2.0,RANDOLPH HILLS,2520,9088,1961,,246,,Sold,,,https://www.redfin.com/MD/Rockville/11115-Schuylkill-Rd-20852/home/10503080,BRIGHT MLS,MDMC2100558,N,Y,39.038047,-77.0883905
PAST SALE,September-14-2023,Single Family Residential,8 James Spring Ct,Rockville,MD,20850,1199000,4,2.5,FALLSMEAD,3320,9626,1973,,361,113,Sold,,,https://www.redfin.com/MD/Rockville/8-James-Spring-Ct-20850/home/10520546,BRIGHT MLS,MDMC2102486,N,Y,39.076615,-77.1800367
PAST SALE,May-15-2023,Single Family Residential,13212 Ridge Dr,Rockville,MD,20850,940000,3,3.0,GLEN HILLS,2268,44800,1960,,414,,Sold,,,https://www.redfin.com/MD/Rockville/13212-Ridge-Dr-20850/home/10503783,BRIGHT MLS,MDMC2083262,N,Y,39.0720571,-77.2020488
PAST SALE,June-30-2023,Single Family Residential,11520 Patapsco Dr,Rockville,MD,20852,609000,3,2.0,RANDOLPH HILLS,2368,6000,1956,,257,,Sold,,,https://www.redfin.com/MD/Rockville/11520-Patapsco-Dr-20852/home/10503443,BRIGHT MLS,MDMC2093744,N,Y,39.044835,-77.0934312
PAST SALE,May-15-2023,Single Family Residential,13416 Valley Dr,Rockville,MD,20850,1050000,4,3.5,GLEN HILLS,2514,34688,1962,,418,,Sold,,,https://www.redfin.com/MD/Rockville/13416-Valley-Dr-20850/home/10503787,BRIGHT MLS,MDMC2085938,N,Y,39.0775502,-77.2015772
PAST SALE,May-1-2023,Single Family Residential,4301 Oaktree Rd,Rockville,MD,20853,800000,4,2.5,SYCAMORE ACRES,2508,57499,1966,,319,,Sold,,,https://www.redfin.com/MD/Rockville/4301-Oaktree-Rd-20853/home/10705453,BRIGHT MLS,MDMC2083792,N,Y,39.1188668,-77.0847537
PAST SALE,September-29-2023,Townhouse,10501 Smithy Ct,North Potomac,MD,20878,600000,3,3.5,STONEBRIDGE,1500,2100,1988,,400,112,Sold,,,https://www.redfin.com/MD/North-Potomac/10501-Smithy-Ct-20878/home/10623096,BRIGHT MLS,MDMC2104190,N,Y,39.0992491,-77.2175335
PAST SALE,October-5-2023,Single Family Residential,809 Gail Ave,Rockville,MD,20851,617500,3,2.5,ROCKCREST,1564,6068,1940,,395,,Sold,,,https://www.redfin.com/MD/Rockville/809-Gail-Ave-20851/home/10513038,BRIGHT MLS,MDMC2105844,N,Y,39.0779082,-77.1370789
PAST SALE,June-23-2023,Townhouse,10808 Brewer House Rd,North Bethesda,MD,20852,745000,3,2.5,TUCKERMAN STATION,2544,1866,1987,,293,268,Sold,,,https://www.redfin.com/MD/Rockville/10808-Brewer-House-Rd-20852/home/10540592,BRIGHT MLS,MDMC2092988,N,Y,39.0340591,-77.1137961
PAST SALE,June-27-2023,Single Family Residential,13402 Turkey Branch Pkwy,Rockville,MD,20853,471000,3,1.5,WHEATON WOODS,1526,6290,1960,,309,,Sold,,,https://www.redfin.com/MD/Rockville/13402-Turkey-Branch-Pkwy-20853/home/11035684,BRIGHT MLS,MDMC2092244,N,Y,39.076008,-77.0821908
PAST SALE,July-13-2023,Single Family Residential,218 Upton St,Rockville,MD,20850,532000,3,2.5,BEALLS SUB,1962,6748,1969,,271,,Sold,,,https://www.redfin.com/MD/Rockville/218-Upton-St-20850/home/10510096,BRIGHT MLS,MDMC2094774,N,Y,39.0886493,-77.1575852
PAST SALE,October-19-2023,Single Family Residential,9600 Autumn Oaks Ct,Rockville,MD,20850,1463000,5,4.5,GLEN HILLS,4341,40913,1991,,337,57,Sold,,,https://www.redfin.com/MD/Rockville/9600-Autumn-Oaks-Ct-20850/home/10546349,BRIGHT MLS,MDMC2106958,N,Y,39.0719281,-77.1972874
PAST SALE,October-25-2023,Single Family Residential,12016 Old Bridge Rd,North Bethesda,MD,20852,1235000,6,4.5,OLD FARM,4216,11146,1967,,293,,Sold,,,https://www.redfin.com/MD/Rockville/12016-Old-Bridge-Rd-20852/home/10505159,BRIGHT MLS,MDMC2105288,N,Y,39.0530804,-77.1459848
PAST SALE,September-26-2023,Single Family Residential,1015 Brice Rd,Rockville,MD,20852,555000,3,2.0,HUNGERFORD,1430,7200,1959,,388,,Sold,,,https://www.redfin.com/MD/Rockville/1015-Brice-Rd-20852/home/10511330,BRIGHT MLS,MDMC2104738,N,Y,39.0728324,-77.1424671
PAST SALE,May-17-2023,Single Family Residential,614 Douglass Ave,Rockville,MD,20850,550000,5,2.0,LINCOLN PARK,1800,10300,1959,,306,,Sold,,,https://www.redfin.com/MD/Rockville/614-Douglass-Ave-20850/home/10511893,BRIGHT MLS,MDMC2086350,N,Y,39.0933026,-77.147685
PAST SALE,September-27-2023,Single Family Residential,5112 Lupine Ct,Rockville,MD,20853,900000,4,2.5,FLOWER VALLEY,3383,20270,1970,,266,,Sold,,,https://www.redfin.com/MD/Rockville/5112-Lupine-Ct-20853/home/10707000,BRIGHT MLS,MDMC2100674,N,Y,39.1046669,-77.1033219
PAST SALE,October-19-2023,Single Family Residential,10201 Shining Willow Dr,Rockville,MD,20850,1430000,5,4.5,WILLOWS OF POTOMAC,5152,10815,2000,,278,112,Sold,,,https://www.redfin.com/MD/Rockville/10201-Shining-Willow-Dr-20850/home/10550550,BRIGHT MLS,MDMC2105580,N,Y,39.0842209,-77.2113466
PAST SALE,May-23-2023,Single Family Residential,2500 Lindley Ter,Rockville,MD,20850,815000,4,2.5,ROCKSHIRE,1728,12838,1974,,472,64,Sold,,,https://www.redfin.com/MD/Rockville/2500-Lindley-Ter-20850/home/10510830,BRIGHT MLS,MDMC2091132,N,Y,39.0865128,-77.1887522
PAST SALE,August-11-2023,Townhouse,5407 Nibud Ct #4,Rockville,MD,20852,780000,4,3.5,GROSVENOR PK TOWNH CODM,2267,,1985,,344,260,Sold,,,https://www.redfin.com/MD/Rockville/5407-Nibud-Ct-20852/unit-4/home/10543207,BRIGHT MLS,MDMC2098766,N,Y,39.0261143,-77.1079522
PAST SALE,May-1-2023,Townhouse,10521 Smithy Ct,North Potomac,MD,20878,580000,3,3.5,STONEBRIDGE,1800,1400,1987,,322,69,Sold,,,https://www.redfin.com/MD/North-Potomac/10521-Smithy-Ct-20878/home/10623075,BRIGHT MLS,MDMC2086942,N,Y,39.099427,-77.2185811
PAST SALE,June-5-2023,Single Family Residential,13567 Glen Mill Rd,Rockville,MD,20850,1075000,5,3.0,GLEN HILLS,4578,53975,1962,,235,,Sold,,,https://www.redfin.com/MD/Rockville/13567-Glen-Mill-Rd-20850/home/10503601,BRIGHT MLS,MDMC2085160,N,Y,39.0774072,-77.2029921
PAST SALE,October-10-2023,Single Family Residential,3 Baffin Bay Ct,Rockville,MD,20853,500000,4,2.5,MANOR WOODS,2173,14042,1965,,230,,Sold,,,https://www.redfin.com/MD/Rockville/3-Baffin-Bay-Ct-20853/home/11081818,BRIGHT MLS,MDMC2107630,N,Y,39.0969227,-77.1013438
PAST SALE,July-18-2023,Townhouse,11133 Cedarwood Dr,Rockville,MD,20852,875000,3,3.0,TIMBERLAWN,2178,1859,1987,,402,196,Sold,,,https://www.redfin.com/MD/Rockville/11133-Cedarwood-Dr-20852/home/10542969,BRIGHT MLS,MDMC2094270,N,Y,39.0357243,-77.1221456
PAST SALE,July-11-2023,Townhouse,708 Reserve Champion Dr,Rockville,MD,20850,650000,4,3.5,KING FARM WATKINS POND,2153,1500,2000,,302,123,Sold,,,https://www.redfin.com/MD/Rockville/708-Reserve-Champion-Dr-20850/home/10553676,BRIGHT MLS,MDMC2094522,N,Y,39.1110558,-77.1721406
PAST SALE,June-23-2023,Single Family Residential,13603 Daphney House Ct,Rockville,MD,20850,1715000,4,4.5,WILLOWS OF POTOMAC,6374,19813,1999,,269,83,Sold,,,https://www.redfin.com/MD/Rockville/13603-Daphney-House-Ct-20850/home/10550573,BRIGHT MLS,MDMC2093192,N,Y,39.0813312,-77.2103809
PAST SALE,October-17-2023,Single Family Residential,635 Blandford St,Rockville,MD,20850,468000,3,1.0,LYNFIELD,864,6000,1952,,542,,Sold,,,https://www.redfin.com/MD/Rockville/635-Blandford-St-20850/home/10511902,BRIGHT MLS,MDMC2108112,N,Y,39.0756562,-77.152044
PAST SALE,October-6-2023,Townhouse,12526 Ansin Circle Dr,Potomac,MD,20854,1250000,4,4.5,WHEEL OF FORTUNE,2400,1306,2007,,521,261,Sold,,,https://www.redfin.com/MD/Potomac/12526-Ansin-Circle-Dr-20854/home/35615162,BRIGHT MLS,MDMC2105456,N,Y,39.0607071,-77.1591245
PAST SALE,July-12-2023,Townhouse,232 Pender Pl,Rockville,MD,20850,588000,3,2.5,ROCKSHIRE TOWNHOUSES,1188,2080,1973,,495,81,Sold,,,https://www.redfin.com/MD/Rockville/232-Pender-Pl-20850/home/10520365,BRIGHT MLS,MDMC2096096,N,Y,39.082454,-77.1740955
PAST SALE,July-7-2023,Townhouse,544 Monet Dr,Rockville,MD,20850,650000,3,2.5,ROCKSHIRE TOWNHOUSES,1496,1617,1971,,434,80,Sold,,,https://www.redfin.com/MD/Rockville/544-Monet-Dr-20850/home/10518565,BRIGHT MLS,MDMC2097876,N,Y,39.0818796,-77.1803686
PAST SALE,August-7-2023,Single Family Residential,14731 Myer Ter,Rockville,MD,20853,725000,5,4.0,MANOR WOODS,2915,10143,1966,,249,,Sold,,,https://www.redfin.com/MD/Rockville/14731-Myer-Ter-20853/home/11082991,BRIGHT MLS,MDMC2099112,N,Y,39.0979961,-77.1001414
PAST SALE,August-17-2023,Single Family Residential,309 Lorraine Dr,North Bethesda,MD,20852,950000,4,3.5,MONTROSE,2472,13055,1961,,384,,Sold,,,https://www.redfin.com/MD/Rockville/309-Lorraine-Dr-20852/home/10512283,BRIGHT MLS,MDMC2100980,N,Y,39.0577404,-77.1278652
PAST SALE,April-28-2023,Single Family Residential,1026 Gilbert Rd,Rockville,MD,20851,505000,4,3.0,SILVER ROCK,1344,5800,1953,,376,,Sold,,,https://www.redfin.com/MD/Rockville/1026-Gilbert-Rd-20851/home/10514613,BRIGHT MLS,MDMC2086454,N,Y,39.0824588,-77.1308766
PAST SALE,May-17-2023,Single Family Residential,3 Chinkapin Ct,Rockville,MD,20850,1300000,5,4.5,WILLOWS OF POTOMAC,4016,9397,2002,,324,60,Sold,,,https://www.redfin.com/MD/Rockville/3-Chinkapin-Ct-20850/home/10550368,BRIGHT MLS,MDMC2088720,N,Y,39.0866786,-77.2151077
PAST SALE,,Single Family Residential,1607 Bradley Ave,Rockville,MD,20851,495000,4,2.0,,1287,6380,1954,,385,,,,,https://www.redfin.com/MD/Rockville/1607-Bradley-Ave-20851/home/10515895,,,N,Y,39.0805898,-77.1199
PAST SALE,September-26-2023,Single Family Residential,4000 Fox Valley Dr,Rockville,MD,20853,1150000,5,4.5,BROOKE MANOR,5542,15815,1998,,208,103,Sold,,,https://www.redfin.com/MD/Rockville/4000-Fox-Valley-Dr-20853/home/10728572,BRIGHT MLS,MDMC2103486,N,Y,39.1234558,-77.0839444
PAST SALE,June-15-2023,Townhouse,2031 Ashleigh Woods Ct,Rockville,MD,20851,716000,3,2.5,PT ROCKVILLE TWN RES. 3,2660,2158,1999,,269,153,Sold,,,https://www.redfin.com/MD/Rockville/2031-Ashleigh-Woods-Ct-20851/home/11175030,BRIGHT MLS,MDMC2084870,N,Y,39.0868387,-77.1151514
PAST SALE,July-13-2023,Townhouse,307 Potter Ln,Rockville,MD,20850,695000,4,3.5,FALLSGROVE,1993,1107,2002,,349,96,Sold,,,https://www.redfin.com/MD/Rockville/307-Potter-Ln-20850/home/11175838,BRIGHT MLS,MDMC2097212,N,Y,39.0945344,-77.1914974
PAST SALE,July-31-2023,Single Family Residential,507 Golden Oak Ter,Rockville,MD,20850,1095000,3,2.5,FALLSGROVE,3349,4950,2003,,327,145,Sold,,,https://www.redfin.com/MD/Rockville/507-Golden-Oak-Ter-20850/home/11190906,BRIGHT MLS,MDMC2096908,N,Y,39.0964776,-77.1876673
PAST SALE,June-29-2023,Single Family Residential,1904 Lewis Ave,Rockville,MD,20851,510000,3,1.0,ROCKLAND,1516,7534,1955,,336,,Sold,,,https://www.redfin.com/MD/Rockville/1904-Lewis-Ave-20851/home/10513898,BRIGHT MLS,MDMC2092846,N,Y,39.0700377,-77.1282697
PAST SALE,May-19-2023,Single Family Residential,213 Currier Dr,Rockville,MD,20850,815000,3,2.5,ROCKSHIRE,1716,9880,1972,,475,64,Sold,,,https://www.redfin.com/MD/Rockville/213-Currier-Dr-20850/home/10518686,BRIGHT MLS,MDMC2091822,N,Y,39.0816144,-77.176757
PAST SALE,August-25-2023,Townhouse,6438 Needle Leaf Dr,Rockville,MD,20852,720000,4,3.0,GRAYROB,2205,1619,1981,,327,195,Sold,,,https://www.redfin.com/MD/Rockville/6438-Needle-Leaf-Dr-20852/home/10528800,BRIGHT MLS,MDMC2102278,N,Y,39.0519619,-77.1309122
PAST SALE,August-11-2023,Townhouse,1024 Crestfield Dr,Rockville,MD,20850,780000,3,2.5,KING FARM BAILEYS COMMONS NORTH,2374,3595,2003,,329,123,Sold,,,https://www.redfin.com/MD/Rockville/1024-Crestfield-Dr-20850/home/11188048,BRIGHT MLS,MDMC2100356,N,Y,39.1151137,-77.1752542
PAST SALE,June-15-2023,Single Family Residential,317 Oak Knoll Dr,Rockville,MD,20850,1125000,3,2.5,FALLSGROVE,3349,5000,2002,,336,145,Sold,,,https://www.redfin.com/MD/Rockville/317-Oak-Knoll-Dr-20850/home/11175938,BRIGHT MLS,MDMC2089582,N,Y,39.0943845,-77.1903633
PAST SALE,October-16-2023,Single Family Residential,14012 Bardot St,Rockville,MD,20853,630000,4,3.0,BEL PRE WOODS,1822,9000,1964,,346,,Sold,,,https://www.redfin.com/MD/Rockville/14012-Bardot-St-20853/home/11065367,BRIGHT MLS,MDMC2106038,N,Y,39.0863084,-77.0905538
PAST SALE,September-5-2023,Single Family Residential,3006 Windy Knoll Ct,Rockville,MD,20850,1030000,3,2.5,ROCKSHIRE,3275,4689,1991,,315,65,Sold,,,https://www.redfin.com/MD/Rockville/3006-Windy-Knoll-Ct-20850/home/10546396,BRIGHT MLS,MDMC2102068,N,Y,39.0916211,-77.19293
PAST SALE,June-13-2023,Townhouse,13 Bloomingdale Ct,Rockville,MD,20852,995000,3,3.5,TIMBERLAWN,2662,2219,1988,,374,135,Sold,,,https://www.redfin.com/MD/Rockville/13-Bloomingdale-Ct-20852/home/10543597,BRIGHT MLS,MDMC2091466,N,Y,39.0363403,-77.1176636
PAST SALE,May-31-2023,Townhouse,11005 Cedarwood Dr,Rockville,MD,20852,965000,3,3.0,TIMBERLAWN,2276,2401,1987,,424,196,Sold,,,https://www.redfin.com/MD/Rockville/11005-Cedarwood-Dr-20852/home/10542823,BRIGHT MLS,MDMC2087678,N,Y,39.0343576,-77.1231893
PAST SALE,May-15-2023,Single Family Residential,826 Fordham St,Rockville,MD,20850,795000,5,3.5,COLLEGE GARDENS,2063,9200,1969,,385,,Sold,,,https://www.redfin.com/MD/Rockville/826-Fordham-St-20850/home/10517228,BRIGHT MLS,MDMC2085728,N,Y,39.1043383,-77.1680406
PAST SALE,May-1-2023,Single Family Residential,14211 Myer Ter,Rockville,MD,20853,650000,4,3.0,MANOR WOODS,2097,17183,1967,,310,,Sold,,,https://www.redfin.com/MD/Rockville/14211-Myer-Ter-20853/home/11082765,BRIGHT MLS,MDMC2086610,N,Y,39.0895212,-77.1038613
PAST SALE,August-31-2023,Single Family Residential,933 Willowleaf Way,Potomac,MD,20854,919500,4,2.5,ORCHARD RIDGE,3001,9727,1986,,306,10,Sold,,,https://www.redfin.com/MD/Rockville/933-Willowleaf-Way-20854/home/10542180,BRIGHT MLS,MDMC2094328,N,Y,39.0689221,-77.1641765
PAST SALE,,Single Family Residential,1852 Greenplace Ter,Rockville,MD,20850,946000,,2.5,,2370,9235,1973,,399,,,,,https://www.redfin.com/MD/Rockville/1852-Greenplace-Ter-20850/home/10520488,,,N,Y,39.0742626,-77.1814744
PAST SALE,August-7-2023,Townhouse,924 King Farm Blvd,Rockville,MD,20850,654000,3,3.5,KING FARM IRVINGTON CENTRE,1780,1077,2017,,367,131,Sold,,,https://www.redfin.com/MD/Rockville/924-King-Farm-Blvd-20850/home/101736513,BRIGHT MLS,MDMC2098948,N,Y,39.1100803,-77.183258
PAST SALE,July-28-2023,Single Family Residential,16458 Emory Ln,Rockville,MD,20853,890000,4,4.5,OLNEY OUT RES(2),5128,31981,1995,,174,,Sold,,,https://www.redfin.com/MD/Rockville/16458-Emory-Ln-20853/home/10724102,BRIGHT MLS,MDMC2094376,N,Y,39.1273622,-77.085608
PAST SALE,June-16-2023,Townhouse,6404 Montrose Rd #6404,Rockville,MD,20852,615000,3,3.0,MONTROSE WOODS CODM,1506,,1977,,408,422,Sold,,,https://www.redfin.com/MD/Rockville/6404-Montrose-Rd-20852/unit-6404/home/10526310,BRIGHT MLS,MDMC2093344,N,Y,39.0530024,-77.1321969
PAST SALE,July-28-2023,Single Family Residential,13908 Glen Mill Rd,Rockville,MD,20850,1485000,7,6.5,PT ROCKVILLE OUT RES. 3,6032,20000,2000,,246,,Sold,,,https://www.redfin.com/MD/Rockville/13908-Glen-Mill-Rd-20850/home/10554276,BRIGHT MLS,MDMC2097528,N,Y,39.0855783,-77.1974446
PAST SALE,May-17-2023,Single Family Residential,7037 Wolftree Ln,Rockville,MD,20852,1271500,5,4.5,OLD FARM,3926,12947,1961,,324,,Sold,,,https://www.redfin.com/MD/Rockville/7037-Wolftree-Ln-20852/home/10505426,BRIGHT MLS,MDMC2089412,N,Y,39.0529655,-77.1428315
PAST SALE,June-12-2023,Townhouse,15632 Cliff Swallow Way,Rockville,MD,20853,515107,3,3.5,NORBECK MANOR,2052,1680,1988,,251,32,Sold,,,https://www.redfin.com/MD/Rockville/15632-Cliff-Swallow-Way-20853/home/10721947,BRIGHT MLS,MDMC2092942,N,Y,39.114417,-77.1010741
PAST SALE,August-22-2023,Townhouse,10920 Bloomingdale Dr,Rockville,MD,20852,910000,3,3.0,TIMBERLAWN,2776,2816,1988,,328,135,Sold,,,https://www.redfin.com/MD/Rockville/10920-Bloomingdale-Dr-20852/home/10543480,BRIGHT MLS,MDMC2101216,N,Y,39.0357254,-77.118243
PAST SALE,September-22-2023,Townhouse,1454 Piccard Dr,Rockville,MD,20850,650000,2,2.5,KING FARM IRVINGTON CENTRE,1760,1077,2017,,369,132,Sold,,,https://www.redfin.com/MD/Rockville/1454-Piccard-Dr-20850/home/109229982,BRIGHT MLS,MDMC2103746,N,Y,39.1099044,-77.1825117
PAST SALE,September-5-2023,Single Family Residential,1916 Dundee Rd,Rockville,MD,20850,855000,6,3.5,CARTER HILL,2889,10363,1982,,296,124,Sold,,,https://www.redfin.com/MD/Rockville/1916-Dundee-Rd-20850/home/10519021,BRIGHT MLS,MDMC2104208,N,Y,39.0872438,-77.1816541
PAST SALE,July-12-2023,Townhouse,585 Shorthorn Way,Rockville,MD,20850,652000,3,3.5,KING FARM IRVINGTON CENTRE,1872,1176,2020,,348,131,Sold,,,https://www.redfin.com/MD/Rockville/585-Shorthorn-Way-20850/home/167648724,BRIGHT MLS,MDMC2093940,N,Y,39.1105842,-77.1839591
PAST SALE,,Single Family Residential,4653 Cherry Valley Dr,Rockville,MD,20853,685000,,3.0,,2464,24189,1974,,278,,,,,https://www.redfin.com/MD/Rockville/4653-Cherry-Valley-Dr-20853/home/10709873,,,N,Y,39.1348837,-77.0931165
PAST SALE,June-5-2023,Single Family Residential,5401 Parkvale Ter,Rockville,MD,20853,755000,5,2.5,ROCK CREEK MANOR,2368,11857,1967,,319,,Sold,,,https://www.redfin.com/MD/Rockville/5401-Parkvale-Ter-20853/home/11076313,BRIGHT MLS,MDMC2088650,N,Y,39.0869333,-77.1083661
PAST SALE,April-28-2023,Single Family Residential,14517 Melinda Ln,Rockville,MD,20853,710000,4,2.5,MANOR WOODS,2531,16168,1966,,281,,Sold,,,https://www.redfin.com/MD/Rockville/14517-Melinda-Ln-20853/home/11081429,BRIGHT MLS,MDMC2087222,N,Y,39.0951601,-77.0976807
PAST SALE,June-1-2023,Single Family Residential,15437 Narcissus Way,Rockville,MD,20853,830000,5,3.5,FLOWER VALLEY,2946,17833,1984,,282,,Sold,,,https://www.redfin.com/MD/Rockville/15437-Narcissus-Way-20853/home/10716959,BRIGHT MLS,MDMC2088642,N,Y,39.1086828,-77.0973876
PAST SALE,September-21-2023,Single Family Residential,4815 Hornbeam Dr,Rockville,MD,20853,925000,4,3.5,NORBECK MANOR,3241,15987,1987,,285,,Sold,,,https://www.redfin.com/MD/Rockville/4815-Hornbeam-Dr-20853/home/10720382,BRIGHT MLS,MDMC2104634,N,Y,39.1136033,-77.0970279
PAST SALE,August-29-2023,Townhouse,4 Blue Hosta Way,Rockville,MD,20850,615000,3,3.5,ROSE HILL FALLS,2124,1892,1998,,290,92,Sold,,,https://www.redfin.com/MD/Rockville/4-Blue-Hosta-Way-20850/home/10547020,BRIGHT MLS,MDMC2098004,N,Y,39.0811471,-77.1696187
PAST SALE,May-30-2023,Single Family Residential,1913 Lewis Ave,Rockville,MD,20851,502000,3,2.0,ROCKLAND,1258,7056,1955,,399,,Sold,,,https://www.redfin.com/MD/Rockville/1913-Lewis-Ave-20851/home/10513656,BRIGHT MLS,MDMC2084878,N,Y,39.0696675,-77.1285394
PAST SALE,October-20-2023,Townhouse,10751 Gloxinia Dr,North Bethesda,MD,20852,730000,3,3.5,TIMBERLAWN,2268,2970,1987,,322,135,Sold,,,https://www.redfin.com/MD/Rockville/10751-Gloxinia-Dr-20852/home/10537985,BRIGHT MLS,MDMC2107604,N,Y,39.0318787,-77.1215593
PAST SALE,May-10-2023,Single Family Residential,13000 Evanston St,Rockville,MD,20853,595000,4,2.0,WHEATON WOODS,1835,7200,1952,,324,,Sold,,,https://www.redfin.com/MD/Rockville/13000-Evanston-St-20853/home/11034397,BRIGHT MLS,MDMC2090066,N,Y,39.0688627,-77.0912036
PAST SALE,August-31-2023,Townhouse,702 Crooked Creek Dr,Rockville,MD,20850,668000,3,3.0,KING FARM WATKINS POND,1950,1500,2001,,343,97,Sold,,,https://www.redfin.com/MD/Rockville/702-Crooked-Creek-Dr-20850/home/11175439,BRIGHT MLS,MDMC2103526,N,Y,39.1131992,-77.169337
PAST SALE,May-1-2023,Single Family Residential,5018 Macon Rd,Rockville,MD,20852,589900,5,2.0,RANDOLPH FARMS,1733,7551,1963,,340,,Sold,,,https://www.redfin.com/MD/Rockville/5018-Macon-Rd-20852/home/10507146,BRIGHT MLS,MDMC2082260,N,Y,39.0518538,-77.1013888
PAST SALE,,Single Family Residential,13 Bouldercrest Ct,Rockville,MD,20850,975000,,3.0,,2713,13949,1978,,359,,,,,https://www.redfin.com/MD/Rockville/13-Bouldercrest-Ct-20850/home/10525835,,,N,Y,39.0846917,-77.183541
PAST SALE,May-4-2023,Single Family Residential,537 Anderson Ave,Rockville,MD,20850,1345000,4,4.0,WEST END PARK,3265,30850,1955,,412,,Sold,,,https://www.redfin.com/MD/Rockville/537-Anderson-Ave-20850/home/10516353,BRIGHT MLS,MDMC2085602,N,Y,39.0867525,-77.1650302
PAST SALE,October-23-2023,Single Family Residential,14200 Woodcrest Dr,Rockville,MD,20853,655000,4,2.5,MANOR WOODS,2489,8761,1966,,263,,Sold,,,https://www.redfin.com/MD/Rockville/14200-Woodcrest-Dr-20853/home/11083279,BRIGHT MLS,MDMC2096212,N,Y,39.0902334,-77.0998602
PAST SALE,July-13-2023,Single Family Residential,1029 Welsh Dr,Rockville,MD,20852,595000,3,2.0,HUNGERFORD,1738,7200,1958,,342,,Sold,,,https://www.redfin.com/MD/Rockville/1029-Welsh-Dr-20852/home/10511491,BRIGHT MLS,MDMC2097532,N,Y,39.072055,-77.141663
PAST SALE,October-17-2023,Single Family Residential,14411 Pecan Dr,Rockville,MD,20853,650000,5,3.0,MANOR WOODS,2196,9201,1965,,296,,Sold,,,https://www.redfin.com/MD/Rockville/14411-Pecan-Dr-20853/home/11083326,BRIGHT MLS,MDMC2101368,N,Y,39.0927434,-77.0983317
PAST SALE,June-30-2023,Single Family Residential,1013 Kennon Ct,Rockville,MD,20851,593300,3,2.0,BURGUNDY ESTATES,1381,7200,1957,,430,,Sold,,,https://www.redfin.com/MD/Rockville/1013-Kennon-Ct-20851/home/10510295,BRIGHT MLS,MDMC2091372,N,Y,39.0848362,-77.1324497
PAST SALE,June-15-2023,Single Family Residential,8916 Paddock Ln,Potomac,MD,20854,950000,4,3.0,POTOMAC COMMONS,2798,11128,1972,,340,,Sold,,,https://www.redfin.com/MD/Potomac/8916-Paddock-Ln-20854/home/10509280,BRIGHT MLS,MDMC2090894,N,Y,39.0665322,-77.1831591
PAST SALE,July-14-2023,Single Family Residential,2277 Dunster Ln,Potomac,MD,20854,1015000,4,2.5,POTOMAC WOODS,2538,13536,1965,,400,,Sold,,,https://www.redfin.com/MD/Potomac/2277-Dunster-Ln-20854/home/10512702,BRIGHT MLS,MDMC2095110,N,Y,39.0617597,-77.1670971
PAST SALE,August-18-2023,Townhouse,2028 Dundee Rd,Rockville,MD,20850,730000,5,3.5,CARTER HILL TH,2241,3786,1972,,326,155,Sold,,,https://www.redfin.com/MD/Rockville/2028-Dundee-Rd-20850/home/10520676,BRIGHT MLS,MDMC2100896,N,Y,39.0874262,-77.1853037
PAST SALE,September-29-2023,Single Family Residential,5 Anita Ct,Rockville,MD,20851,605000,3,2.0,ROCKWOOD,1620,8276,1949,,373,,Sold,,,https://www.redfin.com/MD/Rockville/5-Anita-Ct-20851/home/10514309,BRIGHT MLS,MDMC2106064,N,Y,39.0837407,-77.1358092
PAST SALE,October-11-2023,Single Family Residential,307 Oak Knoll Dr,Rockville,MD,20850,1050000,4,3.5,FALLSGROVE,3520,4700,2002,,298,147,Sold,,,https://www.redfin.com/MD/Rockville/307-Oak-Knoll-Dr-20850/home/11175885,BRIGHT MLS,MDMC2105212,N,Y,39.0937462,-77.190037
PAST SALE,August-3-2023,Townhouse,164 New Mark Esplanade,Rockville,MD,20850,635000,3,2.5,NEW MARK COMM TH,1586,1300,1972,,400,242,Sold,,,https://www.redfin.com/MD/Rockville/164-New-Mark-Esplanade-20850/home/10519473,BRIGHT MLS,MDMC2099430,N,Y,39.0763015,-77.1531162
PAST SALE,July-28-2023,Single Family Residential,22 Hollyberry Ct,Rockville,MD,20852,1250000,6,3.5,NORTH FARM,4034,15021,1981,,310,7,Sold,,,https://www.redfin.com/MD/Rockville/22-Hollyberry-Ct-20852/home/10527690,BRIGHT MLS,MDMC2095708,N,Y,39.058187,-77.1447639
PAST SALE,June-9-2023,Single Family Residential,4801 Wyaconda Rd,Rockville,MD,20852,600000,3,2.0,RANDOLPH HILLS,1560,7274,1957,,385,,Sold,,,https://www.redfin.com/MD/Rockville/4801-Wyaconda-Rd-20852/home/10503108,BRIGHT MLS,MDMC2091542,N,Y,39.0450424,-77.0963535
PAST SALE,August-22-2023,Single Family Residential,1510 Bradley Ave,Rockville,MD,20851,479000,5,2.0,TWINBROOK FOREST,1837,6475,1954,,261,,Sold,,,https://www.redfin.com/MD/Rockville/1510-Bradley-Ave-20851/home/10515764,BRIGHT MLS,MDMC2099874,N,Y,39.0816029,-77.1207185
PAST SALE,July-21-2023,Single Family Residential,4506 Bayne St,Rockville,MD,20853,400000,3,1.0,WHEATON WOODS,980,6924,1952,,408,,Sold,,,https://www.redfin.com/MD/Rockville/4506-Bayne-St-20853/home/11034610,BRIGHT MLS,MDMC2097520,N,Y,39.0631211,-77.0897445
PAST SALE,May-24-2023,Townhouse,10506 Pine Haven Ter,Rockville,MD,20852,703000,4,3.5,TIMBERLAWN,1952,1560,1984,,360,70,Sold,,,https://www.redfin.com/MD/Rockville/10506-Pine-Haven-Ter-20852/home/10539201,BRIGHT MLS,MDMC2087296,N,Y,39.0300316,-77.1168554
PAST SALE,June-21-2023,Townhouse,10121 Wootton Crest Way,Rockville,MD,20850,840000,3,2.5,DARNESTOWN AT TRAVILAH,2668,2295,2013,,315,136,Sold,,,https://www.redfin.com/MD/Rockville/10121-Wootton-Crest-Way-20850/home/49782244,BRIGHT MLS,MDMC2092606,N,Y,39.0987364,-77.2093142
PAST SALE,August-24-2023,Single Family Residential,711 Owens St,Rockville,MD,20850,751500,5,2.0,WEST END PARK,1935,10437,1963,,388,,Sold,,,https://www.redfin.com/MD/Rockville/711-Owens-St-20850/home/10516513,BRIGHT MLS,MDMC2100496,N,Y,39.0906703,-77.16814
PAST SALE,May-30-2023,Single Family Residential,307 Great Falls Rd,Rockville,MD,20850,892500,3,2.0,PT ROCKVILLE TWN RES. 1,2248,18212,1821,,397,,Sold,,,https://www.redfin.com/MD/Rockville/307-Great-Falls-Rd-20850/home/10552583,BRIGHT MLS,MDMC2087006,N,Y,39.0819013,-77.1602876
PAST SALE,May-22-2023,Single Family Residential,3 English Ivy Ct,Potomac,MD,20854,950000,5,3.5,ORCHARD RIDGE,3868,14116,1986,,246,9,Sold,,,https://www.redfin.com/MD/Rockville/3-English-Ivy-Ct-20854/home/10542186,BRIGHT MLS,MDMC2086890,N,Y,39.0689927,-77.1633278
PAST SALE,October-13-2023,Single Family Residential,11433 Schuylkill Rd,Rockville,MD,20852,638500,3,3.0,RANDOLPH HILLS,1482,6544,1958,,431,,Sold,,,https://www.redfin.com/MD/Rockville/11433-Schuylkill-Rd-20852/home/10503409,BRIGHT MLS,MDMC2106338,N,Y,39.0437866,-77.0972977
PAST SALE,June-16-2023,Townhouse,508 Jacala Ter,Rockville,MD,20850,885000,3,2.5,FALLSGROVE,2647,2978,2003,,334,121,Sold,,,https://www.redfin.com/MD/Rockville/508-Jacala-Ter-20850/home/11190628,BRIGHT MLS,MDMC2090976,N,Y,39.096569,-77.1897837
PAST SALE,September-26-2023,Single Family Residential,210 Monroe St,Rockville,MD,20850,685000,3,3.0,PT ROCKVILLE TWN RES. 1,2094,6500,1942,,327,,Sold,,,https://www.redfin.com/MD/Rockville/210-Monroe-St-20850/home/10509967,BRIGHT MLS,MDMC2104096,N,Y,39.079822,-77.1501977
PAST SALE,May-30-2023,Single Family Residential,5461 Marlin St,Rockville,MD,20853,709000,4,3.0,MANOR LAKE,3080,8780,1968,,230,,Sold,,,https://www.redfin.com/MD/Rockville/5461-Marlin-St-20853/home/10709476,BRIGHT MLS,MDMC2091070,N,Y,39.0991124,-77.106244
PAST SALE,June-26-2023,Single Family Residential,19 W Argyle St,Rockville,MD,20850,820000,4,3.0,ROCKVILLE HEIGHTS,2081,11119,1960,,394,,Sold,,,https://www.redfin.com/MD/Rockville/19-W-Argyle-St-20850/home/10514173,BRIGHT MLS,MDMC2095290,N,Y,39.0792397,-77.1543807
