PAST SALE,August-31-2023,Townhouse,14020 Castle Ridge Way #38,Silver Spring,MD,20904,440000,3,3.0,RENAISSANCE PLAZA CODM,2000,,2005,,220,175,Sold,,,https://www.redfin.com/MD/Silver-Spring/14020-Castle-Ridge-Way-20904/unit-38/home/186136874,BRIGHT MLS,MDMC2100696,N,Y,39.08502,-76.941243
PAST SALE,June-26-2023,Single Family Residential,15308 Aylesbury St,Silver Spring,MD,20905,650000,4,3.0,GOOD HOPE ESTATES,2547,11050,1973,,255,,Sold,,,https://www.redfin.com/MD/Silver-Spring/15308-Aylesbury-St-20905/home/10576636,BRIGHT MLS,MDMC2092260,N,Y,39.1064435,-76.9752649
PAST SALE,June-30-2023,Single Family Residential,1516 Live Oak Dr,Silver Spring,MD,20910,1100000,4,3.5,WOODSIDE FOREST,2550,8125,1937,,431,,Sold,,,https://www.redfin.com/MD/Silver-Spring/1516-Live-Oak-Dr-20910/home/11077827,BRIGHT MLS,MDMC2094444,N,Y,39.0087148,-77.0346998
PAST SALE,October-2-2023,Single Family Residential,3916 Wendy Ln,Silver Spring,MD,20906,425000,3,3.0,HARMONY HILLS,2219,7186,1956,,192,,Sold,,,https://www.redfin.com/MD/Silver-Spring/3916-Wendy-Ln-20906/home/11047135,BRIGHT MLS,MDMC2107660,N,Y,39.0757343,-77.0789789
PAST SALE,May-18-2023,Single Family Residential,1216 Dale Dr,Silver Spring,MD,20910,880000,4,3.0,WOODSIDE PARK,2896,14384,1935,,304,,Sold,,,https://www.redfin.com/MD/Silver-Spring/1216-Dale-Dr-20910/home/11079666,BRIGHT MLS,MDMC2088686,N,Y,39.0073847,-77.0285822
PAST SALE,June-30-2023,Townhouse,21 Catoctin Ct,Silver Spring,MD,20906,495000,3,3.0,BEL PRE MANOR,1846,2200,1980,,268,90,Sold,,,https://www.redfin.com/MD/Silver-Spring/21-Catoctin-Ct-20906/home/11105980,BRIGHT MLS,MDMC2093168,N,Y,39.0898534,-77.039984
PAST SALE,August-11-2023,Single Family Residential,807 Lanark Way,Silver Spring,MD,20901,635000,3,2.0,COUNTRY CLUB PARK,1514,7219,1953,,419,,Sold,,,https://www.redfin.com/MD/Silver-Spring/807-Lanark-Way-20901/home/11008622,BRIGHT MLS,MDMC2099490,N,Y,39.0216781,-77.0228242
PAST SALE,July-14-2023,Townhouse,7528 8th St NW,Washington,DC,20012,676383,3,2.5,Brightwood,1632,,1948,,414,,Sold,,,https://www.redfin.com/DC/Washington/7528-8th-St-NW-20012/home/10037263,BRIGHT MLS,DCDC2101194,N,Y,38.9817705,-77.0247153
PAST SALE,,Single Family Residential,603 Stirling Rd,Silver Spring,MD,20901,565000,,1.0,,1212,5221,1950,,466,,,,,https://www.redfin.com/MD/Silver-Spring/603-Stirling-Rd-20901/home/11070085,,,N,Y,39.0177635,-77.0193048
PAST SALE,,Single Family Residential,6 Kings House Ct,Silver Spring,MD,20905,684000,,3.5,,3057,20543,1971,,224,,,,,https://www.redfin.com/MD/Silver-Spring/6-Kings-House-Ct-20905/home/10558538,,,N,Y,39.1025238,-76.9660838
PAST SALE,May-9-2023,Single Family Residential,2801 Norbeck Rd,Silver Spring,MD,20906,500000,3,2.0,OLNEY OUT RES (3),1150,111514,1979,,435,,Sold,,,https://www.redfin.com/MD/Silver-Spring/2801-Norbeck-Rd-20906/home/10703100,BRIGHT MLS,MDMC2089656,N,Y,39.1144552,-77.057953
PAST SALE,July-28-2023,Single Family Residential,1028 Windmill Ln,Silver Spring,MD,20905,670000,4,4.5,PEACHWOOD,2052,11181,1984,,327,78,Sold,,,https://www.redfin.com/MD/Silver-Spring/1028-Windmill-Ln-20905/home/10580070,BRIGHT MLS,MDMC2099052,N,Y,39.1007066,-76.9876627
PAST SALE,May-31-2023,Single Family Residential,12914 Acorn Hollow Ln,Silver Spring,MD,20906,680000,4,3.5,WHEATON OUT RES. (2),2859,5993,1987,,238,,Sold,,,https://www.redfin.com/MD/Silver-Spring/12914-Acorn-Hollow-Ln-20906/home/11131972,BRIGHT MLS,MDMC2090354,N,Y,39.0687294,-77.0501831
PAST SALE,May-25-2023,Single Family Residential,10610 Inwood Ave,Silver Spring,MD,20902,500000,3,1.0,CHESTNUT RIDGE MANOR,1308,5200,1950,,382,,Sold,,,https://www.redfin.com/MD/Silver-Spring/10610-Inwood-Ave-20902/home/11017821,BRIGHT MLS,MDMC2091408,N,Y,39.0309581,-77.0358693
PAST SALE,June-30-2023,Single Family Residential,1412 Billman Ln,Silver Spring,MD,20902,585000,5,3.0,GLENFIELD MANOR,2470,8400,1969,,237,,Sold,,,https://www.redfin.com/MD/Silver-Spring/1412-Billman-Ln-20902/home/11086750,BRIGHT MLS,MDMC2096064,N,Y,39.0635575,-77.0334403
PAST SALE,May-11-2023,Single Family Residential,14005 Wildwood Dr,Silver Spring,MD,20905,525000,3,1.0,HARDING SUBDIVISION,1176,29156,1960,,446,,Sold,,,https://www.redfin.com/MD/Silver-Spring/14005-Wildwood-Dr-20905/home/10556498,BRIGHT MLS,MDMC2087586,N,Y,39.0853226,-76.9572622
PAST SALE,May-11-2023,Townhouse,1732 Featherwood St,Silver Spring,MD,20904,445000,3,2.5,ROLLING ACRES,2040,2145,1985,,218,105,Sold,,,https://www.redfin.com/MD/Silver-Spring/1732-Featherwood-St-20904/home/10590178,BRIGHT MLS,MDMC2089454,N,Y,39.0596204,-76.9726706
PAST SALE,August-4-2023,Single Family Residential,2817 Kingswell Dr,Silver Spring,MD,20902,562000,4,2.5,KINGSWELL SUB,1688,5700,1955,,333,,Sold,,,https://www.redfin.com/MD/Silver-Spring/2817-Kingswell-Dr-20902/home/11051973,BRIGHT MLS,MDMC2100702,N,Y,39.0548372,-77.0584027
PAST SALE,August-2-2023,Single Family Residential,14505 Sandy Ridge Rd,Silver Spring,MD,20905,690000,4,3.5,ROLLING STONE,3220,10519,1980,,214,,Sold,,,https://www.redfin.com/MD/Silver-Spring/14505-Sandy-Ridge-Rd-20905/home/10579859,BRIGHT MLS,MDMC2098376,N,Y,39.09355,-77.0130169
PAST SALE,July-21-2023,Single Family Residential,12902 Georgia Ave,Silver Spring,MD,20906,477000,5,2.0,GLENMONT HILLS & HGTS,1440,7060,1949,,331,,Sold,,,https://www.redfin.com/MD/Silver-Spring/12902-Georgia-Ave-20906/home/11009497,BRIGHT MLS,MDMC2094896,N,Y,39.0668895,-77.0602016
PAST SALE,May-2-2023,Single Family Residential,14625 Notley Rd,Silver Spring,MD,20905,741000,4,3.5,STONEGATE,3365,15516,1968,,220,,Sold,,,https://www.redfin.com/MD/Silver-Spring/14625-Notley-Rd-20905/home/10574581,BRIGHT MLS,MDMC2087288,N,Y,39.0966891,-77.0165485
PAST SALE,June-14-2023,Single Family Residential,508 Piping Rock Dr,Silver Spring,MD,20905,624000,3,2.5,PEACHWOOD,2612,11350,1973,,239,,Sold,,,https://www.redfin.com/MD/Silver-Spring/508-Piping-Rock-Dr-20905/home/10573507,BRIGHT MLS,MDMC2093038,N,Y,39.0982705,-76.9988444
PAST SALE,October-11-2023,Townhouse,1521 Ingram Ter,Silver Spring,MD,20906,482500,3,3.0,TIVOLI,1795,2636,1987,,269,105,Sold,,,https://www.redfin.com/MD/Silver-Spring/1521-Ingram-Ter-20906/home/11130724,BRIGHT MLS,MDMC2105440,N,Y,39.0670101,-77.0335303
PAST SALE,August-25-2023,Single Family Residential,3117 Fairland Rd,Silver Spring,MD,20904,630000,5,4.5,CALVERTON,3360,19357,1980,,188,,Sold,,,https://www.redfin.com/MD/Silver-Spring/3117-Fairland-Rd-20904/home/10579214,BRIGHT MLS,MDMC2098704,N,Y,39.0652194,-76.9418666
PAST SALE,October-20-2023,Townhouse,13259 Tivoli Lake Blvd,Silver Spring,MD,20906,665000,4,3.5,POPLAR RUN,2148,3385,2013,,310,121,Sold,,,https://www.redfin.com/MD/Silver-Spring/13259-Tivoli-Lake-Blvd-20906/home/64364667,BRIGHT MLS,MDMC2108524,N,Y,39.0745546,-77.0306385
PAST SALE,June-30-2023,Townhouse,12114 Dalewood Dr,Silver Spring,MD,20902,410000,3,2.5,CONN AVE ESTATES,1008,3750,1955,,407,,Sold,,,https://www.redfin.com/MD/Silver-Spring/12114-Dalewood-Dr-20902/home/11020856,BRIGHT MLS,MDMC2091520,N,Y,39.0545896,-77.0721721
PAST SALE,September-5-2023,Single Family Residential,1721 Arbor View Rd,Silver Spring,MD,20902,575000,4,2.5,GLENFIELD MANOR,3134,19626,1969,,183,,Sold,,,https://www.redfin.com/MD/Silver-Spring/1721-Arbor-View-Rd-20902/home/11087126,BRIGHT MLS,MDMC2102818,N,Y,39.0621147,-77.0394678
PAST SALE,June-16-2023,Townhouse,11332 King George Dr #12,Silver Spring,MD,20902,485000,3,2.5,HEARTHSTONE VILLAGE CODM,1770,,2001,,274,300,Sold,,,https://www.redfin.com/MD/Wheaton/11332-King-George-Dr-20902/unit-12/home/11187337,BRIGHT MLS,MDMC2093092,N,Y,39.0401373,-77.0467262
PAST SALE,August-9-2023,Single Family Residential,9605 Bristol Ave,Silver Spring,MD,20901,481938,4,1.0,ARGYLE PARK,1552,9956,1942,,311,,Sold,,,https://www.redfin.com/MD/Silver-Spring/9605-Bristol-Ave-20901/home/10952685,BRIGHT MLS,MDMC2100950,N,Y,39.0131413,-77.0233891
PAST SALE,May-18-2023,Single Family Residential,3000 Marlow Rd,Silver Spring,MD,20904,630000,4,3.0,DEER PARK,2367,15156,1987,,266,42,Sold,,,https://www.redfin.com/MD/Silver-Spring/3000-Marlow-Rd-20904/home/10597606,BRIGHT MLS,MDMC2087462,N,Y,39.0668249,-76.9507824
PAST SALE,July-7-2023,Single Family Residential,12201 Remington Dr,Silver Spring,MD,20902,850000,3,2.5,SPRINGBROOK FOREST,2440,89734,1960,,348,,Sold,,,https://www.redfin.com/MD/Silver-Spring/12201-Remington-Dr-20902/home/11001203,BRIGHT MLS,MDMC2092464,N,Y,39.0558837,-77.0122889
PAST SALE,April-28-2023,Townhouse,8501 Carroll Ave,Silver Spring,MD,20903,405000,4,2.5,NEW HAMPSHIRE ESTS,1488,3342,1952,,272,,Sold,,,https://www.redfin.com/MD/Silver-Spring/8501-Carroll-Ave-20903/home/10992798,BRIGHT MLS,MDMC2087598,N,Y,38.9943839,-76.9922678
PAST SALE,July-17-2023,Single Family Residential,12912 Flack St,Silver Spring,MD,20906,455000,4,2.0,GLENMONT HILLS & HGTS,1203,6306,1950,,378,,Sold,,,https://www.redfin.com/MD/Silver-Spring/12912-Flack-St-20906/home/11008882,BRIGHT MLS,MDMC2096936,N,Y,39.0684366,-77.0630849
PAST SALE,September-26-2023,Single Family Residential,4503 Randolph Rd,Silver Spring,MD,20906,475000,4,3.0,VEIRS MILL VILLAGE,1580,8129,1946,,301,,Sold,,,https://www.redfin.com/MD/Silver-Spring/4503-Randolph-Rd-20906/home/11001892,BRIGHT MLS,MDMC2103718,N,Y,39.0545352,-77.0867817
PAST SALE,July-20-2023,Single Family Residential,1130 W Nolcrest Dr,Silver Spring,MD,20903,602500,4,3.0,BURNT MILLS KNOLLS,2488,13814,1954,,242,,Sold,,,https://www.redfin.com/MD/Silver-Spring/1130-W-Nolcrest-Dr-20903/home/10562608,BRIGHT MLS,MDMC2093278,N,Y,39.0340346,-76.9891211
PAST SALE,May-15-2023,Single Family Residential,721 Dale Dr,Silver Spring,MD,20910,760000,4,3.0,SOUTH WOODSIDE PARK,2271,8084,1934,,335,,Sold,,,https://www.redfin.com/MD/Silver-Spring/721-Dale-Dr-20910/home/10970524,BRIGHT MLS,MDMC2087560,N,Y,39.0036357,-77.0204787
PAST SALE,October-20-2023,Townhouse,13208 Musicmaster Dr #160,Silver Spring,MD,20904,330000,3,2.0,STKBRDGE AT TANGLWD COD,1368,,1984,,241,283,Sold,,,https://www.redfin.com/MD/Silver-Spring/13208-Musicmaster-Dr-20904/unit-160/home/10592828,BRIGHT MLS,MDMC2104006,N,Y,39.0722006,-76.947168
PAST SALE,June-21-2023,Single Family Residential,9507 Biltmore Dr,Silver Spring,MD,20901,660000,3,2.5,INDIAN SPRING PARK,2106,5500,1937,,313,,Sold,,,https://www.redfin.com/MD/Silver-Spring/9507-Biltmore-Dr-20901/home/10960123,BRIGHT MLS,MDMC2092974,N,Y,39.011823,-77.00458
PAST SALE,May-24-2023,Townhouse,4057 Chesterwood Dr #4057,Silver Spring,MD,20906,365000,3,2.5,MONTGOMERY CHASE CODM,1428,,1983,,256,308,Sold,,,https://www.redfin.com/MD/Silver-Spring/4057-Chesterwood-Dr-20906/unit-4057/home/11207723,BRIGHT MLS,MDMC2090194,N,Y,39.0872544,-77.0786802
PAST SALE,August-17-2023,Single Family Residential,15315 Holly Grove Rd,Silver Spring,MD,20905,650000,4,3.0,STONEGATE,1540,43124,1986,,422,,Sold,,,https://www.redfin.com/MD/Silver-Spring/15315-Holly-Grove-Rd-20905/home/10599054,BRIGHT MLS,MDMC2099342,N,Y,39.10816,-77.016191
PAST SALE,August-31-2023,Single Family Residential,2605 Plyers Mill Rd,Silver Spring,MD,20902,625000,4,2.0,OAKLAND TERRACE,1727,9900,1953,,362,,Sold,,,https://www.redfin.com/MD/Silver-Spring/2605-Plyers-Mill-Rd-20902/home/10994409,BRIGHT MLS,MDMC2094530,N,Y,39.0297938,-77.0539953
PAST SALE,June-2-2023,Townhouse,12615 Macaulay St,Silver Spring,MD,20906,600000,3,2.5,GLENMONT METROCENTRE,1853,968,2017,,324,77,Sold,,,https://www.redfin.com/MD/Silver-Spring/12615-Macaulay-St-20906/home/110058316,BRIGHT MLS,MDMC2085104,N,Y,39.0643845,-77.0515207
PAST SALE,October-19-2023,Single Family Residential,413 Hortleberry Ct,Silver Spring,MD,20905,635000,4,3.5,ROLLING STONE,2052,14884,1984,,309,,Sold,,,https://www.redfin.com/MD/Silver-Spring/413-Hortleberry-Ct-20905/home/10580037,BRIGHT MLS,MDMC2099824,N,Y,39.0983592,-77.0120271
PAST SALE,August-22-2023,Single Family Residential,124 Woodridge Ave,Silver Spring,MD,20901,972000,5,4.5,NORTHWOOD PARK,3090,9579,1937,,315,,Sold,,,https://www.redfin.com/MD/Silver-Spring/124-Woodridge-Ave-20901/home/10965050,BRIGHT MLS,MDMC2095578,N,Y,39.0262111,-77.0140066
PAST SALE,June-7-2023,Single Family Residential,8117 Carroll Ave,Takoma Park,MD,20912,515000,5,3.0,TAKOMA PARK,1748,6000,1950,,295,,Sold,,,https://www.redfin.com/MD/Takoma-Park/8117-Carroll-Ave-20912/home/10976521,BRIGHT MLS,MDMC2080982,N,Y,38.9913243,-76.9927699
PAST SALE,,Single Family Residential,15217 Baughman Dr,Silver Spring,MD,20906,600000,,3.0,,3011,51400,1966,,199,,,,,https://www.redfin.com/MD/Silver-Spring/15217-Baughman-Dr-20906/home/10947692,,,N,Y,39.1039153,-77.0439207
PAST SALE,,Single Family Residential,13813 Rippling Brook Dr,Silver Spring,MD,20906,315650,,3.0,,2736,12875,1969,,115,,,,,https://www.redfin.com/MD/Silver-Spring/13813-Rippling-Brook-Dr-20906/home/11086235,,,N,Y,39.0829014,-77.055412
PAST SALE,September-13-2023,Townhouse,15401 Bramblewood Dr Unit 27-C,Silver Spring,MD,20906,500000,3,2.0,ROSSMOOR MUTUAL #15,1251,,1977,,400,913,Sold,,,https://www.redfin.com/MD/Silver-Spring/15401-Bramblewood-Dr-20906/unit-27-C/home/11101315,BRIGHT MLS,MDMC2105950,N,Y,39.1083539,-77.0734105
PAST SALE,,Single Family Residential,9002 Eton Rd,Silver Spring,MD,20901,435000,,1.5,,1292,7700,1946,,337,,,,,https://www.redfin.com/MD/Silver-Spring/9002-Eton-Rd-20901/home/10959040,,,N,Y,39.002518,-77.0075393
PAST SALE,,Single Family Residential,14008 Beechvue Ln,Silver Spring,MD,20906,550000,,3.0,,2458,12375,1972,,224,,,,,https://www.redfin.com/MD/Silver-Spring/14008-Beechvue-Ln-20906/home/11085343,,,N,Y,39.0868546,-77.06263
PAST SALE,,Condo/Co-op,3154 Adderley Ct Unit 242-G,Silver Spring,MD,20906,225000,,,,1385,,1975,,162,,,,,https://www.redfin.com/MD/Silver-Spring/3154-Adderley-Ct-20906/unit-242-G/home/11091411,,,N,Y,39.0998959,-77.0640241
PAST SALE,,Single Family Residential,9317 Colesville Rd,Silver Spring,MD,20901,685000,,1.0,,1734,11967,1921,,395,,,,,https://www.redfin.com/MD/Silver-Spring/9317-Colesville-Rd-20901/home/10966506,,,N,Y,39.0083272,-77.0184605
PAST SALE,,Single Family Residential,14 Wolf Dr,Silver Spring,MD,20904,600000,4,3.0,,1936,20511,1954,,310,,,,,https://www.redfin.com/MD/Silver-Spring/14-Wolf-Dr-20904/home/10577573,,,N,Y,39.0734324,-77.0042436
PAST SALE,,Single Family Residential,12709 New Hampshire Ave,Silver Spring,MD,20904,450000,,1.0,,900,13708,1935,,500,,,,,https://www.redfin.com/MD/Silver-Spring/12709-New-Hampshire-Ave-20904/home/10560172,,,N,Y,39.0646243,-76.9989906
PAST SALE,,Townhouse,8805 Courts Way,Silver Spring,MD,20910,865000,5,4.5,,2960,1447,2010,,292,,,,,https://www.redfin.com/MD/Silver-Spring/8805-Courts-Way-20910/home/12465677,,,N,Y,39.0017042,-77.035019
PAST SALE,,Townhouse,2601 Chivalry Ct,Silver Spring,MD,20902,583000,,3.0,,1894,1836,1990,,308,,,,,https://www.redfin.com/MD/Silver-Spring/2601-Chivalry-Ct-20902/home/11135274,,,N,Y,39.0330196,-77.050628
PAST SALE,,Single Family Residential,9108 Flower Ave,Silver Spring,MD,20901,460000,,2.0,,1836,7766,1936,,251,,,,,https://www.redfin.com/MD/Silver-Spring/9108-Flower-Ave-20901/home/10959134,,,N,Y,39.0052354,-77.0070331
PAST SALE,,Condo/Co-op,10735 Bucknell Dr #17,Wheaton,MD,20902,360000,,,,1514,,1968,,238,,,,,https://www.redfin.com/MD/Wheaton/10735-Bucknell-Dr-20902/unit-17/home/11093176,,,N,Y,39.0323792,-77.0451575
PAST SALE,,Single Family Residential,400 Lanark Way,Silver Spring,MD,20901,751000,4,2.5,,2369,8712,1940,,317,,,,,https://www.redfin.com/MD/Silver-Spring/400-Lanark-Way-20901/home/10984626,,,N,Y,39.0191908,-77.0167509
PAST SALE,,Single Family Residential,912 Malta Ln,Silver Spring,MD,20901,525000,,1.5,,1800,6900,1959,,292,,,,,https://www.redfin.com/MD/Silver-Spring/912-Malta-Ln-20901/home/11056411,,,N,Y,39.0374988,-77.0167959
PAST SALE,,Single Family Residential,1523 Ainsley Rd,Silver Spring,MD,20904,310000,,3.5,,2400,8379,1987,,129,,,,,https://www.redfin.com/MD/Silver-Spring/1523-Ainsley-Rd-20904/home/10600126,,,N,Y,39.0520509,-76.9808963
PAST SALE,June-14-2023,Single Family Residential,10031 Renfrew Rd,Silver Spring,MD,20901,500000,4,2.5,COUNTRY CLUB PARK,1992,5225,1960,,251,,Sold,,,https://www.redfin.com/MD/Silver-Spring/10031-Renfrew-Rd-20901/home/11008310,BRIGHT MLS,MDMC2093866,N,Y,39.0210597,-77.0233649
PAST SALE,,Single Family Residential,15105 Peach Orchard Rd,Silver Spring,MD,20905,480000,,3.0,,1944,29925,1955,,247,,,,,https://www.redfin.com/MD/Silver-Spring/15105-Peach-Orchard-Rd-20905/home/10569800,,,N,Y,39.1038322,-76.9631583
PAST SALE,,Single Family Residential,11708 Newport Mill Rd,Silver Spring,MD,20902,400000,,2.0,,1636,6489,1954,,244,,,,,https://www.redfin.com/MD/Silver-Spring/11708-Newport-Mill-Rd-20902/home/11072569,,,N,Y,39.0467557,-77.0645188
PAST SALE,,Single Family Residential,8016 Glenside Dr,Takoma Park,MD,20912,800000,,3.5,,2370,7694,1987,,338,,,,,https://www.redfin.com/MD/Takoma-Park/8016-Glenside-Dr-20912/home/11059041,,,N,Y,38.9888006,-76.9963246
PAST SALE,June-6-2023,Single Family Residential,603 Pershing Dr,Silver Spring,MD,20910,1025000,4,2.5,SILVER SPRING,2227,8090,1936,,460,,Sold,,,https://www.redfin.com/MD/Silver-Spring/603-Pershing-Dr-20910/home/10967181,BRIGHT MLS,MDMC2104150,N,Y,39.0012347,-77.0212946
PAST SALE,,Single Family Residential,2407 Harmon Rd,Silver Spring,MD,20902,699000,4,2.5,,2198,7253,1955,,318,,,,,https://www.redfin.com/MD/Silver-Spring/2407-Harmon-Rd-20902/home/11065067,,,N,Y,39.0281373,-77.0503074
PAST SALE,,Single Family Residential,417 Belton Rd,Silver Spring,MD,20901,505000,,2.0,,1540,7725,1954,,328,,,,,https://www.redfin.com/MD/Silver-Spring/417-Belton-Rd-20901/home/11014445,,,N,Y,39.0302784,-77.0188204
PAST SALE,August-29-2023,Single Family Residential,2603 Elnora St,Silver Spring,MD,20902,565000,3,2.0,WHEATON HILLS,2000,6551,1949,,283,,Sold,,,https://www.redfin.com/MD/Silver-Spring/2603-Elnora-St-20902/home/11007427,BRIGHT MLS,MDMC2105496,N,Y,39.0449382,-77.0538051
PAST SALE,,Single Family Residential,10409 Hutting Pl,Silver Spring,MD,20902,422236,,2.5,,1756,6920,1955,,240,,,,,https://www.redfin.com/MD/Silver-Spring/10409-Hutting-Pl-20902/home/11065093,,,N,Y,39.0276541,-77.0524212
PAST SALE,June-9-2023,Townhouse,8506 Geren Rd Unit 19-4,Silver Spring,MD,20901,290000,2,1.0,TOP OF THE PARK,1010,,1940,,287,507,Sold,,,https://www.redfin.com/MD/Silver-Spring/8506-Geren-Rd-20901/unit-19-4/home/11108891,BRIGHT MLS,MDMC2093370,N,Y,38.9972305,-77.0068568
PAST SALE,,Single Family Residential,16505 Harbour Town Dr,Ashton,MD,20861,1224000,,4.5,,6751,25359,1999,,181,,,,,https://www.redfin.com/MD/Ashton/16505-Harbour-Town-Dr-20861/home/10604787,,,N,Y,39.123482,-76.995634
PAST SALE,July-26-2023,Single Family Residential,2800 Sheraton St,Silver Spring,MD,20906,230000,4,2.0,GLENMONT VILLAGE,1302,8461,1950,,177,,Sold,,,https://www.redfin.com/MD/Silver-Spring/2800-Sheraton-St-20906/home/11026882,BRIGHT MLS,MDMC2106708,N,Y,39.0598,-77.0581304
PAST SALE,June-1-2023,Single Family Residential,1611 Belvedere Blvd,Silver Spring,MD,20902,657000,4,2.5,FOREST ESTATES,1614,6120,1949,,407,,Sold,,,https://www.redfin.com/MD/Silver-Spring/1611-Belvedere-Blvd-20902/home/10986484,BRIGHT MLS,MDMC2096750,N,Y,39.0201583,-77.0353345
PAST SALE,,Condo/Co-op,3016 Piano Ln #49,Silver Spring,MD,20904,331000,,,,1280,,1984,,259,,,,,https://www.redfin.com/MD/Silver-Spring/3016-Piano-Ln-20904/unit-49/home/10593275,,,N,Y,39.0714849,-76.9489317
PAST SALE,,Single Family Residential,2711 Newton St,Silver Spring,MD,20902,309000,,2.0,,1260,7200,1949,,245,,,,,https://www.redfin.com/MD/Silver-Spring/2711-Newton-St-20902/home/10987678,,,N,Y,39.0579886,-77.0572726
PAST SALE,June-16-2023,Single Family Residential,14900 Running Ridge Ln,Silver Spring,MD,20906,680000,3,3.5,LONGMEAD,2342,4168,1988,,290,79,Sold,,,https://www.redfin.com/MD/Silver-Spring/14900-Running-Ridge-Ln-20906/home/11131700,BRIGHT MLS,MDMC2092924,N,Y,39.1024675,-77.0456298
PAST SALE,,Single Family Residential,1900 Snowdrop Ln,Silver Spring,MD,20906,410000,,3.0,,2932,13731,1966,,140,,,,,https://www.redfin.com/MD/Silver-Spring/1900-Snowdrop-Ln-20906/home/11075118,,,N,Y,39.0698792,-77.0423014
PAST SALE,,Single Family Residential,3910 Minden Rd,Silver Spring,MD,20906,551000,,2.5,,1783,6300,1961,,309,,,,,https://www.redfin.com/MD/Silver-Spring/3910-Minden-Rd-20906/home/11038577,,,N,Y,39.0590146,-77.0786906
PAST SALE,,Single Family Residential,2405 Hidden Valley Ln,Silver Spring,MD,20904,590000,,2.5,,1850,11567,1983,,319,,,,,https://www.redfin.com/MD/Silver-Spring/2405-Hidden-Valley-Ln-20904/home/10582559,,,N,Y,39.0740633,-76.961358
PAST SALE,May-1-2023,Single Family Residential,10409 Clinton Ave,Silver Spring,MD,20902,356250,3,2.0,EVANS PARKWAY,2402,6700,1945,,148,,Sold,,,https://www.redfin.com/MD/Silver-Spring/10409-Clinton-Ave-20902/home/10984294,BRIGHT MLS,MDMC2084980,N,Y,39.0267112,-77.0426163
PAST SALE,June-28-2023,Single Family Residential,1010 Cliftonbrook Ln,Silver Spring,MD,20905,490000,4,2.5,CLIFTONBROOK,2305,21703,1962,,213,,Sold,,,https://www.redfin.com/MD/Silver-Spring/1010-Cliftonbrook-Ln-20905/home/10706551,BRIGHT MLS,MDMC2094572,N,Y,39.1402608,-76.9935349
PAST SALE,August-14-2023,Single Family Residential,2803 Radius Rd,Silver Spring,MD,20902,460000,4,2.0,KINGSWELL SUB,1244,5256,1955,,370,,Sold,,,https://www.redfin.com/MD/Silver-Spring/2803-Radius-Rd-20902/home/11051673,BRIGHT MLS,MDMC2098522,N,Y,39.054071,-77.0579979
PAST SALE,August-31-2023,Single Family Residential,303 Hillsboro Dr,Silver Spring,MD,20902,490000,4,2.0,KEMP MILL ESTATES,1959,7514,1960,,250,,Sold,,,https://www.redfin.com/MD/Silver-Spring/303-Hillsboro-Dr-20902/home/11051455,BRIGHT MLS,MDMC2105594,N,Y,39.0412055,-77.0148581
PAST SALE,,Single Family Residential,613 Hyde Rd,Silver Spring,MD,20902,615000,,2.5,,2068,10551,1962,,297,,,,,https://www.redfin.com/MD/Silver-Spring/613-Hyde-Rd-20902/home/11050739,,,N,Y,39.0451021,-77.0203049
PAST SALE,,Condo/Co-op,12708 Epping Ter Unit 9-C,Silver Spring,MD,20906,320000,,,,1296,,1966,,247,,,,,https://www.redfin.com/MD/Silver-Spring/12708-Epping-Ter-20906/unit-9-C/home/11009840,,,N,Y,39.0642036,-77.0569636
PAST SALE,,Condo/Co-op,2106 Bucknell Ter #40,Silver Spring,MD,20902,427000,,,,1552,,1967,,275,,,,,https://www.redfin.com/MD/Silver-Spring/2106-Bucknell-Ter-20902/unit-40/home/10948726,,,N,Y,39.0360655,-77.044519
PAST SALE,,Single Family Residential,2913 Bluff Point Ln,Silver Spring,MD,20906,455000,,2.5,,2228,11430,1970,,204,,,,,https://www.redfin.com/MD/Silver-Spring/2913-Bluff-Point-Ln-20906/home/11086459,,,N,Y,39.081574,-77.0601566
PAST SALE,,Townhouse,13316 Windy Meadow Ln,Silver Spring,MD,20906,610000,,3.5,,2148,3283,2013,,284,,,,,https://www.redfin.com/MD/Silver-Spring/13316-Windy-Meadow-Ln-20906/home/64364661,,,N,Y,39.0736784,-77.0294819
PAST SALE,,Single Family Residential,5 McAlpine Ct,Silver Spring,MD,20901,530000,,3.0,,2178,8029,1963,,243,,,,,https://www.redfin.com/MD/Silver-Spring/5-McAlpine-Ct-20901/home/11056736,,,N,Y,39.0130668,-76.9944348
PAST SALE,,Single Family Residential,4405 Emden St,Silver Spring,MD,20906,520000,,2.5,,1846,7840,1957,,282,,,,,https://www.redfin.com/MD/Silver-Spring/4405-Emden-St-20906/home/11045362,,,N,Y,39.0502992,-77.0854777
PAST SALE,,Single Family Residential,13501 Redspire Dr,Silver Spring,MD,20906,1072500,,2.5,,5114,7179,2017,,210,,,,,https://www.redfin.com/MD/Silver-Spring/13501-Redspire-Dr-20906/home/109481910,,,N,Y,39.0750282,-77.0322258
PAST SALE,,Townhouse,10632 Georgia Ave,Silver Spring,MD,20902,465000,,3.0,,2000,1248,2004,,233,,,,,https://www.redfin.com/MD/Silver-Spring/10632-Georgia-Ave-20902/home/11201677,,,N,Y,39.0294923,-77.0478991
PAST SALE,June-30-2023,Single Family Residential,13809 Vintage Ln,Silver Spring,MD,20906,560000,5,5.0,LAYHILL VILLAGE,3162,16917,1969,,177,,Sold,,,https://www.redfin.com/MD/Silver-Spring/13809-Vintage-Ln-20906/home/11080589,BRIGHT MLS,MDMC2100146,N,Y,39.0829225,-77.0504423
PAST SALE,,Single Family Residential,3404 Harrell St,Silver Spring,MD,20906,415000,,2.0,,1638,7605,1954,,253,,,,,https://www.redfin.com/MD/Silver-Spring/3404-Harrell-St-20906/home/11024784,,,N,Y,39.0633309,-77.0684311
PAST SALE,June-20-2023,Townhouse,10360 Castlehedge Ter,Silver Spring,MD,20902,506000,3,3.0,FOREST ESTATES,1860,1549,1984,,272,107,Sold,,,https://www.redfin.com/MD/Silver-Spring/10360-Castlehedge-Ter-20902/home/11112918,BRIGHT MLS,MDMC2095148,N,Y,39.0253307,-77.0412567
PAST SALE,August-4-2023,Single Family Residential,10001 Big Rock Rd,Silver Spring,MD,20901,850000,3,3.0,INDIAN SPRING VILLAGE,2171,8314,1946,,392,,Sold,,,https://www.redfin.com/MD/Silver-Spring/10001-Big-Rock-Rd-20901/home/11016920,BRIGHT MLS,MDMC2107126,N,Y,39.018917,-76.9979107
PAST SALE,,Single Family Residential,9610 McAlpine Rd,Silver Spring,MD,20901,400000,,3.0,,2034,8752,1962,,197,,,,,https://www.redfin.com/MD/Silver-Spring/9610-McAlpine-Rd-20901/home/11056715,,,N,Y,39.0147408,-76.9954247
PAST SALE,September-1-2023,Single Family Residential,2704 Bellmawr Ct,Silver Spring,MD,20906,685000,5,3.5,STRATHMORE AT BEL PRE,2799,19025,1969,,245,31,Sold,,,https://www.redfin.com/MD/Silver-Spring/2704-Bellmawr-Ct-20906/home/11084570,BRIGHT MLS,MDMC2100978,N,Y,39.0830352,-77.0564239
PAST SALE,,Single Family Residential,3107 Brooklawn Ter,Chevy Chase,MD,20815,2100000,,4.5,,5013,17834,1958,,419,,,,,https://www.redfin.com/MD/Chevy-Chase/3107-Brooklawn-Ter-20815/home/10667883,,,N,Y,38.9885104,-77.0638442
PAST SALE,,Single Family Residential,4413 Clearfield Rd,Silver Spring,MD,20906,595000,,2.5,,2349,6833,1946,,253,,,,,https://www.redfin.com/MD/Silver-Spring/4413-Clearfield-Rd-20906/home/11002118,,,N,Y,39.0568936,-77.0882537
PAST SALE,July-7-2023,Single Family Residential,10506 Kinloch Rd,Silver Spring,MD,20903,695000,4,3.0,HILLANDALE,2478,23965,1953,,280,,Sold,,,https://www.redfin.com/MD/Silver-Spring/10506-Kinloch-Rd-20903/home/10559366,BRIGHT MLS,MDMC2100232,N,Y,39.0281728,-76.9707644
PAST SALE,June-16-2023,Single Family Residential,305 Timberwood Ave,Silver Spring,MD,20901,540000,3,2.0,NORTHWOOD PARK,1665,7260,1938,,324,,Sold,,,https://www.redfin.com/MD/Silver-Spring/305-Timberwood-Ave-20901/home/10965327,BRIGHT MLS,MDMC2097402,N,Y,39.0228272,-77.0151809
PAST SALE,May-11-2023,Townhouse,2953 Shepperton Ter,Silver Spring,MD,20904,402000,3,2.5,FAIRLAND,1310,892,1985,,307,98,Sold,,,https://www.redfin.com/MD/Silver-Spring/2953-Shepperton-Ter-20904/home/10592987,BRIGHT MLS,MDMC2090546,N,Y,39.0822621,-76.9510804
PAST SALE,,Single Family Residential,2413 Mumford Dr,Silver Spring,MD,20906,500000,,3.5,,2868,13284,1986,,174,,,,,https://www.redfin.com/MD/Silver-Spring/2413-Mumford-Dr-20906/home/11127511,,,N,Y,39.073791,-77.0493179
PAST SALE,,Single Family Residential,221 Hermleigh Rd,Silver Spring,MD,20902,1100000,,3.0,,3004,27026,1971,,366,,,,,https://www.redfin.com/MD/Silver-Spring/221-Hermleigh-Rd-20902/home/11090026,,,N,Y,39.0503771,-77.0138267
PAST SALE,,Single Family Residential,10808 Keller St,Silver Spring,MD,20902,410625,,1.0,,792,5791,1951,,518,,,,,https://www.redfin.com/MD/Silver-Spring/10808-Keller-St-20902/home/11017581,,,N,Y,39.0328868,-77.0330805
PAST SALE,,Condo/Co-op,12143 Turnstone Ct #53,Silver Spring,MD,20904,380000,,,,1154,,1986,,329,,,,,https://www.redfin.com/MD/Silver-Spring/12143-Turnstone-Ct-20904/unit-53/home/10594256,,,N,Y,39.0532393,-76.9722046
PAST SALE,,Single Family Residential,11905 Judson Rd,Wheaton,MD,20902,455000,,1.0,,888,7118,1953,,512,,,,,https://www.redfin.com/MD/Wheaton/11905-Judson-Rd-20902/home/11004821,,,N,Y,39.0516896,-77.0588606
PAST SALE,May-10-2023,Townhouse,3379 S Leisure World Blvd Unit 94-A,Silver Spring,MD,20906,235000,2,2.5,MONTGOMERY MUTUAL COOP,1600,,1967,,147,1174,Sold,,,https://www.redfin.com/MD/Silver-Spring/3379-S-Leisure-World-Blvd-20906/unit-94-A/home/28962060,BRIGHT MLS,MDMC2088848,N,Y,39.0972001,-77.0657553
PAST SALE,,Townhouse,3071 Shepperton Ter,Silver Spring,MD,20904,315000,,2.0,,900,732,1982,,350,,,,,https://www.redfin.com/MD/Silver-Spring/3071-Shepperton-Ter-20904/home/10585112,,,N,Y,39.0826074,-76.9495707
PAST SALE,,Single Family Residential,114 Geneva Ave,Silver Spring,MD,20910,484000,,1.5,,1860,9636,1981,,260,,,,,https://www.redfin.com/MD/Silver-Spring/114-Geneva-Ave-20910/home/11116408,,,N,Y,38.9860771,-77.0069881
PAST SALE,,Single Family Residential,5 Fairdale Ct,Silver Spring,MD,20905,670000,,2.5,,2656,13398,1986,,252,,,,,https://www.redfin.com/MD/Silver-Spring/5-Fairdale-Ct-20905/home/10580736,,,N,Y,39.0922751,-76.9578923
PAST SALE,,Single Family Residential,12922 Holdridge Rd,Silver Spring,MD,20906,361000,,1.5,,1351,6711,1957,,267,,,,,https://www.redfin.com/MD/Silver-Spring/12922-Holdridge-Rd-20906/home/11046249,,,N,Y,39.0696007,-77.0665
PAST SALE,,Single Family Residential,2609 Silverdale Dr,Silver Spring,MD,20906,535000,,2.5,,2286,18683,1964,,234,,,,,https://www.redfin.com/MD/Silver-Spring/2609-Silverdale-Dr-20906/home/11068519,,,N,Y,39.0743582,-77.0547149
PAST SALE,,Single Family Residential,412 Stonington Rd,Silver Spring,MD,20902,825000,,2.0,,2103,42704,1950,,392,,,,,https://www.redfin.com/MD/Silver-Spring/412-Stonington-Rd-20902/home/11001344,,,N,Y,39.0523252,-77.0169901
PAST SALE,,Single Family Residential,13612 Georgia Ave,Silver Spring,MD,20906,400000,,2.0,,1769,8867,1958,,226,,,,,https://www.redfin.com/MD/Silver-Spring/13612-Georgia-Ave-20906/home/11047926,,,N,Y,39.0787874,-77.0734675
PAST SALE,,Single Family Residential,12917 Matey Rd,Silver Spring,MD,20906,375000,,2.5,,1469,7041,1956,,255,,,,,https://www.redfin.com/MD/Silver-Spring/12917-Matey-Rd-20906/home/11046396,,,N,Y,39.0687328,-77.0662726
PAST SALE,,Townhouse,1235 Twig Ter,Silver Spring,MD,20905,260000,,1.5,,1360,1500,1986,,191,,,,,https://www.redfin.com/MD/Silver-Spring/1235-Twig-Ter-20905/home/10591887,,,N,Y,39.0923879,-76.9875052
PAST SALE,,Single Family Residential,13411 Dauphine St,Silver Spring,MD,20906,533000,,3.0,,1869,6300,1956,,285,,,,,https://www.redfin.com/MD/Silver-Spring/13411-Dauphine-St-20906/home/11047923,,,N,Y,39.0765121,-77.0777427
PAST SALE,,Condo/Co-op,15521 Prince Frederick Way #106,Silver Spring,MD,20906,545000,,,,1550,,1977,,352,,,,,https://www.redfin.com/MD/Silver-Spring/15521-Prince-Frederick-Way-20906/unit-106/home/11102815,,,N,Y,39.1114988,-77.068348
PAST SALE,,Townhouse,11042 Amherst Ave,Wheaton,MD,20902,530000,,3.5,,1986,801,2004,,267,,,,,https://www.redfin.com/MD/Wheaton/11042-Amherst-Ave-20902/home/11201928,,,N,Y,39.0377505,-77.0486452
PAST SALE,,Single Family Residential,1523 Forest Glen Rd,Silver Spring,MD,20910,985000,,9.0,,6422,9475,1948,,153,,,,,https://www.redfin.com/MD/Silver-Spring/1523-Forest-Glen-Rd-20910/home/10987215,,,N,Y,39.0163031,-77.0359143
PAST SALE,September-6-2023,Single Family Residential,2403 Eccleston St,Silver Spring,MD,20902,619395,4,2.0,CARROLL KNOLLS,1965,7449,1949,,315,,Sold,,,https://www.redfin.com/MD/Silver-Spring/2403-Eccleston-St-20902/home/10983066,BRIGHT MLS,MDMC2104202,N,Y,39.0230554,-77.0503523
PAST SALE,June-5-2023,Townhouse,2129 Darcy Green Pl,Silver Spring,MD,20910,640000,3,3.0,BELVEDERE GLEN,2000,1240,2002,,320,115,Sold,,,https://www.redfin.com/MD/Silver-Spring/2129-Darcy-Green-Pl-20910/home/11186213,BRIGHT MLS,MDMC2091152,N,Y,39.0174248,-77.0471202
PAST SALE,June-16-2023,Single Family Residential,2813 Newton St,Silver Spring,MD,20902,635000,4,3.0,GLENMONT FOREST,2320,7200,1949,,274,,Sold,,,https://www.redfin.com/MD/Silver-Spring/2813-Newton-St-20902/home/10987355,BRIGHT MLS,MDMC2092664,N,Y,39.0585016,-77.0593021
PAST SALE,June-30-2023,Single Family Residential,610 Ellsworth Dr,Silver Spring,MD,20910,920000,3,3.0,SILVER SPRING,1854,6630,1938,,496,,Sold,,,https://www.redfin.com/MD/Silver-Spring/610-Ellsworth-Dr-20910/home/10967853,BRIGHT MLS,MDMC2096690,N,Y,39.0014021,-77.0227792
PAST SALE,July-5-2023,Single Family Residential,9814 Cottrell Ter,Silver Spring,MD,20903,515000,4,2.0,OAKVIEW,1785,6600,1950,,289,,Sold,,,https://www.redfin.com/MD/Silver-Spring/9814-Cottrell-Ter-20903/home/10561313,BRIGHT MLS,MDMC2096806,N,Y,39.0168029,-76.9835452
PAST SALE,June-6-2023,Single Family Residential,2310 East West Hwy,Silver Spring,MD,20910,800000,4,3.0,WHEATON OUT RES. (1),2287,7881,1951,,350,,Sold,,,https://www.redfin.com/MD/Silver-Spring/2310-E-West-Hwy-20910/home/10950829,BRIGHT MLS,MDMC2092018,N,Y,38.9947083,-77.0498126
PAST SALE,,Single Family Residential,4410 Emden St,Silver Spring,MD,20906,520000,,1.5,,1541,7236,1959,,337,,,,,https://www.redfin.com/MD/Silver-Spring/4410-Emden-St-20906/home/11045336,,,N,Y,39.05006,-77.0861026
PAST SALE,May-26-2023,Single Family Residential,1 Serpentine Ct,Silver Spring,MD,20904,716000,4,3.5,SNOWDENS MILL,2770,14325,1985,,258,18,Sold,,,https://www.redfin.com/MD/Silver-Spring/1-Serpentine-Ct-20904/home/10594851,BRIGHT MLS,MDMC2091510,N,Y,39.0740849,-76.9714395
PAST SALE,July-3-2023,Single Family Residential,11419 Sherrie Ln,Silver Spring,MD,20902,550000,5,2.0,WHEATON HILLS,1638,6600,1954,,336,,Sold,,,https://www.redfin.com/MD/Silver-Spring/11419-Sherrie-Ln-20902/home/11007582,BRIGHT MLS,MDMC2096400,N,Y,39.0437963,-77.0588524
PAST SALE,August-23-2023,Single Family Residential,9100 Kingsbury Dr,Silver Spring,MD,20910,810000,3,2.0,SOUTH WOODSIDE PARK,1505,6046,1933,,538,,Sold,,,https://www.redfin.com/MD/Silver-Spring/9100-Kingsbury-Dr-20910/home/10970717,BRIGHT MLS,MDMC2100756,N,Y,39.0040508,-77.0225966
PAST SALE,September-18-2023,Single Family Residential,406 Williamsburg Dr,Silver Spring,MD,20901,660000,3,2.0,INDIAN SPRING VILLAGE,1476,8057,1947,,447,,Sold,,,https://www.redfin.com/MD/Silver-Spring/406-Williamsburg-Dr-20901/home/11016901,BRIGHT MLS,MDMC2105136,N,Y,39.0206643,-76.9997078
PAST SALE,May-31-2023,Single Family Residential,1603 Crestline Rd,Silver Spring,MD,20904,710000,4,3.5,FAIRKNOLL,3165,9667,1966,,224,,Sold,,,https://www.redfin.com/MD/Silver-Spring/1603-Crestline-Rd-20904/home/10571144,BRIGHT MLS,MDMC2089410,N,Y,39.0741018,-76.9797201
PAST SALE,June-9-2023,Single Family Residential,1426 Squaw Hill Ln,Silver Spring,MD,20906,813000,4,3.5,LAYHILL VIEW,3479,17540,1987,,234,8,Sold,,,https://www.redfin.com/MD/Silver-Spring/1426-Squaw-Hill-Ln-20906/home/11132649,BRIGHT MLS,MDMC2091654,N,Y,39.0822756,-77.0347448
PAST SALE,September-29-2023,Single Family Residential,405 Gilmoure Dr,Silver Spring,MD,20901,596500,3,1.5,FAIRWAY,1584,5031,1948,,377,,Sold,,,https://www.redfin.com/MD/Silver-Spring/405-Gilmoure-Dr-20901/home/10985175,BRIGHT MLS,MDMC2106384,N,Y,39.021743,-77.0161167
PAST SALE,June-30-2023,Single Family Residential,814 Hillsboro Dr,Silver Spring,MD,20902,650000,4,3.0,KEMP MILL ESTATES,2136,7606,1959,,304,,Sold,,,https://www.redfin.com/MD/Silver-Spring/814-Hillsboro-Dr-20902/home/11049457,BRIGHT MLS,MDMC2084436,N,Y,39.0394285,-77.0227564
PAST SALE,June-26-2023,Single Family Residential,13217 Trebleclef Ln,Silver Spring,MD,20904,639900,4,3.5,TANGLEWOOD,2869,14706,1985,,223,42,Sold,,,https://www.redfin.com/MD/Silver-Spring/13217-Trebleclef-Ln-20904/home/10584878,BRIGHT MLS,MDMC2092292,N,Y,39.0744914,-76.9471345
PAST SALE,October-4-2023,Single Family Residential,2036 Henderson Ave,Silver Spring,MD,20902,700000,4,3.0,ARCOLA,2128,14879,1964,,329,,Sold,,,https://www.redfin.com/MD/Silver-Spring/2036-Henderson-Ave-20902/home/10980453,BRIGHT MLS,MDMC2108030,N,Y,39.0504928,-77.0457647
PAST SALE,May-19-2023,Single Family Residential,819 Islington St,Silver Spring,MD,20910,800000,3,3.0,BLAIR,1845,7998,1946,,434,,Sold,,,https://www.redfin.com/MD/Silver-Spring/819-Islington-St-20910/home/10953604,BRIGHT MLS,MDMC2090052,N,Y,38.9870026,-77.0229254
PAST SALE,August-28-2023,Single Family Residential,2213 Nees Ln,Silver Spring,MD,20905,630000,3,2.5,COUNTRYSIDE,1762,15103,1972,,358,,Sold,,,https://www.redfin.com/MD/Silver-Spring/2213-Nees-Ln-20905/home/10577488,BRIGHT MLS,MDMC2099648,N,Y,39.0841109,-76.9656338
PAST SALE,June-22-2023,Single Family Residential,17432 Astoria Ln,Silver Spring,MD,20905,780000,3,3.0,EDNOR ACRES,3639,49658,1956,,214,,Sold,,,https://www.redfin.com/MD/Silver-Spring/17432-Astoria-Ln-20905/home/10706319,BRIGHT MLS,MDMC2092358,N,Y,39.1464576,-76.9889451
PAST SALE,October-24-2023,Single Family Residential,2809 East West Hwy,Chevy Chase,MD,20815,675000,4,3.0,ROCK CREEK FOREST,2045,7341,1951,,330,,Sold,,,https://www.redfin.com/MD/Chevy-Chase/2809-E-West-Hwy-20815/home/11039204,BRIGHT MLS,MDMC2106874,N,Y,38.9926391,-77.0592122
PAST SALE,October-12-2023,Townhouse,12044 Milton St,Wheaton,MD,20902,330000,3,2.0,CONN AVE ESTATES,1232,3548,1951,,268,,Sold,,,https://www.redfin.com/MD/Wheaton/12044-Milton-St-20902/home/11019384,BRIGHT MLS,MDMC2104582,N,Y,39.053941,-77.0659341
PAST SALE,June-9-2023,Townhouse,2 Sonata Ct,Silver Spring,MD,20901,500000,3,3.5,DUMONT OAKS,1997,2622,1986,,250,105,Sold,,,https://www.redfin.com/MD/Silver-Spring/2-Sonata-Ct-20901/home/10592550,BRIGHT MLS,MDMC2093118,N,Y,39.0426005,-76.9952846
PAST SALE,July-17-2023,Single Family Residential,8409 Grove St,Silver Spring,MD,20910,1425000,5,5.0,SILVER SPRING,3314,10900,1916,,430,,Sold,,,https://www.redfin.com/MD/Silver-Spring/8409-Grove-St-20910/home/10967680,BRIGHT MLS,MDMC2094962,N,Y,38.9948495,-77.0218795
PAST SALE,July-24-2023,Single Family Residential,14105 Alderton Rd,Silver Spring,MD,20906,1000000,4,3.5,WHEATON OUT RES. (2),3273,34192,2023,,306,,Sold,,,https://www.redfin.com/MD/Silver-Spring/14105-Alderton-Rd-20906/home/11145065,BRIGHT MLS,MDMC2096368,N,Y,39.087027,-77.033356
PAST SALE,August-3-2023,Single Family Residential,504 Pershing Dr,Silver Spring,MD,20910,802000,4,2.0,SOUTH WOODSIDE PARK,2511,6948,1938,,319,,Sold,,,https://www.redfin.com/MD/Silver-Spring/504-Pershing-Dr-20910/home/10970719,BRIGHT MLS,MDMC2100654,N,Y,39.0019691,-77.01999
PAST SALE,August-4-2023,Single Family Residential,14728 Cobblestone Dr,Silver Spring,MD,20905,642000,5,2.5,STONEGATE,2549,19548,1970,,252,,Sold,,,https://www.redfin.com/MD/Silver-Spring/14728-Cobblestone-Dr-20905/home/10574172,BRIGHT MLS,MDMC2098200,N,Y,39.0986346,-77.0196076
PAST SALE,June-12-2023,Single Family Residential,15408 Wembrough St,Silver Spring,MD,20905,615000,4,3.5,GOOD HOPE ESTATES,2044,13935,1971,,301,,Sold,,,https://www.redfin.com/MD/Silver-Spring/15408-Wembrough-St-20905/home/10576510,BRIGHT MLS,MDMC2092558,N,Y,39.1089242,-76.9831035
PAST SALE,May-23-2023,Single Family Residential,8615 Mayfair Pl,Silver Spring,MD,20910,1100000,5,3.5,SILVER SPRING,3105,9265,1953,,354,,Sold,,,https://www.redfin.com/MD/Silver-Spring/8615-Mayfair-Pl-20910/home/10967200,BRIGHT MLS,MDMC2089958,N,Y,39.001541,-77.0218795
PAST SALE,August-25-2023,Single Family Residential,13233 Bellevue St,Silver Spring,MD,20904,530000,3,3.0,CALVERTON,2000,11000,1966,,265,,Sold,,,https://www.redfin.com/MD/Silver-Spring/13233-Bellevue-St-20904/home/10572142,BRIGHT MLS,MDMC2102456,N,Y,39.0621903,-76.9436459
PAST SALE,April-28-2023,Townhouse,11618 Leesborough Cir,Silver Spring,MD,20902,585000,3,3.0,LEESBOROUGH,1880,1170,2010,,311,99,Sold,,,https://www.redfin.com/MD/Silver-Spring/11618-Leesborough-Cir-20902/home/40017157,BRIGHT MLS,MDMC2085866,N,Y,39.0454078,-77.0487823
PAST SALE,May-15-2023,Single Family Residential,13625 Blue Stem Ln,Silver Spring,MD,20906,920000,4,4.5,POPLAR RUN,3320,6000,2012,,277,120,Sold,,,https://www.redfin.com/MD/Silver-Spring/13625-Blue-Stem-Ln-20906/home/44617957,BRIGHT MLS,MDMC2092280,N,Y,39.0799293,-77.0365933
PAST SALE,July-7-2023,Townhouse,10610 Georgia Ave,Silver Spring,MD,20902,540000,4,3.0,PLYERS MILL ESTATES,1980,1427,1980,,273,170,Sold,,,https://www.redfin.com/MD/Silver-Spring/10610-Georgia-Ave-20902/home/11109169,BRIGHT MLS,MDMC2096878,N,Y,39.0286591,-77.0477599
PAST SALE,July-31-2023,Single Family Residential,12920 Beethoven Blvd,Silver Spring,MD,20904,620000,3,3.0,TANGLEWOOD,2552,8182,1985,,243,44,Sold,,,https://www.redfin.com/MD/Silver-Spring/12920-Beethoven-Blvd-20904/home/10583503,BRIGHT MLS,MDMC2095834,N,Y,39.0685367,-76.9461442
PAST SALE,June-20-2023,Townhouse,1111 Fairview Ct,Silver Spring,MD,20910,750000,4,3.5,WOODSIDE PARK,2092,1514,1981,,359,133,Sold,,,https://www.redfin.com/MD/Silver-Spring/1111-Fairview-Ct-20910/home/11112494,BRIGHT MLS,MDMC2095514,N,Y,39.00097,-77.0282786
PAST SALE,June-9-2023,Single Family Residential,708 Kerwin Rd,Silver Spring,MD,20901,650000,3,3.0,MCDONALD KNOLLS,2210,7807,1961,,294,,Sold,,,https://www.redfin.com/MD/Silver-Spring/708-Kerwin-Rd-20901/home/11059499,BRIGHT MLS,MDMC2087984,N,Y,39.0274107,-77.0228691
PAST SALE,July-12-2023,Single Family Residential,9227 Mintwood St,Silver Spring,MD,20901,792000,3,2.0,BROOKSIDE FOREST,2012,9104,1947,,394,,Sold,,,https://www.redfin.com/MD/Silver-Spring/9227-Mintwood-St-20901/home/11054551,BRIGHT MLS,MDMC2095682,N,Y,39.0081907,-77.00349
PAST SALE,May-16-2023,Single Family Residential,12107 Livingston St,Silver Spring,MD,20902,470000,2,2.5,KINGSWELL SUB,1488,7950,1955,,316,,Sold,,,https://www.redfin.com/MD/Wheaton/12107-Livingston-St-20902/home/11051824,BRIGHT MLS,MDMC2087874,N,Y,39.0539004,-77.0600799
PAST SALE,July-10-2023,Single Family Residential,7827 13th St NW,Washington,DC,20012,1260000,4,3.0,Shepherd Park,2714,5292,1937,,464,,Sold,,,https://www.redfin.com/DC/Washington/7827-13th-St-NW-20012/home/10037107,BRIGHT MLS,DCDC2098404,N,Y,38.9853893,-77.0294413
PAST SALE,October-6-2023,Single Family Residential,8923 2nd Ave,Silver Spring,MD,20910,999000,5,3.0,WOODSIDE,3572,7389,1955,,280,,Sold,,,https://www.redfin.com/MD/Silver-Spring/8923-2nd-Ave-20910/home/10980104,BRIGHT MLS,MDMC2105254,N,Y,39.0025613,-77.039067
PAST SALE,August-25-2023,Single Family Residential,2001 Glenallan Ave,Silver Spring,MD,20902,610000,4,3.5,GLEN ALLEN,2144,9849,1936,,285,,Sold,,,https://www.redfin.com/MD/Silver-Spring/2001-Glenallan-Ave-20902/home/11058013,BRIGHT MLS,MDMC2098430,N,Y,39.0598629,-77.0428916
PAST SALE,July-21-2023,Single Family Residential,9513 Biltmore Dr,Silver Spring,MD,20901,540000,3,2.5,INDIAN SPRING PARK,1725,5765,1930,,313,,Sold,,,https://www.redfin.com/MD/Silver-Spring/9513-Biltmore-Dr-20901/home/10960153,BRIGHT MLS,MDMC2094142,N,Y,39.0121626,-77.0048735
PAST SALE,June-21-2023,Townhouse,12059 Milton St,Silver Spring,MD,20902,415000,4,2.0,CONN AVE ESTATES,1008,4550,1951,,412,,Sold,,,https://www.redfin.com/MD/Silver-Spring/12059-Milton-St-20902/home/11025030,BRIGHT MLS,MDMC2094006,N,Y,39.0539186,-77.0640083
PAST SALE,June-26-2023,Single Family Residential,11707 Mentone Rd,Silver Spring,MD,20906,625000,4,2.5,GARRETT FOREST,1845,12069,1958,,339,,Sold,,,https://www.redfin.com/MD/Silver-Spring/11707-Mentone-Rd-20906/home/11045588,BRIGHT MLS,MDMC2093048,N,Y,39.049077,-77.0806229
PAST SALE,May-30-2023,Single Family Residential,1341 Crockett Ln,Silver Spring,MD,20904,615000,4,2.5,LANDFARE,3232,15338,1984,,190,,Sold,,,https://www.redfin.com/MD/Silver-Spring/1341-Crockett-Ln-20904/home/10584542,BRIGHT MLS,MDMC2088984,N,Y,39.0825312,-76.9869784
PAST SALE,October-16-2023,Townhouse,3603 Chorley Woods Way #4,Silver Spring,MD,20906,430000,3,2.0,ROSSMOOR MUTUAL #13,1193,1193,1974,,360,940,Sold,,,https://www.redfin.com/MD/Silver-Spring/3603-Chorley-Woods-Way-20906/unit-4/home/11096229,BRIGHT MLS,MDMC2107386,N,Y,39.1048789,-77.0740926
PAST SALE,June-21-2023,Townhouse,3044 Piano Ln #97,Silver Spring,MD,20904,346000,3,2.5,STKBRDGE AT TANGLWD COD,1280,,1983,,270,228,Sold,,,https://www.redfin.com/MD/Silver-Spring/3044-Piano-Ln-20904/unit-97/home/105494108,BRIGHT MLS,MDMC2091010,N,Y,39.0711788,-76.9480782
PAST SALE,August-11-2023,Single Family Residential,2805 Washington Ave,Chevy Chase,MD,20815,1316000,3,4.5,ROCK CREEK FOREST,2524,5000,1941,,521,,Sold,,,https://www.redfin.com/MD/Chevy-Chase/2805-Washington-Ave-20815/home/10999313,BRIGHT MLS,MDMC2099100,N,Y,38.9904045,-77.0589424
PAST SALE,May-2-2023,Single Family Residential,3143 Castleleigh Rd,Silver Spring,MD,20904,615000,5,3.0,CALVERTON,1885,10120,1965,,326,,Sold,,,https://www.redfin.com/MD/Silver-Spring/3143-Castleleigh-Rd-20904/home/10573054,BRIGHT MLS,MDMC2087594,N,Y,39.064093,-76.9411925
PAST SALE,May-8-2023,Single Family Residential,601 Symphony Woods Dr,Silver Spring,MD,20901,721000,4,3.5,DUMONT OAKS,3192,18076,1986,,226,79,Sold,,,https://www.redfin.com/MD/Silver-Spring/601-Symphony-Woods-Dr-20901/home/10582814,BRIGHT MLS,MDMC2088708,N,Y,39.0440475,-77.0024439
PAST SALE,August-8-2023,Townhouse,14926 Dunvegan Ct,Silver Spring,MD,20906,425000,3,2.5,LONGMEAD,1408,2150,1987,,302,79,Sold,,,https://www.redfin.com/MD/Silver-Spring/14926-Dunvegan-Ct-20906/home/11131804,BRIGHT MLS,MDMC2100346,N,Y,39.0991525,-77.0470129
PAST SALE,July-14-2023,Single Family Residential,2609 Weisman Rd,Silver Spring,MD,20902,540000,7,4.0,WEISMANS SUB,2808,8420,1951,,192,,Sold,,,https://www.redfin.com/MD/Silver-Spring/2609-Weisman-Rd-20902/home/11031132,BRIGHT MLS,MDMC2093560,N,Y,39.0543112,-77.0541873
PAST SALE,May-22-2023,Single Family Residential,204 Parkside Rd,Silver Spring,MD,20910,1075000,4,3.0,SLIGO PARK HILLS,2828,8944,1951,,380,,Sold,,,https://www.redfin.com/MD/Silver-Spring/204-Parkside-Rd-20910/home/10970179,BRIGHT MLS,MDMC2091210,N,Y,38.9878799,-77.0066282
PAST SALE,May-18-2023,Single Family Residential,2615 Weller Rd,Silver Spring,MD,20906,600000,4,3.0,FOXHALL,1938,11287,1967,,310,,Sold,,,https://www.redfin.com/MD/Silver-Spring/2615-Weller-Rd-20906/home/11068221,BRIGHT MLS,MDMC2086662,N,Y,39.0704226,-77.0563789
PAST SALE,July-21-2023,Single Family Residential,2116 Parker Ave,Silver Spring,MD,20902,700000,5,3.0,ARCOLA,2082,20000,1954,,336,,Sold,,,https://www.redfin.com/MD/Silver-Spring/2116-Parker-Ave-20902/home/10980603,BRIGHT MLS,MDMC2095248,N,Y,39.0493314,-77.0461246
PAST SALE,September-12-2023,Single Family Residential,14320 Cantrell Rd,Silver Spring,MD,20905,576000,4,2.5,GUM SPRINGS FARM,3175,20000,1968,,181,,Sold,,,https://www.redfin.com/MD/Silver-Spring/14320-Cantrell-Rd-20905/home/10575120,BRIGHT MLS,MDMC2103668,N,Y,39.0918376,-76.9727446
PAST SALE,June-27-2023,Townhouse,14607 Deerhurst Ter Unit 211-B,Silver Spring,MD,20906,356600,3,2.0,ROSSMOOR MUTUAL #10,1193,,1971,,299,909,Sold,,,https://www.redfin.com/MD/Silver-Spring/14607-Deerhurst-Ter-20906/unit-211-B/home/11089837,BRIGHT MLS,MDMC2091488,N,Y,39.0958411,-77.0654167
PAST SALE,April-28-2023,Single Family Residential,9713 Saxony Rd,Silver Spring,MD,20910,647000,3,3.0,NORTHMONT,2305,7514,1952,,281,,Sold,,,https://www.redfin.com/MD/Silver-Spring/9713-Saxony-Rd-20910/home/11052188,BRIGHT MLS,MDMC2086894,N,Y,39.0154388,-77.0374886
PAST SALE,July-10-2023,Single Family Residential,1509 Moffet Rd,Silver Spring,MD,20903,580000,5,4.0,OAKVIEW,2613,7735,1950,,222,,Sold,,,https://www.redfin.com/MD/Silver-Spring/1509-Moffet-Rd-20903/home/10561254,BRIGHT MLS,MDMC2095306,N,Y,39.0170946,-76.981477
PAST SALE,August-22-2023,Single Family Residential,2613 Woodedge Rd,Silver Spring,MD,20906,615000,4,2.5,FOXHALL,1794,12179,1964,,343,,Sold,,,https://www.redfin.com/MD/Silver-Spring/2613-Woodedge-Rd-20906/home/11068982,BRIGHT MLS,MDMC2099386,N,Y,39.0724332,-77.0557493
PAST SALE,,Condo/Co-op,2126 Bucknell Ter #32,Silver Spring,MD,20902,520000,,,,1520,,1967,,342,,,,,https://www.redfin.com/MD/Silver-Spring/2126-Bucknell-Ter-20902/unit-32/home/10950427,,,N,Y,39.0360423,-77.0452751
PAST SALE,August-16-2023,Townhouse,1421 Casino Cir,Silver Spring,MD,20906,460000,3,3.0,TIVOLI,2126,2152,1985,,216,105,Sold,,,https://www.redfin.com/MD/Silver-Spring/1421-Casino-Cir-20906/home/11126860,BRIGHT MLS,MDMC2097602,N,Y,39.0672674,-77.0323905
PAST SALE,May-8-2023,Single Family Residential,10712 Tenbrook Dr,Silver Spring,MD,20901,550000,3,2.5,SLIGO ESTATES,1642,6600,1955,,335,,Sold,,,https://www.redfin.com/MD/Silver-Spring/10712-Tenbrook-Dr-20901/home/11054333,BRIGHT MLS,MDMC2088812,N,Y,39.0316895,-77.0288521
PAST SALE,August-7-2023,Single Family Residential,11606 Mapleview Dr,Silver Spring,MD,20902,530000,3,2.0,CONNECTICUT GARDENS,1152,9891,1951,,460,,Sold,,,https://www.redfin.com/MD/Silver-Spring/11606-Mapleview-Dr-20902/home/11025974,BRIGHT MLS,MDMC2100046,N,Y,39.0467562,-77.0749019
PAST SALE,August-8-2023,Townhouse,3700 Bloomsbury Ct Unit 25-A,Silver Spring,MD,20906,455000,3,2.0,ROSSMOOR MUTUAL #13,1193,,1974,,381,928,Sold,,,https://www.redfin.com/MD/Silver-Spring/3700-Bloomsbury-Ct-20906/unit-25-A/home/11096355,BRIGHT MLS,MDMC2100468,N,Y,39.1076978,-77.0750286
PAST SALE,October-23-2023,Single Family Residential,12700 Billington Rd,Silver Spring,MD,20904,632000,5,3.0,FAIRVIEW ESTATES,2730,11688,1967,,232,,Sold,,,https://www.redfin.com/MD/Silver-Spring/12700-Billington-Rd-20904/home/10568489,BRIGHT MLS,MDMC2104742,N,Y,39.0652694,-76.9833652
PAST SALE,July-12-2023,Single Family Residential,8400 Galveston Rd,Silver Spring,MD,20910,910000,3,2.5,SLIGO PARK HILLS,1856,8219,1940,,490,,Sold,,,https://www.redfin.com/MD/Silver-Spring/8400-Galveston-Rd-20910/home/10968535,BRIGHT MLS,MDMC2096640,N,Y,38.9949808,-77.0120271
PAST SALE,October-3-2023,Single Family Residential,2703 Colston Dr,Chevy Chase,MD,20815,1175000,4,2.5,ROCK CREEK FOREST,2462,5882,1941,,477,,Sold,,,https://www.redfin.com/MD/Chevy-Chase/2703-Colston-Dr-20815/home/11000324,BRIGHT MLS,MDMC2105686,N,Y,38.9918141,-77.0557943
PAST SALE,September-29-2023,Single Family Residential,10911 Martha Dr,Silver Spring,MD,20901,680000,4,3.0,BURNT MILLS MANOR,2670,12977,1958,,255,,Sold,,,https://www.redfin.com/MD/Silver-Spring/10911-Martha-Dr-20901/home/10562854,BRIGHT MLS,MDMC2104296,N,Y,39.0354872,-76.9986194
PAST SALE,June-23-2023,Single Family Residential,1214 Noyes Dr,Silver Spring,MD,20910,900000,3,3.0,WOODSIDE PARK,1587,11885,1975,,567,,Sold,,,https://www.redfin.com/MD/Silver-Spring/1214-Noyes-Dr-20910/home/11154690,BRIGHT MLS,MDMC2090594,N,Y,39.0027206,-77.0312216
PAST SALE,June-23-2023,Single Family Residential,9907 Markham St,Silver Spring,MD,20901,660000,4,3.0,CHALFONTE,1638,5752,1947,,403,,Sold,,,https://www.redfin.com/MD/Silver-Spring/9907-Markham-St-20901/home/11069958,BRIGHT MLS,MDMC2094986,N,Y,39.0182281,-77.0192252
PAST SALE,May-16-2023,Single Family Residential,15436 Merrifields Ln,Silver Spring,MD,20906,915000,4,3.5,GAYWOODS ESTATES,4742,13272,1985,,193,,Sold,,,https://www.redfin.com/MD/Silver-Spring/15436-Merrifields-Ln-20906/home/11112533,BRIGHT MLS,MDMC2088578,N,Y,39.1104812,-77.0494753
PAST SALE,June-5-2023,Single Family Residential,1104 Woodside Pkwy,Silver Spring,MD,20910,905000,4,2.5,WOODSIDE PARK,1302,7620,1933,,695,,Sold,,,https://www.redfin.com/MD/Silver-Spring/1104-Woodside-Pkwy-20910/home/11079859,BRIGHT MLS,MDMC2090584,N,Y,39.0041375,-77.0271427
PAST SALE,July-5-2023,Single Family Residential,4000 Highview Dr,Silver Spring,MD,20906,560000,4,3.0,GARRETT FOREST,1763,8721,1962,,318,,Sold,,,https://www.redfin.com/MD/Silver-Spring/4000-Highview-Dr-20906/home/11044827,BRIGHT MLS,MDMC2093074,N,Y,39.0495548,-77.0779688
PAST SALE,June-12-2023,Townhouse,14631 Deerhurst Ter Unit 215-B,Silver Spring,MD,20906,399000,3,2.0,ROSSMOOR MUTUAL #10,1193,,1971,,334,887,Sold,,,https://www.redfin.com/MD/Silver-Spring/14631-Deerhurst-Ter-20906/unit-215-B/home/11089866,BRIGHT MLS,MDMC2092302,N,Y,39.0965519,-77.0648703
PAST SALE,August-23-2023,Single Family Residential,9610 Clearview Pl,Silver Spring,MD,20901,710000,3,2.0,INDIAN SPRING CLUB ESTS,2050,7192,1940,,346,,Sold,,,https://www.redfin.com/MD/Silver-Spring/9610-Clearview-Pl-20901/home/10961490,BRIGHT MLS,MDMC2100600,N,Y,39.0142067,-77.0070574
PAST SALE,May-31-2023,Single Family Residential,14107 Northwyn Dr,Silver Spring,MD,20904,740000,4,3.5,STONEGATE,3330,17960,1970,,222,,Sold,,,https://www.redfin.com/MD/Silver-Spring/14107-Northwyn-Dr-20904/home/10574533,BRIGHT MLS,MDMC2090858,N,Y,39.0893418,-77.0147264
PAST SALE,June-22-2023,Single Family Residential,2848 Gunarette Way,Silver Spring,MD,20906,700000,4,3.5,WHEATON OUT RES. (2),2672,12242,1984,,262,6,Sold,,,https://www.redfin.com/MD/Silver-Spring/2848-Gunarette-Way-20906/home/11120029,BRIGHT MLS,MDMC2094956,N,Y,39.0977107,-77.0602465
PAST SALE,September-28-2023,Single Family Residential,9505 Saginaw St,Silver Spring,MD,20901,640000,3,2.0,INDIAN SPRING HILLS,1848,9082,1949,,346,,Sold,,,https://www.redfin.com/MD/Silver-Spring/9505-Saginaw-St-20901/home/11015062,BRIGHT MLS,MDMC2105840,N,Y,39.0114778,-77.01338
PAST SALE,September-25-2023,Single Family Residential,10902 Breewood Rd,Silver Spring,MD,20901,640000,4,3.0,WHEATON OUT RES. (2),1768,7700,1982,,362,,Sold,,,https://www.redfin.com/MD/Silver-Spring/10902-Breewood-Rd-20901/home/10951166,BRIGHT MLS,MDMC2106272,N,Y,39.0335521,-77.0254783
PAST SALE,August-11-2023,Single Family Residential,10611 Dunkirk Dr,Silver Spring,MD,20902,530000,3,2.0,NORTHBROOK ESTATES,2058,8802,1951,,258,,Sold,,,https://www.redfin.com/MD/Silver-Spring/10611-Dunkirk-Dr-20902/home/11060176,BRIGHT MLS,MDMC2100732,N,Y,39.0300595,-77.0417617
PAST SALE,July-31-2023,Single Family Residential,1310 Canyon Rd,Silver Spring,MD,20904,585000,4,3.5,FAIRKNOLL,2654,8000,1965,,220,,Sold,,,https://www.redfin.com/MD/Silver-Spring/1310-Canyon-Rd-20904/home/10571104,BRIGHT MLS,MDMC2097226,N,Y,39.0761388,-76.9853452
PAST SALE,September-11-2023,Single Family Residential,10602 Woodsdale Dr,Silver Spring,MD,20901,650000,4,3.0,NORTHWEST BRANCH ESTS,2276,10762,1959,,286,,Sold,,,https://www.redfin.com/MD/Silver-Spring/10602-Woodsdale-Dr-20901/home/10564313,BRIGHT MLS,MDMC2100532,N,Y,39.0296373,-76.9996543
PAST SALE,May-4-2023,Single Family Residential,2613 Cory Ter,Silver Spring,MD,20902,575500,5,2.0,KINGSWELL SUB,2046,8392,1958,,281,,Sold,,,https://www.redfin.com/MD/Silver-Spring/2613-Cory-Ter-20902/home/11051692,BRIGHT MLS,MDMC2086572,N,Y,39.0528492,-77.0531858
PAST SALE,July-10-2023,Townhouse,9051 Ottawa Pl,Silver Spring,MD,20910,650000,4,3.0,WOODSIDE,2192,1509,1981,,297,117,Sold,,,https://www.redfin.com/MD/Silver-Spring/9051-Ottawa-Pl-20910/home/11109899,BRIGHT MLS,MDMC2093254,N,Y,39.0038293,-77.0371382
PAST SALE,July-3-2023,Single Family Residential,10208 Green Forest Dr,Silver Spring,MD,20903,610000,4,3.0,HILLANDALE FOREST,2146,12000,1957,,284,,Sold,,,https://www.redfin.com/MD/Silver-Spring/10208-Green-Forest-Dr-20903/home/10563055,BRIGHT MLS,MDMC2097234,N,Y,39.0216328,-76.9718944
PAST SALE,June-30-2023,Single Family Residential,2903 Dawson Ave,Silver Spring,MD,20902,550000,5,3.5,WHEATON HILLS,1782,5975,1949,,309,,Sold,,,https://www.redfin.com/MD/Silver-Spring/2903-Dawson-Ave-20902/home/11005785,BRIGHT MLS,MDMC2094016,N,Y,39.0457752,-77.0601555
PAST SALE,August-29-2023,Townhouse,2922 Strauss Ter,Silver Spring,MD,20904,370000,3,1.5,TANGLEWOOD,1134,1532,1986,,326,71,Sold,,,https://www.redfin.com/MD/Silver-Spring/2922-Strauss-Ter-20904/home/10596730,BRIGHT MLS,MDMC2102360,N,Y,39.0747707,-76.9502348
PAST SALE,September-15-2023,Single Family Residential,13225 Trebleclef Ln,Silver Spring,MD,20904,650000,4,3.5,TANGLEWOOD,3068,13391,1986,,212,44,Sold,,,https://www.redfin.com/MD/Silver-Spring/13225-Trebleclef-Ln-20904/home/10584876,BRIGHT MLS,MDMC2102508,N,Y,39.074837,-76.9473596
PAST SALE,July-31-2023,Single Family Residential,12702 Littleton St,Silver Spring,MD,20906,512000,3,2.0,STONEYBROOK ESTATES,1274,7770,1958,,402,,Sold,,,https://www.redfin.com/MD/Silver-Spring/12702-Littleton-St-20906/home/11054100,BRIGHT MLS,MDMC2100162,N,Y,39.0645135,-77.0853832
PAST SALE,May-30-2023,Townhouse,14702 Bigby Ct Unit 229-B,Silver Spring,MD,20906,419000,3,2.0,ROSSMOOR MUTUAL #10,1193,,1971,,351,971,Sold,,,https://www.redfin.com/MD/Silver-Spring/14702-Bigby-Ct-20906/unit-229-B/home/11089946,BRIGHT MLS,MDMC2091160,N,Y,39.0977707,-77.0639118
PAST SALE,July-25-2023,Single Family Residential,11009 Burnley Ter,Silver Spring,MD,20902,649000,6,3.0,WHEATON FOREST,2060,6156,1950,,315,,Sold,,,https://www.redfin.com/MD/Silver-Spring/11009-Burnley-Ter-20902/home/11031683,BRIGHT MLS,MDMC2097960,N,Y,39.0374455,-77.047249
PAST SALE,August-28-2023,Single Family Residential,2121 Edgeware St,Silver Spring,MD,20905,475000,4,2.5,GOOD HOPE ESTATES,1984,13775,1975,,239,,Sold,,,https://www.redfin.com/MD/Silver-Spring/2121-Edgeware-St-20905/home/10576073,BRIGHT MLS,MDMC2102906,N,Y,39.1080201,-76.9687925
PAST SALE,June-14-2023,Single Family Residential,803 Norwood Rd,Silver Spring,MD,20905,885000,4,4.0,COLESVILLE OUTSIDE,4385,89734,2015,,202,,Sold,,,https://www.redfin.com/MD/Silver-Spring/803-Norwood-Rd-20905/home/85694889,BRIGHT MLS,MDMC2092820,N,Y,39.12387865,-77.02107111
PAST SALE,June-2-2023,Single Family Residential,12100 Grandview Ave,Silver Spring,MD,20902,380000,2,1.0,WEISMANS SUB,822,7195,1951,,462,,Sold,,,https://www.redfin.com/MD/Silver-Spring/12100-Grandview-Ave-20902/home/11030987,BRIGHT MLS,MDMC2092158,N,Y,39.0532736,-77.0523312
PAST SALE,May-11-2023,Single Family Residential,1615 Timberline Rd,Silver Spring,MD,20904,553000,4,3.0,FAIRKNOLL,2423,9200,1966,,228,,Sold,,,https://www.redfin.com/MD/Silver-Spring/1615-Timberline-Rd-20904/home/10571057,BRIGHT MLS,MDMC2090006,N,Y,39.0746979,-76.9784178
PAST SALE,July-7-2023,Single Family Residential,106 Lynnmoor Dr,Silver Spring,MD,20901,661000,4,2.0,WOODMOOR,1958,5200,1950,,338,,Sold,,,https://www.redfin.com/MD/Silver-Spring/106-Lynnmoor-Dr-20901/home/10978073,BRIGHT MLS,MDMC2096228,N,Y,39.0277763,-77.0067133
PAST SALE,May-5-2023,Single Family Residential,1214 Morningside Dr,Silver Spring,MD,20904,553000,4,3.0,PAINT BRANCH ESTS,1855,10208,1964,,298,,Sold,,,https://www.redfin.com/MD/Silver-Spring/1214-Morningside-Dr-20904/home/10566756,BRIGHT MLS,MDMC2088130,N,Y,39.0685072,-76.9852215
PAST SALE,August-25-2023,Single Family Residential,602 Stirling Rd,Silver Spring,MD,20901,651776,3,2.0,CHALFONTE,1685,6300,1950,,387,,Sold,,,https://www.redfin.com/MD/Silver-Spring/602-Stirling-Rd-20901/home/11069942,BRIGHT MLS,MDMC2103006,N,Y,39.0174275,-77.0195851
PAST SALE,August-21-2023,Single Family Residential,10600 Huntley Pl,Silver Spring,MD,20902,635000,4,2.5,CHESTNUT RIDGE MANOR,2164,5980,1950,,293,,Sold,,,https://www.redfin.com/MD/Silver-Spring/10600-Huntley-Pl-20902/home/11017642,BRIGHT MLS,MDMC2101768,N,Y,39.0302329,-77.0376216
PAST SALE,August-25-2023,Single Family Residential,9506 E Light Dr,Silver Spring,MD,20903,500000,4,2.0,OAKVIEW,1729,11578,1961,,289,,Sold,,,https://www.redfin.com/MD/Silver-Spring/9506-E-Light-Dr-20903/home/10561044,BRIGHT MLS,MDMC2102860,N,Y,39.0127379,-76.9850442
PAST SALE,April-28-2023,Single Family Residential,3816 Kayson St,Silver Spring,MD,20906,560000,4,2.5,CONN AVE PARK,1774,8834,1956,,316,,Sold,,,https://www.redfin.com/MD/Silver-Spring/3816-Kayson-St-20906/home/11038550,BRIGHT MLS,MDMC2088458,N,Y,39.067273,-77.0771548
PAST SALE,October-6-2023,Single Family Residential,13905 Pleasant Grove Ct,Silver Spring,MD,20904,750000,5,3.5,COLESVILLE MANOR,3604,15000,1988,,208,,Sold,,,https://www.redfin.com/MD/Silver-Spring/13905-Pleasant-Grove-Ct-20904/home/10581744,BRIGHT MLS,MDMC2104200,N,Y,39.0838166,-77.0040636
PAST SALE,September-11-2023,Single Family Residential,3702 Wendy Ln,Silver Spring,MD,20906,505000,3,2.0,HARMONY HILLS,1769,7240,1958,,285,,Sold,,,https://www.redfin.com/MD/Silver-Spring/3702-Wendy-Ln-20906/home/11048029,BRIGHT MLS,MDMC2102876,N,Y,39.0792035,-77.0743219
PAST SALE,July-10-2023,Single Family Residential,12901 Shaw Pl,Silver Spring,MD,20904,765000,4,3.5,MEADOWOOD,3246,25598,1987,,236,,Sold,,,https://www.redfin.com/MD/Silver-Spring/12901-Shaw-Pl-20904/home/10596175,BRIGHT MLS,MDMC2095102,N,Y,39.0682765,-77.0053684
PAST SALE,June-8-2023,Single Family Residential,3208 Birchtree Ln,Silver Spring,MD,20906,668000,4,2.5,STRATHMORE AT BEL PRE,3216,14762,1970,,208,29,Sold,,,https://www.redfin.com/MD/Silver-Spring/3208-Birchtree-Ln-20906/home/11084871,BRIGHT MLS,MDMC2092080,N,Y,39.0841063,-77.0652383
PAST SALE,June-29-2023,Single Family Residential,3106 Brooklawn Ter,Chevy Chase,MD,20815,1300000,4,2.5,DUNLOP HILLS,2089,10858,1960,,622,,Sold,,,https://www.redfin.com/MD/Chevy-Chase/3106-Brooklawn-Ter-20815/home/10667998,BRIGHT MLS,MDMC2091038,N,Y,38.9884107,-77.0643839
PAST SALE,August-2-2023,Townhouse,3600 Berkenhead Ct Unit 19-B,Silver Spring,MD,20906,415000,3,2.0,ROSSMOOR MUTUAL #13,1193,,1974,,348,939,Sold,,,https://www.redfin.com/MD/Silver-Spring/3600-Berkenhead-Ct-20906/unit-19-B/home/11096324,BRIGHT MLS,MDMC2098880,N,Y,39.1066857,-77.0741984
PAST SALE,May-12-2023,Single Family Residential,2005 Cascade Rd,Silver Spring,MD,20902,700000,4,2.0,GLENVIEW,2122,6252,1954,,330,,Sold,,,https://www.redfin.com/MD/Silver-Spring/2005-Cascade-Rd-20902/home/10988415,BRIGHT MLS,MDMC2089034,N,Y,39.0304922,-77.0434709
PAST SALE,July-3-2023,Single Family Residential,11808 Goodloe Rd,Silver Spring,MD,20906,559000,4,2.0,VEIRS MILL VILLAGE,972,6000,1946,,575,,Sold,,,https://www.redfin.com/MD/Silver-Spring/11808-Goodloe-Rd-20906/home/11002169,BRIGHT MLS,MDMC2090232,N,Y,39.0494267,-77.0879048
PAST SALE,May-26-2023,Single Family Residential,2421 Dennis Ave,Silver Spring,MD,20902,610000,4,2.5,CARROLL KNOLLS,2086,5942,1951,,292,,Sold,,,https://www.redfin.com/MD/Silver-Spring/2421-Dennis-Ave-20902/home/10982749,BRIGHT MLS,MDMC2089260,N,Y,39.0246247,-77.0521963
PAST SALE,May-18-2023,Townhouse,3601 Berkenhead Ct Unit 19-A,Silver Spring,MD,20906,405000,3,2.0,ROSSMOOR MUTUAL #13,1425,,1974,,284,966,Sold,,,https://www.redfin.com/MD/Silver-Spring/3601-Berkenhead-Ct-20906/unit-19-A/home/11096322,BRIGHT MLS,MDMC2089152,N,Y,39.106772,-77.074187
PAST SALE,July-5-2023,Single Family Residential,12724 Feldon St,Silver Spring,MD,20906,480000,4,2.0,CONN AVE ESTATES,1914,6090,1954,,251,,Sold,,,https://www.redfin.com/MD/Silver-Spring/12724-Feldon-St-20906/home/11024153,BRIGHT MLS,MDMC2091568,N,Y,39.0649497,-77.0757159
PAST SALE,June-23-2023,Single Family Residential,428 Northwest Dr,Silver Spring,MD,20901,720000,8,4.0,BURNT MILLS GAR-VILL,2562,11824,1950,,281,,Sold,,,https://www.redfin.com/MD/Silver-Spring/428-Northwest-Dr-20901/home/10560674,BRIGHT MLS,MDMC2094734,N,Y,39.0381656,-77.0003266
PAST SALE,July-21-2023,Townhouse,1527 Rabbit Hollow Pl,Silver Spring,MD,20906,682750,4,3.5,POPLAR RUN,2640,2016,2013,,259,143,Sold,,,https://www.redfin.com/MD/Silver-Spring/1527-Rabbit-Hollow-Pl-20906/home/40017818,BRIGHT MLS,MDMC2097072,N,Y,39.0751276,-77.0352396
PAST SALE,October-11-2023,Single Family Residential,11208 Lombardy Rd,Silver Spring,MD,20901,600000,3,2.5,NORTHWOOD PARK,1564,6829,1960,,384,,Sold,,,https://www.redfin.com/MD/Silver-Spring/11208-Lombardy-Rd-20901/home/10965452,BRIGHT MLS,MDMC2105332,N,Y,39.0330303,-77.0156644
PAST SALE,June-30-2023,Townhouse,1432 Farmcrest Way,Silver Spring,MD,20905,355000,2,2.5,OAK SPRINGS,1315,1558,1983,,270,93,Sold,,,https://www.redfin.com/MD/Silver-Spring/1432-Farmcrest-Way-20905/home/10587238,BRIGHT MLS,MDMC2086824,N,Y,39.093905,-76.983728
PAST SALE,May-3-2023,Townhouse,15521 Prince Frederick Way Unit 106A,Silver Spring,MD,20906,545000,3,2.0,ROSSMOOR MUTUAL #16,1550,,1977,,352,919,Sold,,,https://www.redfin.com/MD/Silver-Spring/15521-Prince-Frederick-Way-20906/unit-106A/home/143408743,BRIGHT MLS,MDMC2089522,N,Y,39.1116059,-77.0679068
PAST SALE,May-2-2023,Single Family Residential,8913 Ellsworth Ct,Silver Spring,MD,20910,1235000,4,3.5,WHEATON OUT RES. (1),3303,6160,1993,,374,,Sold,,,https://www.redfin.com/MD/Silver-Spring/8913-Ellsworth-Ct-20910/home/11136133,BRIGHT MLS,MDMC2086144,N,Y,39.0019949,-77.0241287
PAST SALE,September-8-2023,Single Family Residential,502 Kerwin Rd,Silver Spring,MD,20901,640000,4,3.0,NORTHWOOD VILLAGE,2259,5500,1950,,283,,Sold,,,https://www.redfin.com/MD/Silver-Spring/502-Kerwin-Rd-20901/home/11014740,BRIGHT MLS,MDMC2104126,N,Y,39.0282491,-77.0185447
PAST SALE,August-31-2023,Single Family Residential,2608 Baywood Ct,Silver Spring,MD,20906,532000,4,2.5,STRATHMORE AT BEL PRE,2228,19444,1969,,239,31,Sold,,,https://www.redfin.com/MD/Silver-Spring/2608-Baywood-Ct-20906/home/11084706,BRIGHT MLS,MDMC2100932,N,Y,39.0802724,-77.0553445
PAST SALE,June-30-2023,Single Family Residential,10034 Tenbrook Dr,Silver Spring,MD,20901,650000,4,2.5,ARGYLE CLUB ESTATES,1714,6888,1948,,379,,Sold,,,https://www.redfin.com/MD/Silver-Spring/10034-Tenbrook-Dr-20901/home/10980984,BRIGHT MLS,MDMC2095926,N,Y,39.0214236,-77.0298864
PAST SALE,September-11-2023,Single Family Residential,109 East Indian Spring Dr,Silver Spring,MD,20901,770000,3,3.0,INDIAN SPRING MANOR,2073,7305,1948,,371,,Sold,,,https://www.redfin.com/MD/Silver-Spring/109-E-Indian-Spring-Dr-20901/home/11015792,BRIGHT MLS,MDMC2100426,N,Y,39.012598,-77.0060516
PAST SALE,May-12-2023,Single Family Residential,1102 Heartfields Dr,Silver Spring,MD,20904,905000,4,5.0,SHERBROOKE,4256,11912,2002,,213,85,Sold,,,https://www.redfin.com/MD/Silver-Spring/1102-Heartfields-Dr-20904/home/11177753,BRIGHT MLS,MDMC2086730,N,Y,39.0484428,-76.9876627
PAST SALE,June-16-2023,Townhouse,2124 Chippewa Pl,Silver Spring,MD,20906,500000,3,3.5,PARKER FARM,2576,2400,1995,,194,147,Sold,,,https://www.redfin.com/MD/Silver-Spring/2124-Chippewa-Pl-20906/home/11140696,BRIGHT MLS,MDMC2092842,N,Y,39.0892303,-77.0456374
PAST SALE,September-8-2023,Townhouse,14224 Long Green Dr,Silver Spring,MD,20906,443000,3,2.5,BONIFANT WOODS,1730,2636,1983,,256,81,Sold,,,https://www.redfin.com/MD/Silver-Spring/14224-Long-Green-Dr-20906/home/11116015,BRIGHT MLS,MDMC2099118,N,Y,39.0901804,-77.0322023
PAST SALE,June-26-2023,Single Family Residential,4102 Isbell St,Silver Spring,MD,20906,552135,4,2.5,STONEYBROOK ESTATES,1895,6300,1960,,291,,Sold,,,https://www.redfin.com/MD/Silver-Spring/4102-Isbell-St-20906/home/11053093,BRIGHT MLS,MDMC2088508,N,Y,39.0655865,-77.0820533
PAST SALE,May-8-2023,Single Family Residential,10401 Haywood Dr,Silver Spring,MD,20902,641576,4,2.0,CARROLL KNOLLS,1452,8845,1951,,442,,Sold,,,https://www.redfin.com/MD/Silver-Spring/10401-Haywood-Dr-20902/home/10982964,BRIGHT MLS,MDMC2089708,N,Y,39.0263182,-77.0521188
PAST SALE,July-24-2023,Single Family Residential,12216 Galway Dr,Silver Spring,MD,20904,575000,3,2.0,CALVERTON,1562,10724,1965,,368,,Sold,,,https://www.redfin.com/MD/Silver-Spring/12216-Galway-Dr-20904/home/10573262,BRIGHT MLS,MDMC2096644,N,Y,39.0574961,-76.9440735
PAST SALE,July-7-2023,Single Family Residential,911 Davis Ave,Takoma Park,MD,20912,920000,4,2.0,TAKOMA PARK,2252,9350,1900,,409,,Sold,,,https://www.redfin.com/MD/Takoma-Park/911-Davis-Ave-20912/home/11146138,BRIGHT MLS,MDMC2090662,N,Y,38.9855078,-76.9951997
PAST SALE,May-31-2023,Single Family Residential,10110 Greenock Rd,Silver Spring,MD,20901,675000,5,2.0,COUNTRY CLUB PARK,912,8750,1946,,740,,Sold,,,https://www.redfin.com/MD/Silver-Spring/10110-Greenock-Rd-20901/home/11008270,BRIGHT MLS,MDMC2090792,N,Y,39.0219767,-77.0215646
PAST SALE,September-6-2023,Townhouse,11247 Watermill Ln,Silver Spring,MD,20902,605000,4,3.5,WHEATON OUT RES. (2),2200,2076,1993,,275,84,Sold,,,https://www.redfin.com/MD/Silver-Spring/11247-Watermill-Ln-20902/home/11136015,BRIGHT MLS,MDMC2102014,N,Y,39.0402711,-77.0290036
PAST SALE,June-6-2023,Single Family Residential,8102 Flower Ave,Takoma Park,MD,20912,815000,3,3.0,TAKOMA PARK,1712,7500,1923,,476,,Sold,,,https://www.redfin.com/MD/Takoma-Park/8102-Flower-Ave-20912/home/10972517,BRIGHT MLS,MDMC2089358,N,Y,38.9899013,-77.001814
PAST SALE,June-20-2023,Townhouse,3016 Piano Ln #49,Silver Spring,MD,20904,331000,3,2.5,STKBRDGE AT TANGLWD COD,1300,,1984,,255,228,Sold,,,https://www.redfin.com/MD/Silver-Spring/3016-Piano-Ln-20904/unit-49/home/176305330,BRIGHT MLS,MDMC2095502,N,Y,39.071472,-76.9488627
PAST SALE,May-3-2023,Single Family Residential,1001 Briggs Chaney Rd,Silver Spring,MD,20905,560000,0,1.0,COLESVILLE OUTSIDE,,130680,1860,,,,Sold,,,https://www.redfin.com/MD/Silver-Spring/1001-Briggs-Chaney-Rd-20905/home/10589185,BRIGHT MLS,MDMC2089914,N,Y,39.105331,-76.992154
PAST SALE,July-20-2023,Single Family Residential,13729 Mills Ave,Silver Spring,MD,20904,660000,6,4.0,DRUMELDRA HILLS,4300,25956,1966,,153,,Sold,,,https://www.redfin.com/MD/Silver-Spring/13729-Mills-Ave-20904/home/10563841,BRIGHT MLS,MDMC2093704,N,Y,39.080977,-77.014043
PAST SALE,May-22-2023,Townhouse,52 Avonshire Ct,Silver Spring,MD,20904,274000,2,1.5,FAIRLAND,960,747,1984,,285,96,Sold,,,https://www.redfin.com/MD/Silver-Spring/52-Avonshire-Ct-20904/home/10588264,BRIGHT MLS,MDMC2090322,N,Y,39.0836737,-76.9509319
PAST SALE,June-27-2023,Single Family Residential,103 Claybrook Dr,Silver Spring,MD,20902,610000,5,3.0,KEMP MILL ESTATES,2191,9000,1962,,278,,Sold,,,https://www.redfin.com/MD/Silver-Spring/103-Claybrook-Dr-20902/home/11048663,BRIGHT MLS,MDMC2094946,N,Y,39.0462007,-77.012297
PAST SALE,May-26-2023,Townhouse,14801 Lindsey Ln Unit 228-B,Silver Spring,MD,20906,415000,3,2.0,ROSSMOOR MUTUAL #10,1193,,1971,,348,934,Sold,,,https://www.redfin.com/MD/Silver-Spring/14801-Lindsey-Ln-20906/unit-228-B/home/11089940,BRIGHT MLS,MDMC2089890,N,Y,39.0978594,-77.0647555
PAST SALE,August-11-2023,Single Family Residential,1715 Edgewater Pkwy,Silver Spring,MD,20903,619000,3,2.5,HILLANDALE,2200,27077,1949,,281,,Sold,,,https://www.redfin.com/MD/Silver-Spring/1715-Edgewater-Pkwy-20903/home/10559628,BRIGHT MLS,MDMC2099374,N,Y,39.0268299,-76.9751749
PAST SALE,May-26-2023,Single Family Residential,12113 Willow Wood Dr,Silver Spring,MD,20904,615000,5,3.5,SPRINGBROOK VILLAGE,2856,8022,1964,,215,,Sold,,,https://www.redfin.com/MD/Silver-Spring/12113-Willow-Wood-Dr-20904/home/10570786,BRIGHT MLS,MDMC2089108,N,Y,39.0535454,-76.9802151
PAST SALE,July-7-2023,Single Family Residential,501 Apple Grove Rd,Silver Spring,MD,20904,805000,3,2.5,QUAINT ACRES,2800,50301,1954,,288,,Sold,,,https://www.redfin.com/MD/Silver-Spring/501-Apple-Grove-Rd-20904/home/10562375,BRIGHT MLS,MDMC2096822,N,Y,39.0458042,-76.9995643
PAST SALE,September-29-2023,Single Family Residential,12713 Hathaway Dr,Silver Spring,MD,20906,530000,4,2.0,GLENMONT HILLS & HGTS,1510,6867,1949,,351,,Sold,,,https://www.redfin.com/MD/Silver-Spring/12713-Hathaway-Dr-20906/home/11010005,BRIGHT MLS,MDMC2105264,N,Y,39.0644058,-77.0630332
PAST SALE,October-18-2023,Single Family Residential,12206 Edgemont St,Silver Spring,MD,20902,465000,3,1.5,CONN AVE ESTATES,1450,9359,1951,,321,,Sold,,,https://www.redfin.com/MD/Silver-Spring/12206-Edgemont-St-20902/home/11022990,BRIGHT MLS,MDMC2107518,N,Y,39.0566886,-77.0720286
PAST SALE,August-10-2023,Single Family Residential,123 Normandy Dr,Silver Spring,MD,20901,760000,4,3.0,INDIAN SPRING CLUB ESTS,2038,5500,1940,,373,,Sold,,,https://www.redfin.com/MD/Silver-Spring/123-Normandy-Dr-20901/home/10961384,BRIGHT MLS,MDMC2098308,N,Y,39.0134819,-77.0118318
PAST SALE,May-12-2023,Single Family Residential,12719 Gould Rd,Silver Spring,MD,20906,405000,3,1.0,GLENMONT HILLS & HGTS,910,7708,1949,,445,,Sold,,,https://www.redfin.com/MD/Silver-Spring/12719-Gould-Rd-20906/home/11008747,BRIGHT MLS,MDMC2088624,N,Y,39.0643646,-77.0619555
PAST SALE,August-18-2023,Single Family Residential,15714 Allanwood Dr,Silver Spring,MD,20906,635000,5,3.0,NORWOOD VILLAGE,1934,15013,1975,,328,,Sold,,,https://www.redfin.com/MD/Silver-Spring/15714-Allanwood-Dr-20906/home/11088199,BRIGHT MLS,MDMC2096850,N,Y,39.114773,-77.0419416
PAST SALE,August-25-2023,Single Family Residential,9201 Long Branch Pkwy,Silver Spring,MD,20901,551776,3,2.0,LONG BRANCH VILLAGE,1590,5956,1943,,347,,Sold,,,https://www.redfin.com/MD/Silver-Spring/9201-Long-Branch-Pkwy-20901/home/11027361,BRIGHT MLS,MDMC2103022,N,Y,39.0055332,-76.9990243
PAST SALE,July-21-2023,Townhouse,21 Dinsdale Ct,Silver Spring,MD,20906,425000,3,3.0,LONGMEAD,1844,2320,1988,,230,79,Sold,,,https://www.redfin.com/MD/Silver-Spring/21-Dinsdale-Ct-20906/home/11133456,BRIGHT MLS,MDMC2098786,N,Y,39.1031908,-77.0507234
PAST SALE,July-31-2023,Single Family Residential,12813 Bluet Ln,Silver Spring,MD,20906,610000,3,2.5,LAYHILL SOUTH,2526,10951,1965,,241,,Sold,,,https://www.redfin.com/MD/Silver-Spring/12813-Bluet-Ln-20906/home/11074645,BRIGHT MLS,MDMC2093830,N,Y,39.0670451,-77.0425488
PAST SALE,June-21-2023,Townhouse,1320 Alderton Ln,Silver Spring,MD,20906,356250,3,2.0,BONIFANT WOODS,1089,1500,1983,,327,118,Sold,,,https://www.redfin.com/MD/Silver-Spring/1320-Alderton-Ln-20906/home/11115950,BRIGHT MLS,MDMC2091942,N,Y,39.0883303,-77.0299359
PAST SALE,September-18-2023,Single Family Residential,12121 Goodhill Rd,Silver Spring,MD,20902,510000,3,2.0,CONN AVE ESTATES,1712,7655,1954,,298,,Sold,,,https://www.redfin.com/MD/Silver-Spring/12121-Goodhill-Rd-20902/home/11023098,BRIGHT MLS,MDMC2103542,N,Y,39.0558134,-77.0678016
PAST SALE,May-16-2023,Single Family Residential,8303 Hartford Ave,Silver Spring,MD,20910,719000,5,2.0,SLIGO PARK HILLS,2289,8199,1947,,314,,Sold,,,https://www.redfin.com/MD/Silver-Spring/8303-Hartford-Ave-20910/home/10969758,BRIGHT MLS,MDMC2088716,N,Y,38.994333,-77.0109023
PAST SALE,June-21-2023,Single Family Residential,11903 Indigo Rd,Silver Spring,MD,20906,475000,4,2.0,GARRETT FOREST,1806,7767,1955,,263,,Sold,,,https://www.redfin.com/MD/Silver-Spring/11903-Indigo-Rd-20906/home/11045194,BRIGHT MLS,MDMC2094606,N,Y,39.0520207,-77.0789534
PAST SALE,June-26-2023,Single Family Residential,232 Hannes St,Silver Spring,MD,20901,552500,3,2.0,NORTHWOOD PARK VIEW,1620,10218,1962,,341,,Sold,,,https://www.redfin.com/MD/Silver-Spring/232-Hannes-St-20901/home/11061007,BRIGHT MLS,MDMC2093098,N,Y,39.034573,-77.0152095
PAST SALE,August-24-2023,Single Family Residential,10106 Portland Pl,Silver Spring,MD,20901,647000,3,2.5,ARGYLE FOREST,2094,6270,1951,,309,,Sold,,,https://www.redfin.com/MD/Silver-Spring/10106-Portland-Pl-20901/home/11008201,BRIGHT MLS,MDMC2096692,N,Y,39.0211238,-77.0258391
PAST SALE,June-23-2023,Single Family Residential,424 Whitestone Rd,Silver Spring,MD,20901,727065,3,2.5,INDIAN SPRING VILLAGE,2023,6249,1942,,359,,Sold,,,https://www.redfin.com/MD/Silver-Spring/424-Whitestone-Rd-20901/home/11016278,BRIGHT MLS,MDMC2093478,N,Y,39.0186792,-77.0001492
PAST SALE,August-31-2023,Single Family Residential,2705 E West Hwy,Chevy Chase,MD,20815,805000,3,2.0,ROCK CREEK FOREST,1660,6600,1948,,485,,Sold,,,https://www.redfin.com/MD/Chevy-Chase/2705-E-West-Hwy-20815/home/10999803,BRIGHT MLS,MDMC2102720,N,Y,38.9927354,-77.0565925
PAST SALE,May-15-2023,Single Family Residential,11512 Colt Ter,Silver Spring,MD,20902,580121,4,2.5,WHEATON OUT RES. (2),1802,9056,1957,,322,,Sold,,,https://www.redfin.com/MD/Silver-Spring/11512-Colt-Ter-20902/home/10948270,BRIGHT MLS,MDMC2091084,N,Y,39.0448531,-77.0351496
PAST SALE,May-17-2023,Single Family Residential,12617 Bluhill Rd,Silver Spring,MD,20906,600000,4,3.0,CONN AVE ESTATES,2890,8362,1954,,208,,Sold,,,https://www.redfin.com/MD/Silver-Spring/12617-Bluhill-Rd-20906/home/11021268,BRIGHT MLS,MDMC2089964,N,Y,39.0641335,-77.0653723
PAST SALE,October-4-2023,Single Family Residential,14201 Piccadilly Rd,Silver Spring,MD,20906,652000,4,2.5,LAYHILL VILL EAST,2446,16815,1973,,267,,Sold,,,https://www.redfin.com/MD/Silver-Spring/14201-Piccadilly-Rd-20906/home/11084277,BRIGHT MLS,MDMC2105600,N,Y,39.0881991,-77.0354645
PAST SALE,May-10-2023,Single Family Residential,7719 Garland Ave,Takoma Park,MD,20912,817500,5,3.0,TAKOMA PARK,1979,8994,1923,,413,,Sold,,,https://www.redfin.com/MD/Takoma-Park/7719-Garland-Ave-20912/home/10972642,BRIGHT MLS,MDMC2089044,N,Y,38.9873191,-76.9970446
PAST SALE,July-28-2023,Single Family Residential,10905 Oakwood St,Silver Spring,MD,20901,518000,4,2.5,BURNT MILLS MANOR,1609,9000,1958,,322,,Sold,,,https://www.redfin.com/MD/Silver-Spring/10905-Oakwood-St-20901/home/10562773,BRIGHT MLS,MDMC2096264,N,Y,39.0347447,-77.0033534
PAST SALE,June-8-2023,Townhouse,3507 Woodlake Dr #45,Silver Spring,MD,20904,430000,3,3.0,WOODLAKE TOWNS CODM,1520,,2014,,283,291,Sold,,,https://www.redfin.com/MD/Silver-Spring/3507-Woodlake-Dr-20904/unit-45/home/85694887,BRIGHT MLS,MDMC2090018,N,Y,39.0872026,-76.9395738
PAST SALE,October-20-2023,Single Family Residential,9225 Levelle Dr,Chevy Chase,MD,20815,910000,3,2.5,PARK VIEW ESTATES,2072,13623,1948,,439,,Sold,,,https://www.redfin.com/MD/Chevy-Chase/9225-Levelle-Dr-20815/home/10636932,BRIGHT MLS,MDMC2106934,N,Y,39.0078036,-77.06344
PAST SALE,May-31-2023,Single Family Residential,1110 Briggs Chaney Rd,Silver Spring,MD,20905,475000,2,2.0,COLESVILLE OUTSIDE,1206,38898,1937,,394,,Sold,,,https://www.redfin.com/MD/Silver-Spring/1110-Briggs-Chaney-Rd-20905/home/10558520,BRIGHT MLS,MDMC2091606,N,Y,39.1052724,-76.9893051
PAST SALE,June-14-2023,Single Family Residential,9902 Sutherland Rd,Silver Spring,MD,20901,549900,3,2.0,CHALFONTE,2053,7782,1939,,268,,Sold,,,https://www.redfin.com/MD/Silver-Spring/9902-Sutherland-Rd-20901/home/11070062,BRIGHT MLS,MDMC2091138,N,Y,39.0175443,-77.0170114
PAST SALE,July-21-2023,Single Family Residential,15436 Good Hope Rd,Silver Spring,MD,20905,464000,3,2.0,GOOD HOPE ESTATES,1290,11050,1971,,360,,Sold,,,https://www.redfin.com/MD/Silver-Spring/15436-Good-Hope-Rd-20905/home/10576557,BRIGHT MLS,MDMC2088892,N,Y,39.1096225,-76.9796751
PAST SALE,May-17-2023,Single Family Residential,303 Brewster Ave,Silver Spring,MD,20901,735000,3,2.5,INDIAN SPRING HILLS,1902,6347,1948,,386,,Sold,,,https://www.redfin.com/MD/Silver-Spring/303-Brewster-Ave-20901/home/11015042,BRIGHT MLS,MDMC2090266,N,Y,39.0118079,-77.0152213
PAST SALE,May-16-2023,Townhouse,14567 Macbeth Dr,Silver Spring,MD,20906,470000,4,3.5,GEORGIAN COLONIES #5,2430,,1980,,193,330,Sold,,,https://www.redfin.com/MD/Silver-Spring/14567-Macbeth-Dr-20906/home/11111780,BRIGHT MLS,MDMC2088816,N,Y,39.0937544,-77.0698809
PAST SALE,May-5-2023,Townhouse,8433 12th Ave,Silver Spring,MD,20903,395000,4,2.0,NEW HAMPSHIRE,1317,3750,1950,,300,,Sold,,,https://www.redfin.com/MD/Silver-Spring/8433-12th-Ave-20903/home/10993777,BRIGHT MLS,MDPG2074646,N,Y,38.9982076,-76.9848952
PAST SALE,October-19-2023,Single Family Residential,203 E Franklin Ave,Silver Spring,MD,20901,660000,4,2.5,INDIAN SPRING PARK,1985,5341,1939,,332,,Sold,,,https://www.redfin.com/MD/Silver-Spring/203-E-Franklin-Ave-20901/home/10960471,BRIGHT MLS,MDMC2108192,N,Y,39.01122,-77.0051
PAST SALE,October-5-2023,Single Family Residential,3501 Tarkington Ln Unit 67-A,Silver Spring,MD,20906,571500,3,2.0,ROSSMOOR MUTUAL #18,1266,,1977,,451,1035,Sold,,,https://www.redfin.com/MD/Silver-Spring/3501-Tarkington-Ln-20906/unit-67-A/home/11102584,BRIGHT MLS,MDMC2106106,N,Y,39.1117406,-77.0704547
PAST SALE,July-31-2023,Townhouse,3238 Tapestry Cir,Burtonsville,MD,20866,358000,3,2.5,SILVER SPRING CNTRY CLUB,1560,1606,1987,,229,125,Sold,,,https://www.redfin.com/MD/Burtonsville/3238-Tapestry-Cir-20866/home/10594954,BRIGHT MLS,MDMC2095046,N,Y,39.0865587,-76.9439519
PAST SALE,May-1-2023,Townhouse,2616 Deer Ridge Dr,Silver Spring,MD,20904,412600,3,3.5,DEER PARK,1516,2378,1993,,272,66,Sold,,,https://www.redfin.com/MD/Silver-Spring/2616-Deer-Ridge-Dr-20904/home/10603379,BRIGHT MLS,MDMC2085812,N,Y,39.064187,-76.9535221
PAST SALE,May-2-2023,Single Family Residential,9506 Thornhill Rd,Silver Spring,MD,20901,800000,3,2.0,NORTH HILLS,1972,7707,1951,,406,,Sold,,,https://www.redfin.com/MD/Silver-Spring/9506-Thornhill-Rd-20901/home/10964379,BRIGHT MLS,MDMC2088258,N,Y,39.0111569,-77.0186854
PAST SALE,August-30-2023,Single Family Residential,13000 Tamarack Rd,Silver Spring,MD,20904,550000,4,2.5,PAINT BRANCH ESTS,1820,9297,1965,,302,,Sold,,,https://www.redfin.com/MD/Silver-Spring/13000-Tamarack-Rd-20904/home/10566689,BRIGHT MLS,MDMC2101186,N,Y,39.069233,-76.9840852
PAST SALE,August-31-2023,Single Family Residential,9608 Sutherland Rd,Silver Spring,MD,20901,852500,4,3.0,NORTH HILLS,2828,8438,1947,,301,,Sold,,,https://www.redfin.com/MD/Silver-Spring/9608-Sutherland-Rd-20901/home/10964781,BRIGHT MLS,MDMC2098634,N,Y,39.0132964,-77.0195402
PAST SALE,June-9-2023,Townhouse,1916 Westchester Dr,Silver Spring,MD,20902,585000,3,3.5,WESTCHESTER,1800,2414,1991,,325,82,Sold,,,https://www.redfin.com/MD/Silver-Spring/1916-Westchester-Dr-20902/home/11137399,BRIGHT MLS,MDMC2091882,N,Y,39.0411526,-77.0438222
PAST SALE,June-9-2023,Single Family Residential,9209 Saybrook Ave,Silver Spring,MD,20901,750000,3,2.5,HIGHLAND VIEW,1584,9281,1936,,473,,Sold,,,https://www.redfin.com/MD/Silver-Spring/9209-Saybrook-Ave-20901/home/10958160,BRIGHT MLS,MDMC2092702,N,Y,39.0073078,-77.0097776
PAST SALE,April-28-2023,Single Family Residential,13214 Kara Ln,Silver Spring,MD,20904,560000,4,3.5,CAROL ACRES,1680,9687,1966,,333,,Sold,,,https://www.redfin.com/MD/Silver-Spring/13214-Kara-Ln-20904/home/10567253,BRIGHT MLS,MDMC2086732,N,Y,39.0734637,-77.0013775
PAST SALE,June-30-2023,Single Family Residential,1101 Windmill Ln,Silver Spring,MD,20905,595000,4,2.5,PEACHWOOD,1756,11764,1983,,339,4,Sold,,,https://www.redfin.com/MD/Silver-Spring/1101-Windmill-Ln-20905/home/10580157,BRIGHT MLS,MDMC2094822,N,Y,39.1001175,-76.9868752
PAST SALE,June-20-2023,Single Family Residential,3111 Parker Ave,Silver Spring,MD,20902,486000,4,2.0,WHEATON HILLS,1857,6549,1949,,262,,Sold,,,https://www.redfin.com/MD/Silver-Spring/3111-Parker-Ave-20902/home/11007413,BRIGHT MLS,MDMC2094536,N,Y,39.0467645,-77.063436
PAST SALE,August-7-2023,Townhouse,2718 Linden Ln,Silver Spring,MD,20910,809000,3,2.5,FOREST GLEN PARK,2937,3133,2008,,275,145,Sold,,,https://www.redfin.com/MD/Silver-Spring/2718-Linden-Ln-20910/home/12320158,BRIGHT MLS,MDMC2099186,N,Y,39.0104324,-77.0560191
PAST SALE,August-1-2023,Single Family Residential,813 Malta Ln,Silver Spring,MD,20901,590000,3,3.0,FOREST KNOLLS,1440,7923,1959,,410,,Sold,,,https://www.redfin.com/MD/Silver-Spring/813-Malta-Ln-20901/home/11055986,BRIGHT MLS,MDMC2096538,N,Y,39.0383866,-77.0147264
PAST SALE,June-20-2023,Single Family Residential,13107 Camellia Dr,Silver Spring,MD,20906,611000,4,3.0,LAYHILL GARDENS,2932,9533,1965,,208,,Sold,,,https://www.redfin.com/MD/Silver-Spring/13107-Camellia-Dr-20906/home/11075108,BRIGHT MLS,MDMC2093746,N,Y,39.0709826,-77.0442805
PAST SALE,July-25-2023,Single Family Residential,17309 Twin Ridge Ct,Silver Spring,MD,20905,795000,5,4.5,ROCKY GORGE MEADOWS,4350,87991,1978,,183,,Sold,,,https://www.redfin.com/MD/Silver-Spring/17309-Twin-Ridge-Ct-20905/home/10578042,BRIGHT MLS,MDMC2083688,N,Y,39.1411861,-76.9706294
PAST SALE,June-9-2023,Single Family Residential,617 Hawkesbury Ter,Silver Spring,MD,20904,670000,4,2.5,SHERWOOD FOREST MANOR,2087,26767,1966,,321,,Sold,,,https://www.redfin.com/MD/Silver-Spring/617-Hawkesbury-Ter-20904/home/10565543,BRIGHT MLS,MDMC2091088,N,Y,39.072498,-77.022485
PAST SALE,June-30-2023,Single Family Residential,524 Ashford Rd,Silver Spring,MD,20910,819000,3,2.5,WHEATON OUT RES. (1),1700,6936,1936,,482,,Sold,,,https://www.redfin.com/MD/Silver-Spring/524-Ashford-Rd-20910/home/10951246,BRIGHT MLS,MDMC2094160,N,Y,39.0022161,-77.0175607
PAST SALE,July-5-2023,Single Family Residential,800 Easley St,Silver Spring,MD,20910,860000,3,1.5,SILVER SPRING,1582,7500,1935,,544,,Sold,,,https://www.redfin.com/MD/Silver-Spring/800-Easley-St-20910/home/10968010,BRIGHT MLS,MDMC2094116,N,Y,38.9938832,-77.0221944
PAST SALE,June-22-2023,Single Family Residential,725 Sonata Way,Silver Spring,MD,20901,743550,3,3.0,DUMONT OAKS,2194,12635,1986,,339,95,Sold,,,https://www.redfin.com/MD/Silver-Spring/725-Sonata-Way-20901/home/10592646,BRIGHT MLS,MDMC2093682,N,Y,39.043859,-76.9947498
PAST SALE,September-30-2023,Single Family Residential,9911 Merwood Ln,Silver Spring,MD,20901,725000,3,2.0,INDIAN SPRING VILLAGE,1900,7847,1938,,382,,Sold,,,https://www.redfin.com/MD/Silver-Spring/9911-Merwood-Ln-20901/home/11016897,BRIGHT MLS,MDMC2105558,N,Y,39.018007,-77.0055484
PAST SALE,July-21-2023,Single Family Residential,2207 Cherry Leaf Ln,Silver Spring,MD,20906,651500,4,3.5,LONGMEAD,3136,8276,1985,,208,51,Sold,,,https://www.redfin.com/MD/Silver-Spring/2207-Cherry-Leaf-Ln-20906/home/11127399,BRIGHT MLS,MDMC2095398,N,Y,39.0980245,-77.0477437
PAST SALE,June-6-2023,Single Family Residential,1024 Devere Dr,Silver Spring,MD,20903,650000,3,3.0,HILLANDALE HEIGHTS,2360,9393,1960,,275,,Sold,,,https://www.redfin.com/MD/Silver-Spring/1024-Devere-Dr-20903/home/10564807,BRIGHT MLS,MDMC2093622,N,Y,39.0221288,-76.9884951
PAST SALE,May-30-2023,Single Family Residential,1815 Sanford Rd,Silver Spring,MD,20902,687000,3,2.0,FOREST GLEN HOMES,2332,6324,1951,,295,,Sold,,,https://www.redfin.com/MD/Silver-Spring/1815-Sanford-Rd-20902/home/11063990,BRIGHT MLS,MDMC2090868,N,Y,39.0183077,-77.0412669
PAST SALE,May-19-2023,Single Family Residential,8420 Donnybrook Dr,Chevy Chase,MD,20815,992500,5,2.5,ROCK CREEK FOREST,2608,7066,1951,,381,,Sold,,,https://www.redfin.com/MD/Chevy-Chase/8420-Donnybrook-Dr-20815/home/10999770,BRIGHT MLS,MDMC2086404,N,Y,38.9949166,-77.0573683
PAST SALE,July-26-2023,Townhouse,12349 Sandy Point Ct,Silver Spring,MD,20904,490000,4,3.5,CALVERTON,1870,2000,1986,,262,108,Sold,,,https://www.redfin.com/MD/Silver-Spring/12349-Sandy-Point-Ct-20904/home/10592918,BRIGHT MLS,MDMC2090038,N,Y,39.058118,-76.952949
PAST SALE,June-27-2023,Single Family Residential,2400 Seminary Rd,Silver Spring,MD,20910,888000,3,2.5,MONTGOMERY HILLS FOREST,1924,6248,1940,,462,,Sold,,,https://www.redfin.com/MD/Silver-Spring/2400-Seminary-Rd-20910/home/11083782,BRIGHT MLS,MDMC2094872,N,Y,39.011057,-77.0501724
PAST SALE,August-30-2023,Single Family Residential,12402 Atherton Dr,Silver Spring,MD,20906,440000,3,1.0,CONN AVE PARK,1188,6244,1953,,370,,Sold,,,https://www.redfin.com/MD/Silver-Spring/12402-Atherton-Dr-20906/home/11037883,BRIGHT MLS,MDMC2102614,N,Y,39.0587659,-77.0764812
PAST SALE,October-10-2023,Single Family Residential,2410 Homestead Dr,Silver Spring,MD,20902,663000,3,3.5,CARROLL KNOLLS,2097,5000,1971,,316,,Sold,,,https://www.redfin.com/MD/Silver-Spring/2410-Homestead-Dr-20902/home/10982127,BRIGHT MLS,MDMC2106118,N,Y,39.0250489,-77.050982
PAST SALE,June-6-2023,Single Family Residential,1421 Crestridge Dr,Silver Spring,MD,20910,1120000,4,2.5,WOODSIDE FOREST,2288,8400,1957,,490,,Sold,,,https://www.redfin.com/MD/Silver-Spring/1421-Crestridge-Dr-20910/home/11078141,BRIGHT MLS,MDMC2092004,N,Y,39.0109166,-77.0347506
PAST SALE,May-18-2023,Single Family Residential,1304 Heather Crest Ter,Silver Spring,MD,20902,600000,3,3.5,GRAY SUB,2352,6019,1982,,255,,Sold,,,https://www.redfin.com/MD/Silver-Spring/1304-Heather-Crest-Ter-20902/home/11114778,BRIGHT MLS,MDMC2087706,N,Y,39.0443424,-77.031503
PAST SALE,October-23-2023,Single Family Residential,12317 Tampico Way,Silver Spring,MD,20904,538000,3,2.5,CALVERTON,1875,11290,1965,,287,,Sold,,,https://www.redfin.com/MD/Silver-Spring/12317-Tampico-Way-20904/home/10573211,BRIGHT MLS,MDMC2107040,N,Y,39.058438,-76.942498
PAST SALE,May-8-2023,Single Family Residential,502 Louden Ct,Silver Spring,MD,20901,800000,4,3.5,MONTGOMERY KNOLLS,2964,6081,1990,,270,,Sold,,,https://www.redfin.com/MD/Silver-Spring/502-Louden-Ct-20901/home/11137595,BRIGHT MLS,MDMC2089386,N,Y,39.0057027,-76.9955597
PAST SALE,September-1-2023,Single Family Residential,1516 Ainsley Rd,Silver Spring,MD,20904,577000,4,3.5,SPRINGBROOK VILLAGE,1980,9573,1987,,291,,Sold,,,https://www.redfin.com/MD/Silver-Spring/1516-Ainsley-Rd-20904/home/10595622,BRIGHT MLS,MDMC2099068,N,Y,39.052108,-76.9817113
PAST SALE,May-10-2023,Single Family Residential,409 Whitestone Rd,Silver Spring,MD,20901,432000,2,1.0,INDIAN SPRING VILLAGE,964,7702,1942,,448,,Sold,,,https://www.redfin.com/MD/Silver-Spring/409-Whitestone-Rd-20901/home/11016658,BRIGHT MLS,MDMC2087486,N,Y,39.0188157,-77.0010041
PAST SALE,July-7-2023,Single Family Residential,610 Deerfield Ave,Silver Spring,MD,20910,1379000,4,2.5,MCNEILLS ADD,3101,9997,1908,,445,,Sold,,,https://www.redfin.com/MD/Silver-Spring/610-Deerfield-Ave-20910/home/11760575,BRIGHT MLS,MDMC2092396,N,Y,38.9960045,-77.0168409
PAST SALE,August-2-2023,Townhouse,3608 Pimlico Pl Unit 10-B,Silver Spring,MD,20906,435000,3,2.0,ROSSMOOR MUTUAL #13,1424,,1974,,305,1003,Sold,,,https://www.redfin.com/MD/Silver-Spring/3608-Pimlico-Pl-20906/unit-10-B/home/11096265,BRIGHT MLS,MDMC2098962,N,Y,39.105225,-77.074112
PAST SALE,July-7-2023,Single Family Residential,208 Lexington Dr,Silver Spring,MD,20901,910000,3,3.0,WOODMOOR,2414,6762,1936,,377,,Sold,,,https://www.redfin.com/MD/Silver-Spring/208-Lexington-Dr-20901/home/10978204,BRIGHT MLS,MDMC2094754,N,Y,39.0232462,-77.0068981
PAST SALE,June-14-2023,Single Family Residential,3401 Kilkenny St,Silver Spring,MD,20904,552000,3,2.5,CALVERTON,1903,12812,1966,,290,,Sold,,,https://www.redfin.com/MD/Silver-Spring/3401-Kilkenny-St-20904/home/10572222,BRIGHT MLS,MDMC2091896,N,Y,39.0624537,-76.9425453
PAST SALE,August-4-2023,Townhouse,2220 Bear Valley Ter,Silver Spring,MD,20906,510000,3,3.5,LONGMEAD,2176,1760,1992,,234,79,Sold,,,https://www.redfin.com/MD/Silver-Spring/2220-Bear-Valley-Ter-20906/home/11139255,BRIGHT MLS,MDMC2098972,N,Y,39.1064863,-77.0506784
PAST SALE,August-1-2023,Single Family Residential,14720 New Hampshire Ave,Silver Spring,MD,20905,650000,4,2.0,COLESVILLE OUTSIDE,1216,44726,1949,,535,,Sold,,,https://www.redfin.com/MD/Silver-Spring/14720-New-Hampshire-Ave-20905/home/35617216,BRIGHT MLS,MDMC2099908,N,Y,39.098254,-77.003755
PAST SALE,May-5-2023,Single Family Residential,15001 Notley Rd,Silver Spring,MD,20905,790600,4,3.5,NAPLES MANOR,3697,18779,1988,,214,27,Sold,,,https://www.redfin.com/MD/Silver-Spring/15001-Notley-Rd-20905/home/10591804,BRIGHT MLS,MDMC2089050,N,Y,39.104284,-77.0173808
PAST SALE,April-28-2023,Townhouse,1425 Farmcrest Way,Silver Spring,MD,20905,400000,3,2.5,OAK SPRINGS,1580,1500,1983,,253,93,Sold,,,https://www.redfin.com/MD/Silver-Spring/1425-Farmcrest-Way-20905/home/10587185,BRIGHT MLS,MDMC2086960,N,Y,39.0934359,-76.9833823
PAST SALE,August-28-2023,Single Family Residential,10414 Lorain Ave,Silver Spring,MD,20901,950000,4,2.5,WOODMOOR,2677,8896,1938,,355,,Sold,,,https://www.redfin.com/MD/Silver-Spring/10414-Lorain-Ave-20901/home/10977617,BRIGHT MLS,MDMC2100530,N,Y,39.0241313,-77.0094177
PAST SALE,October-16-2023,Single Family Residential,11728 Stonington Pl,Silver Spring,MD,20902,625000,4,3.0,KEMP MILL ESTATES,2020,11463,1963,,309,,Sold,,,https://www.redfin.com/MD/Silver-Spring/11728-Stonington-Pl-20902/home/11048128,BRIGHT MLS,MDMC2105626,N,Y,39.0492764,-77.0164023
PAST SALE,August-18-2023,Single Family Residential,913 Jackson Rd,Silver Spring,MD,20904,565000,4,2.5,SPRINGBROOK VILLA,1921,13057,1961,,294,,Sold,,,https://www.redfin.com/MD/Silver-Spring/913-Jackson-Rd-20904/home/10570759,BRIGHT MLS,MDMC2100880,N,Y,39.0554256,-76.9913741
PAST SALE,May-11-2023,Single Family Residential,403 Dennis Ave,Silver Spring,MD,20901,535000,5,3.0,NORTHWOOD KNOLLS,2131,6986,1955,,251,,Sold,,,https://www.redfin.com/MD/Silver-Spring/403-Dennis-Ave-20901/home/11064843,BRIGHT MLS,MDMC2084990,N,Y,39.0276928,-77.0172008
PAST SALE,May-31-2023,Single Family Residential,10302 Conover Dr,Silver Spring,MD,20902,770000,4,3.0,CARROLL KNOLLS,2206,6402,1957,,349,,Sold,,,https://www.redfin.com/MD/Silver-Spring/10302-Conover-Dr-20902/home/10983705,BRIGHT MLS,MDMC2091090,N,Y,39.0253735,-77.0574173
PAST SALE,August-30-2023,Single Family Residential,12903 Broadmore Rd,Silver Spring,MD,20904,440000,3,2.0,FAIRVIEW ESTATES,1864,9000,1964,,236,,Sold,,,https://www.redfin.com/MD/Silver-Spring/12903-Broadmore-Rd-20904/home/10568951,BRIGHT MLS,MDMC2101124,N,Y,39.0683405,-76.9882252
PAST SALE,June-20-2023,Single Family Residential,11822 Gordon Rd,Silver Spring,MD,20904,732000,4,3.0,ROCKY BROOK PARK,1800,45738,1938,,407,,Sold,,,https://www.redfin.com/MD/Silver-Spring/11822-Gordon-Rd-20904/home/10563981,BRIGHT MLS,MDMC2093196,N,Y,39.0498714,-76.9987094
PAST SALE,October-23-2023,Single Family Residential,3115 Helsel Dr,Silver Spring,MD,20906,600000,4,3.0,GEORGIAN FOREST,2090,12161,1958,,287,,Sold,,,https://www.redfin.com/MD/Silver-Spring/3115-Helsel-Dr-20906/home/11071640,BRIGHT MLS,MDMC2109698,N,Y,39.0741439,-77.0638442
PAST SALE,May-23-2023,Single Family Residential,10411 Burnt Ember Dr,Silver Spring,MD,20903,717500,5,3.0,CREST PARK,2244,13635,1963,,320,,Sold,,,https://www.redfin.com/MD/Silver-Spring/10411-Burnt-Ember-Dr-20903/home/10566623,BRIGHT MLS,MDMC2089922,N,Y,39.026229,-76.9942998
PAST SALE,May-25-2023,Single Family Residential,14400 Morton Hall Rd,Silver Spring,MD,20906,725000,5,3.0,LAYHILL VILL EAST,2970,29512,1973,,244,,Sold,,,https://www.redfin.com/MD/Silver-Spring/14400-Morton-Hall-Rd-20906/home/11084232,BRIGHT MLS,MDMC2087558,N,Y,39.0914811,-77.037781
PAST SALE,July-11-2023,Single Family Residential,701 Copley Ln,Silver Spring,MD,20904,770000,4,3.0,PAINT BRANCH FARMS,2445,38332,1955,,315,,Sold,,,https://www.redfin.com/MD/Silver-Spring/701-Copley-Ln-20904/home/10562089,BRIGHT MLS,MDMC2095018,N,Y,39.0787079,-76.9962121
PAST SALE,May-4-2023,Single Family Residential,10119 Dallas Ave,Silver Spring,MD,20901,765000,4,3.0,COUNTRY CLUB PARK,2724,6250,1956,,281,,Sold,,,https://www.redfin.com/MD/Silver-Spring/10119-Dallas-Ave-20901/home/11008443,BRIGHT MLS,MDMC2086288,N,Y,39.0227382,-77.0219244
PAST SALE,June-16-2023,Single Family Residential,14605 Sturtevant Rd,Silver Spring,MD,20905,569000,4,3.0,GUM SPRINGS FARM,2016,21507,1962,,282,,Sold,,,https://www.redfin.com/MD/Silver-Spring/14605-Sturtevant-Rd-20905/home/10575371,BRIGHT MLS,MDMC2094578,N,Y,39.0948613,-76.9718915
