PAST SALE,May-15-2023,Townhouse,2709 Golden Gate Pl,Waldorf,MD,20601,440000,3,3.0,HAMILTON PARK,2148,2309,2020,,205,108,Sold,,,https://www.redfin.com/MD/Waldorf/2709-Golden-Gate-Pl-20601/home/171307094,BRIGHT MLS,MDCH2021396,N,Y,38.638006,-76.9146415
PAST SALE,May-26-2023,Townhouse,11846 Sunset Ridge Pl,Waldorf,MD,20602,425000,3,3.0,ST CHARLES SUB - GLENEAGLES,2212,2800,2013,,192,72,Sold,,,https://www.redfin.com/MD/Waldorf/11846-Sunset-Ridge-Pl-20602/home/50274734,BRIGHT MLS,MDCH2021952,N,Y,38.5721851,-76.9038799
PAST SALE,June-22-2023,Single Family Residential,14444 Frontier Trails Ct,Waldorf,MD,20601,888125,5,4.5,COACHMAN'S PATH,5942,137214,2015,,149,40,Sold,,,https://www.redfin.com/MD/Waldorf/14444-Frontier-Trails-Ct-20601/home/23006052,BRIGHT MLS,MDCH2022602,N,Y,38.5788033,-76.8145875
PAST SALE,May-31-2023,Townhouse,4604 Goldeneye Pl,Waldorf,MD,20603,281000,3,1.5,ST CHARLES SUB - LANCASTER,1120,2100,1986,,251,58,Sold,,,https://www.redfin.com/MD/Waldorf/4604-Goldeneye-Pl-20603/home/14382752,BRIGHT MLS,MDCH2021390,N,Y,38.6270411,-76.9341361
PAST SALE,June-30-2023,Townhouse,3245 Careysbrook Ct,Waldorf,MD,20601,405000,3,2.5,ADAMS CROSSING,2040,2000,2013,,199,65,Sold,,,https://www.redfin.com/MD/Waldorf/3245-Careysbrook-Ct-20601/home/50274642,BRIGHT MLS,MDCH2022552,N,Y,38.624621,-76.884325
PAST SALE,September-26-2023,Single Family Residential,1106 Cornell Ln,Waldorf,MD,20602,417000,3,2.0,ST CHARLES SUB - CARRINGTON,1689,15948,1971,,247,,Sold,,,https://www.redfin.com/MD/Waldorf/1106-Cornell-Ln-20602/home/15153397,BRIGHT MLS,MDCH2025290,N,Y,38.5958217,-76.9138648
PAST SALE,June-30-2023,Single Family Residential,14211 Hardy Tavern Dr,Accokeek,MD,20607,579000,5,3.5,THE PRESERVE AT PISCATAWAY,3728,6950,2018,,155,88,Sold,,,https://www.redfin.com/MD/Accokeek/14211-Hardy-Tavern-Dr-20607/home/144224092,BRIGHT MLS,MDPG2076174,N,Y,38.6950233,-76.94871
PAST SALE,July-24-2023,Single Family Residential,5514 Jeffrey Cir,Waldorf,MD,20601,455000,4,2.0,PINEFIELD SUB,2142,15671,1975,,212,,Sold,,,https://www.redfin.com/MD/Waldorf/5514-Jeffrey-Cir-20601/home/14387127,BRIGHT MLS,MDCH2023858,N,Y,38.6510992,-76.8600019
PAST SALE,,Townhouse,11323 Snow Owl Pl Unit D,Waldorf,MD,20603,356000,,3.5,,1852,3325,1994,,192,,,,,https://www.redfin.com/MD/Waldorf/11323-Snow-Owl-Pl-20603/unit-D/home/14411309,,,N,Y,38.6292916,-76.9209224
PAST SALE,July-10-2023,Townhouse,3604 Goswell Aly,Waldorf,MD,20603,437000,4,3.5,WESTCHESTER SQUARE,2366,1699,2018,,185,125,Sold,,,https://www.redfin.com/MD/Waldorf/3604-Goswell-Aly-20603/home/144090188,BRIGHT MLS,MDCH2022622,N,Y,38.6087907,-76.9386153
PAST SALE,,Single Family Residential,3550 Seagrape Ct,Waldorf,MD,20602,344462,,2.5,,1732,10350,1984,,199,,,,,https://www.redfin.com/MD/Waldorf/3550-Seagrape-Ct-20602/home/14405969,,,N,Y,38.6027398,-76.8803609
PAST SALE,May-12-2023,Townhouse,4256 Drake Ct,Waldorf,MD,20603,311111,3,1.5,ST CHARLES SUB - LANCASTER,1116,1742,1986,,279,100,Sold,,,https://www.redfin.com/MD/Waldorf/4256-Drake-Ct-20603/home/14378788,BRIGHT MLS,MDCH2021676,N,Y,38.6248768,-76.9280261
PAST SALE,August-30-2023,Single Family Residential,4840 Marys Ln,White Plains,MD,20695,395000,3,1.5,WHITE PLAINS VILLAGE SUB,1500,39639,1965,,263,,Sold,,,https://www.redfin.com/MD/White-Plains/4840-Marys-Ln-20695/home/14423849,BRIGHT MLS,MDCH2023822,N,Y,38.57878,-76.949557
PAST SALE,June-30-2023,Single Family Residential,2903 Henry Ct,Waldorf,MD,20603,533000,4,3.5,CONSTITUITON HILLS SUB,2574,28466,1993,,207,25,Sold,,,https://www.redfin.com/MD/Waldorf/2903-Henry-Ct-20603/home/14415530,BRIGHT MLS,MDCH2022370,N,Y,38.6333936,-76.9367809
PAST SALE,May-3-2023,Single Family Residential,1121 Clark Ave,Waldorf,MD,20602,363000,4,2.0,ST CHARLES SUB - CARRINGTON,1750,10993,1969,,207,,Sold,,,https://www.redfin.com/MD/Waldorf/1121-Clark-Ave-20602/home/15153416,BRIGHT MLS,MDCH2020512,N,Y,38.6002813,-76.9180071
PAST SALE,September-5-2023,Single Family Residential,1211 Marshall Ln,Waldorf,MD,20602,398000,4,2.0,ST CHARLES SUB - CARRINGTON,1781,9115,1970,,223,,Sold,,,https://www.redfin.com/MD/Waldorf/1211-Marshall-Ln-20602/home/14406765,BRIGHT MLS,MDCH2024998,N,Y,38.5994939,-76.9281372
PAST SALE,June-30-2023,Single Family Residential,11293 Torrey Pines Dr,White Plains,MD,20695,640000,6,5.0,GLENEAGLES AT ST CHARLES,4680,7928,2017,,137,91,Sold,,,https://www.redfin.com/MD/White-Plains/11293-Torrey-Pines-Dr-20695/home/113706439,BRIGHT MLS,MDCH2022474,N,Y,38.5626055,-76.9190652
PAST SALE,July-31-2023,Single Family Residential,15110 Poplar Hill Rd,Waldorf,MD,20601,395000,4,2.0,ANNA Z WADE SUB,1426,126324,1977,,277,,Sold,,,https://www.redfin.com/MD/Waldorf/15110-Poplar-Hill-Rd-20601/home/14395143,BRIGHT MLS,MDCH2023446,N,Y,38.617343,-76.785853
PAST SALE,October-12-2023,Single Family Residential,10404 Silvervine Ct,Waldorf,MD,20603,615000,6,5.5,MCBERRY SUB,4543,7158,2012,,135,60,Sold,,,https://www.redfin.com/MD/Waldorf/10404-Silvervine-Ct-20603/home/14402136,BRIGHT MLS,MDCH2025718,N,Y,38.6449884,-76.9516808
PAST SALE,October-24-2023,Single Family Residential,4206 Sandwich Cir,Waldorf,MD,20601,440000,5,3.0,PINEFIELD SUB,2677,13062,1970,,164,,Sold,,,https://www.redfin.com/MD/Waldorf/4206-Sandwich-Cir-20601/home/14390147,BRIGHT MLS,MDCH2025790,N,Y,38.6446038,-76.8662631
PAST SALE,July-21-2023,Townhouse,3894 Northgate Pl,Waldorf,MD,20602,291000,3,1.5,ST CHARLES SUB - HUNTINGTON,1240,1920,1984,,235,107,Sold,,,https://www.redfin.com/MD/Waldorf/3894-Northgate-Pl-20602/home/14408627,BRIGHT MLS,MDCH2023184,N,Y,38.6124325,-76.884099
PAST SALE,October-6-2023,Single Family Residential,15 Cardigan Ct,Waldorf,MD,20602,370000,4,2.0,ST CHARLES SUB - CARRINGTON,1524,11383,1975,,243,,Sold,,,https://www.redfin.com/MD/Waldorf/15-Cardigan-Ct-20602/home/14378001,BRIGHT MLS,MDCH2024732,N,Y,38.5929078,-76.9198081
PAST SALE,May-1-2023,Townhouse,1539 Bryan Ct,Waldorf,MD,20602,325000,3,1.5,ST CHARLES SUB - BANNISTER,1642,,1974,,198,48,Sold,,,https://www.redfin.com/MD/Waldorf/1539-Bryan-Ct-20602/home/14385795,BRIGHT MLS,MDCH2020974,N,Y,38.5951691,-76.9052645
PAST SALE,August-11-2023,Single Family Residential,3475 Elsa Ave,Waldorf,MD,20603,513500,4,2.5,SHADY ACRES ESTATES SUB,2533,63162,1984,,203,,Sold,,,https://www.redfin.com/MD/Waldorf/3475-Elsa-Ave-20603/home/14391158,BRIGHT MLS,MDCH2023340,N,Y,38.6193893,-77.0248485
PAST SALE,June-21-2023,Single Family Residential,11673 Cygnet Dr,Waldorf,MD,20601,539999,4,3.5,SPRING HAVEN WOODS SUB,3270,11732,1995,,165,48,Sold,,,https://www.redfin.com/MD/Waldorf/11673-Cygnet-Dr-20601/home/14420578,BRIGHT MLS,MDCH2019618,N,Y,38.639407,-76.9230047
PAST SALE,September-8-2023,Single Family Residential,3602 Palmetto Ct,Waldorf,MD,20602,481000,5,2.5,ST CHARLES SUB - HUNTINGTON,2504,10258,1985,,192,50,Sold,,,https://www.redfin.com/MD/Waldorf/3602-Palmetto-Ct-20602/home/14394442,BRIGHT MLS,MDCH2020614,N,Y,38.6021636,-76.8813429
PAST SALE,,Townhouse,3334 Westdale Ct,Waldorf,MD,20601,310000,,2.5,,1300,1800,1990,,238,,,,,https://www.redfin.com/MD/Waldorf/3334-Westdale-Ct-20601/home/14414331,,,N,Y,38.6400266,-76.9007615
PAST SALE,June-16-2023,Townhouse,5792 John Keats Pl,White Plains,MD,20695,426990,3,2.5,STONEHAVEN,2184,2004,2020,,196,67,Sold,,,https://www.redfin.com/MD/White-Plains/5792-John-Keats-Pl-20695/home/174616704,BRIGHT MLS,MDCH2024044,N,Y,38.554726,-76.92227
PAST SALE,July-27-2023,Single Family Residential,4291 Shakespeare Cir,White Plains,MD,20695,637790,4,4.0,ST. CHARLES,2406,7667,2023,,265,100,Sold,,,https://www.redfin.com/MD/White-Plains/4291-Shakespeare-Cir-20695/home/184731688,BRIGHT MLS,MDCH2024906,N,Y,38.5512061,-76.9237539
PAST SALE,June-14-2023,Single Family Residential,2849 Portobello Ct,Waldorf,MD,20603,479900,4,3.5,CARTAGENA HIGHLANDS SUB,1608,11031,1998,,298,15,Sold,,,https://www.redfin.com/MD/Waldorf/2849-Portobello-Ct-20603/home/14377909,BRIGHT MLS,MDCH2023590,N,Y,38.6358034,-77.0192252
PAST SALE,September-27-2023,Townhouse,4121 Hatley Pl,White Plains,MD,20695,438990,3,3.5,STONEHAVEN,,2047,2023,,,67,Sold,,,https://www.redfin.com/MD/White-Plains/4121-Hatley-Pl-20695/home/184730720,BRIGHT MLS,MDCH2026902,N,Y,38.561663,-76.9316463
PAST SALE,June-22-2023,Single Family Residential,11790 Seamus Heaney Ct,White Plains,MD,20695,617490,5,4.5,ST. CHARLES,2733,6229,2023,,226,67,Sold,,,https://www.redfin.com/MD/White-Plains/11790-Seamus-Heaney-Ct-20695/home/184639809,BRIGHT MLS,MDCH2023930,N,Y,38.5565,-76.9224
PAST SALE,June-20-2023,Single Family Residential,2540 Lisa Dr,Waldorf,MD,20601,345000,3,2.0,PINEFIELD SUB,1342,11946,1971,,257,,Sold,,,https://www.redfin.com/MD/Waldorf/2540-Lisa-Dr-20601/home/14402800,BRIGHT MLS,MDCH2022228,N,Y,38.6467403,-76.8698215
PAST SALE,,Single Family Residential,9710 Berry Rd,Waldorf,MD,20603,150000,,1.0,,988,18905,1953,,152,,,,,https://www.redfin.com/MD/Waldorf/9710-Berry-Rd-20603/home/14421725,,,N,Y,38.6530939,-76.9745898
PAST SALE,,Single Family Residential,7480 Bensville Rd,Waldorf,MD,20603,357000,,2.5,,3096,104544,1951,,115,,,,,https://www.redfin.com/MD/Waldorf/7480-Bensville-Rd-20603/home/14394298,,,N,Y,38.6142851,-77.0113522
PAST SALE,,Townhouse,1742 Brightwell Ct,Waldorf,MD,20602,179000,,1.5,,1056,1650,1977,,170,,,,,https://www.redfin.com/MD/Waldorf/1742-Brightwell-Ct-20602/home/14417667,,,N,Y,38.5955072,-76.9056511
PAST SALE,September-15-2023,Single Family Residential,9450 Biltmore St,Waldorf,MD,20603,570000,5,3.5,AVALON SUB,3700,7137,2005,,154,50,Sold,,,https://www.redfin.com/MD/Waldorf/9450-Biltmore-St-20603/home/14413387,BRIGHT MLS,MDCH2025470,N,Y,38.6289349,-76.9711245
PAST SALE,,Vacant Land,2101 Cedar Tree Ln,Waldorf,MD,20601,531000,,,,,17159,,,,,,,,https://www.redfin.com/MD/Waldorf/2101-Cedar-Tree-Ln-20601/home/14382276,,,N,Y,38.655691,-76.857592
PAST SALE,August-25-2023,Townhouse,3738 Midlothian Pl,Waldorf,MD,20602,354900,5,5.0,ST CHARLES SUB - HUNTINGTON,2216,2000,2000,,160,64,Sold,,,https://www.redfin.com/MD/Waldorf/3738-Midlothian-Pl-20602/home/14401495,BRIGHT MLS,MDCH2024784,N,Y,38.6132447,-76.9010223
PAST SALE,August-25-2023,Townhouse,4119 Hatley Pl,White Plains,MD,20695,448890,3,3.5,White Plains,,2309,2023,,,67,Sold,,,https://www.redfin.com/MD/White-Plains/4119-Hatley-Pl-20695/home/183423725,BRIGHT MLS,MDCH2025828,N,Y,38.5587,-76.9219
PAST SALE,,Single Family Residential,10317 Cassidy Ct,Waldorf,MD,20601,458100,,2.5,,1812,4915,1999,,253,,,,,https://www.redfin.com/MD/Waldorf/10317-Cassidy-Ct-20601/home/14399766,,,N,Y,38.653014,-76.9606829
PAST SALE,,Townhouse,4203 Bluebird Dr,Waldorf,MD,20603,285000,,2.5,,1360,2200,1985,,210,,,,,https://www.redfin.com/MD/Waldorf/4203-Bluebird-Dr-20603/home/14397927,,,N,Y,38.6239198,-76.9315813
PAST SALE,June-2-2023,Townhouse,5135-A Shawe Pl Unit 14-K,Waldorf,MD,20602,174500,3,2.0,ST CHARLES SUB - BANNISTER,1350,,1977,,129,325,Sold,,,https://www.redfin.com/MD/Waldorf/5135-Shawe-Pl-20602/unit-14-K/home/185601180,BRIGHT MLS,MDCH2023242,N,Y,38.5909095,-76.9027616
PAST SALE,May-23-2023,Single Family Residential,9878 Selkie Ln,Waldorf,MD,20601,699529,4,4.0,SCOTLAND HEIGHTS,,5837,2023,,,41,Sold,,,https://www.redfin.com/MD/Waldorf/9878-Selkie-Ln-20601/home/186486069,BRIGHT MLS,MDCH2025416,N,Y,38.6538552,-76.9691453
PAST SALE,,Single Family Residential,225 Compton Rd,Waldorf,MD,20602,299251,,2.0,,1581,10400,1967,,189,,,,,https://www.redfin.com/MD/Waldorf/225-Compton-Rd-20602/home/14408429,,,N,Y,38.6027234,-76.9171516
PAST SALE,May-26-2023,Townhouse,702-C Barrington Dr Unit 2C,Waldorf,MD,20602,280000,3,1.0,ST CHARLES SUB - HUNTINGTON,1200,1458,1983,,233,74,Sold,,,https://www.redfin.com/MD/Waldorf/702-Barrington-Dr-20602/unit-C/home/14379198,BRIGHT MLS,MDCH2022018,N,Y,38.6077786,-76.9033991
PAST SALE,,Single Family Residential,23 Marshall Rd,Waldorf,MD,20602,325000,,2.0,,1869,9564,1970,,174,,,,,https://www.redfin.com/MD/Waldorf/23-Marshall-Rd-20602/home/14411935,,,N,Y,38.6004436,-76.9262013
PAST SALE,,Single Family Residential,1116 Harvard Rd,Waldorf,MD,20602,415000,,2.0,,2000,15513,1971,,208,,,,,https://www.redfin.com/MD/Waldorf/1116-Harvard-Rd-20602/home/14404999,,,N,Y,38.5988441,-76.9170616
PAST SALE,May-6-2023,Single Family Residential,4050 Zion St,White Plains,MD,20695,641790,3,2.0,White Plains,,10062,2023,,,300,Sold,,,https://www.redfin.com/MD/White-Plains/4050-Zion-St-20695/home/179851959,BRIGHT MLS,MDCH2022468,N,Y,38.558813,-76.935282
PAST SALE,,Single Family Residential,10656 Ashford Cir,Waldorf,MD,20603,525000,,2.5,,3050,13137,1998,,172,,,,,https://www.redfin.com/MD/Waldorf/10656-Ashford-Cir-20603/home/14423420,,,N,Y,38.6426812,-76.9465943
PAST SALE,,Townhouse,12014 Calico Woods Pl,Waldorf,MD,20601,365000,,2.5,,1900,1600,2001,,192,,,,,https://www.redfin.com/MD/Waldorf/12014-Calico-Woods-Pl-20601/home/14400488,,,N,Y,38.6479789,-76.8966637
PAST SALE,August-21-2023,Townhouse,11695 Emily Dickinson Pl,White Plains,MD,20695,454900,4,4.5,STONEHAVEN,2438,2047,2023,,187,65,Sold,,,https://www.redfin.com/MD/White-Plains/11695-Emily-Dickinson-Pl-20695/home/180777357,BRIGHT MLS,MDCH2026020,N,Y,38.556313,-76.929981
PAST SALE,,Townhouse,2046 Tanglewood Dr,Waldorf,MD,20601,228000,,1.5,,1120,3675,1987,,204,,,,,https://www.redfin.com/MD/Waldorf/2046-Tanglewood-Dr-20601/home/14398548,,,N,Y,38.6439291,-76.9004576
PAST SALE,July-19-2023,Single Family Residential,12323 Burning Oak Ct,Waldorf,MD,20601,435000,4,2.5,WHITE OAK VILLAGE SUB,2006,11405,1988,,217,,Sold,,,https://www.redfin.com/MD/Waldorf/12323-Burning-Oak-Ct-20601/home/14411981,BRIGHT MLS,MDCH2024526,N,Y,38.6406396,-76.8831082
PAST SALE,,Townhouse,11709 Palm Desert Pl,Waldorf,MD,20602,410000,,3.0,,2308,2788,2011,,178,,,,,https://www.redfin.com/MD/Waldorf/11709-Palm-Desert-Pl-20602/home/44594072,,,N,Y,38.5751185,-76.9083265
PAST SALE,May-24-2023,Single Family Residential,9874 Selkie Ln,Waldorf,MD,20601,647407,5,4.5,SCOTLAND HEIGHTS,3480,,2023,,186,42,Sold,,,https://www.redfin.com/MD/Waldorf/9874-Selkie-Ln-20601/home/186299389,BRIGHT MLS,MDCH2025112,N,Y,38.6538552,-76.9691453
PAST SALE,August-8-2023,Townhouse,11217-D Heron Pl,Waldorf,MD,20603,360000,3,3.5,MILLBROOK SUB,1832,1900,1990,,197,103,Sold,,,https://www.redfin.com/MD/Waldorf/11217-Heron-Pl-20603/unit-D/home/14383279,BRIGHT MLS,MDCH2024504,N,Y,38.6242932,-76.9234775
PAST SALE,June-29-2023,Single Family Residential,11773 Sir Walter Scott Ct,White Plains,MD,20695,638890,5,4.5,STONEHAVEN,4709,7405,2023,,136,66,Sold,,,https://www.redfin.com/MD/White-Plains/11773-Sir-Walter-Scott-Ct-20695/home/184731700,BRIGHT MLS,MDCH2024700,N,Y,38.55458,-76.92893
PAST SALE,,Single Family Residential,10095 Marshall Corner Rd,White Plains,MD,20695,223000,,1.5,,1374,26310,1970,,162,,,,,https://www.redfin.com/MD/White-Plains/10095-Marshall-Corner-Rd-20695/home/15153357,,,N,Y,38.5863438,-76.9608629
PAST SALE,July-31-2023,Townhouse,4125 Hatley Pl,White Plains,MD,20695,451490,4,3.0,STONEHAVEN,,2309,2023,,,67,Sold,,,https://www.redfin.com/MD/White-Plains/4125-Hatley-Pl-20695/home/183423678,BRIGHT MLS,MDCH2025092,N,Y,38.5587,-76.9219
PAST SALE,,Single Family Residential,11512 Lady Alison Ct,Waldorf,MD,20601,575000,,2.5,,2544,6175,2007,,226,,,,,https://www.redfin.com/MD/Waldorf/11512-Lady-Alison-Ct-20601/home/15152838,,,N,Y,38.6345157,-76.9156546
PAST SALE,June-7-2023,Single Family Residential,2100 Saint James Rd,Accokeek,MD,20607,1181290,4,3.5,ST JAMES-PLAT 1>,,87556,2023,,,58,Sold,,,https://www.redfin.com/MD/Accokeek/2100-Saint-James-Rd-20607/home/11146268,BRIGHT MLS,MDPG2081668,N,Y,38.681056,-76.975042
PAST SALE,,Single Family Residential,15115 Stillwater Pl,Waldorf,MD,20601,515000,,2.5,,2336,133294,1996,,220,,,,,https://www.redfin.com/MD/Waldorf/15115-Stillwater-Pl-20601/home/14391549,,,N,Y,38.5921844,-76.7856993
PAST SALE,August-31-2023,Townhouse,4108 Hatley Pl,White Plains,MD,20695,446840,3,2.0,White Plains,,2309,,,,,Sold,,,https://www.redfin.com/MD/White-Plains/4108-Hatley-Pl-20695/home/184730711,BRIGHT MLS,MDCH2027162,N,Y,38.5587,-76.9219
PAST SALE,,Single Family Residential,3913 Newman Ct,Waldorf,MD,20602,331000,,2.0,,1506,8612,1977,,220,,,,,https://www.redfin.com/MD/Waldorf/3913-Newman-Ct-20602/home/14404751,,,N,Y,38.5944267,-76.8976544
PAST SALE,August-21-2023,Single Family Residential,9359 Medfield Ct,Waldorf,MD,20603,575000,4,3.5,CHARLES CROSSING SUB,3841,7192,2008,,150,92,Sold,,,https://www.redfin.com/MD/Waldorf/9359-Medfield-Ct-20603/home/14411752,BRIGHT MLS,MDCH2024140,N,Y,38.6350242,-76.9569021
PAST SALE,June-23-2023,Single Family Residential,10215 Rocky Road Pl,Waldorf,MD,20603,375000,3,2.0,CHARLES COUNTY,1812,108900,1987,,207,,Sold,,,https://www.redfin.com/MD/Waldorf/10215-Rocky-Road-Pl-20603/home/14383353,BRIGHT MLS,MDCH2021726,N,Y,38.6372658,-76.9574872
PAST SALE,May-22-2023,Single Family Residential,1215 Adams Rd,Waldorf,MD,20602,295000,3,1.5,ST CHARLES SUB - CARRINGTON,1536,9202,1969,,192,,Sold,,,https://www.redfin.com/MD/Waldorf/1215-Adams-Rd-20602/home/14415747,BRIGHT MLS,MDCH2021880,N,Y,38.5999529,-76.9247156
PAST SALE,June-8-2023,Single Family Residential,10600 Long Leaf Ln,Waldorf,MD,20603,620000,5,3.5,AUTUMN HILLS SUB,3912,8189,2016,,158,77,Sold,,,https://www.redfin.com/MD/Waldorf/10600-Long-Leaf-Ln-20603/home/108433631,BRIGHT MLS,MDCH2022674,N,Y,38.6341292,-76.9450638
PAST SALE,September-15-2023,Single Family Residential,3438 Marylea Ct,Waldorf,MD,20603,639990,4,3.5,BRENTWOOD,3581,6000,,,179,65,Sold,,,https://www.redfin.com/MD/Waldorf/3438-Marylea-Ct-20603/home/186257298,BRIGHT MLS,MDCH2024986,N,Y,38.6140403,-76.9990145
PAST SALE,September-20-2023,Single Family Residential,6106 Bison Ct,Waldorf,MD,20603,395000,4,2.5,ST CHARLES SUB - HAMPSHIRE,1906,6106,1989,,207,44,Sold,,,https://www.redfin.com/MD/Waldorf/6106-Bison-Ct-20603/home/14411367,BRIGHT MLS,MDCH2025438,N,Y,38.619145,-76.9575772
PAST SALE,August-11-2023,Townhouse,10479 Telluride Pl,White Plains,MD,20695,355000,4,3.5,ASPEN WOODS SUB,1570,,1996,,226,81,Sold,,,https://www.redfin.com/MD/White-Plains/10479-Telluride-Pl-20695/home/14385863,BRIGHT MLS,MDCH2024538,N,Y,38.603374,-76.9486312
PAST SALE,May-19-2023,Townhouse,2633 Rooks Head Pl,Waldorf,MD,20602,270000,3,1.5,ST CHARLES SUB - WAKEFIELD,1056,1650,1981,,256,62,Sold,,,https://www.redfin.com/MD/Waldorf/2633-Rooks-Head-Pl-20602/home/14381928,BRIGHT MLS,MDCH2021936,N,Y,38.5965034,-76.891361
PAST SALE,May-4-2023,Townhouse,719 Brandon Cir,Waldorf,MD,20602,219000,3,1.5,ST CHARLES SUB - HUNTINGTON,1308,6330,1979,,167,34,Sold,,,https://www.redfin.com/MD/Waldorf/719-Brandon-Cir-20602/home/14373981,BRIGHT MLS,MDCH2021608,N,Y,38.6061829,-76.9034544
PAST SALE,July-17-2023,Single Family Residential,701 Eucla Dr,Waldorf,MD,20601,320000,3,1.0,ACCOKEEK ACRES,960,10261,1984,,333,,Sold,,,https://www.redfin.com/MD/Waldorf/701-Eucla-Dr-20601/home/23394913,BRIGHT MLS,MDPG2082096,N,Y,38.6670784,-76.9968196
PAST SALE,May-12-2023,Single Family Residential,10641 Quillback St,Waldorf,MD,20603,445000,5,3.5,ST CHARLES SUB - DORCHESTER,3136,5386,2001,,142,58,Sold,,,https://www.redfin.com/MD/Waldorf/10641-Quillback-St-20603/home/14420789,BRIGHT MLS,MDCH2021802,N,Y,38.6062263,-76.9459641
PAST SALE,May-31-2023,Single Family Residential,7915 Monarch St,White Plains,MD,20695,460000,5,3.5,KINGSVIEW SUB,2713,7233,1999,,170,84,Sold,,,https://www.redfin.com/MD/White-Plains/7915-Monarch-St-20695/home/14405430,BRIGHT MLS,MDCH2022352,N,Y,38.6197713,-77.0382983
PAST SALE,August-10-2023,Single Family Residential,3015 Walnut Ln,Waldorf,MD,20601,430000,4,3.0,COUNTRY CLUB SO SUB,2300,17500,1968,,187,,Sold,,,https://www.redfin.com/MD/Waldorf/3015-Walnut-Ln-20601/home/14400850,BRIGHT MLS,MDCH2023810,N,Y,38.6558597,-76.8668036
PAST SALE,May-12-2023,Townhouse,11301-D Golden Eagle Pl,Waldorf,MD,20603,355000,4,3.5,MILLBROOK SUB,1980,1742,1992,,179,94,Sold,,,https://www.redfin.com/MD/Waldorf/11301-Golden-Eagle-Pl-20603/unit-D/home/14422087,BRIGHT MLS,MDCH2021856,N,Y,38.6279378,-76.9217782
PAST SALE,May-26-2023,Single Family Residential,11445 James Joyce Ct,White Plains,MD,20695,635000,4,4.5,STONEHAVEN,4440,7623,2020,,143,67,Sold,,,https://www.redfin.com/MD/White-Plains/11445-James-Joyce-Ct-20695/home/174616742,BRIGHT MLS,MDCH2022120,N,Y,38.5538892,-76.9209787
PAST SALE,July-17-2023,Single Family Residential,5504 Skipjack Ct,Waldorf,MD,20603,445000,4,2.5,ST CHARLES SUB - DORCHESTER,2378,8819,1995,,187,61,Sold,,,https://www.redfin.com/MD/Waldorf/5504-Skipjack-Ct-20603/home/14376517,BRIGHT MLS,MDCH2023414,N,Y,38.6100027,-76.94871
PAST SALE,July-20-2023,Single Family Residential,4615 Harwich Dr,Waldorf,MD,20601,362000,3,2.0,PINEFIELD SUB,1664,10080,1972,,218,,Sold,,,https://www.redfin.com/MD/Waldorf/4615-Harwich-Dr-20601/home/14417090,BRIGHT MLS,MDCH2023332,N,Y,38.6491189,-76.8613533
PAST SALE,June-21-2023,Townhouse,4155 Bluebird Dr,Waldorf,MD,20603,290000,3,2.5,ST CHARLES SUB - LANCASTER,1360,2320,1985,,213,79,Sold,,,https://www.redfin.com/MD/Waldorf/4155-Bluebird-Dr-20603/home/14424684,BRIGHT MLS,MDCH2021462,N,Y,38.6239586,-76.9300393
PAST SALE,June-14-2023,Townhouse,6100 Tapir Pl,Waldorf,MD,20603,305000,3,2.5,ST CHARLES SUB - HAMPSHIRE,1252,1750,1988,,244,103,Sold,,,https://www.redfin.com/MD/Waldorf/6100-Tapir-Pl-20603/home/14421186,BRIGHT MLS,MDCH2022140,N,Y,38.6155963,-76.9587137
PAST SALE,July-25-2023,Single Family Residential,3255 Elsa Ave,Waldorf,MD,20603,530000,4,3.5,SETTLE WOODS SUB,3476,14522,1999,,152,7,Sold,,,https://www.redfin.com/MD/Waldorf/3255-Elsa-Ave-20603/home/14401559,BRIGHT MLS,MDCH2023752,N,Y,38.6212913,-77.0328106
PAST SALE,April-28-2023,Single Family Residential,1698 Pin Oak Dr,Waldorf,MD,20601,397000,3,2.0,WHITE OAK VILLAGE SUB,1588,13355,1983,,250,16,Sold,,,https://www.redfin.com/MD/Waldorf/1698-Pin-Oak-Dr-20601/home/14410359,BRIGHT MLS,MDCH2021596,N,Y,38.6415925,-76.875902
PAST SALE,September-20-2023,Single Family Residential,2202 Pinefield Rd,Waldorf,MD,20601,399900,3,2.0,PINEFIELD SUB,1534,11865,1969,,261,,Sold,,,https://www.redfin.com/MD/Waldorf/2202-Pinefield-Rd-20601/home/14393238,BRIGHT MLS,MDCH2024944,N,Y,38.6512204,-76.8723889
PAST SALE,July-14-2023,Single Family Residential,9728 Cadwell St,Waldorf,MD,20603,525000,4,3.5,CHARLES CROSSING SUB,2806,8703,2003,,187,92,Sold,,,https://www.redfin.com/MD/Waldorf/9728-Cadwell-St-20603/home/14421570,BRIGHT MLS,MDCH2023708,N,Y,38.6308752,-76.9622582
PAST SALE,June-13-2023,Single Family Residential,3410 Velvet Ash Ct,Waldorf,MD,20602,475000,4,2.0,ST CHARLES SUB - HUNTINGTON,2260,14502,1986,,210,50,Sold,,,https://www.redfin.com/MD/Waldorf/3410-Velvet-Ash-Ct-20602/home/14384823,BRIGHT MLS,MDCH2021556,N,Y,38.6051993,-76.8839189
PAST SALE,August-25-2023,Townhouse,2725 Red Lion Pl,Waldorf,MD,20602,293000,3,1.5,ST CHARLES SUB - WAKEFIELD,1100,2240,1980,,266,11,Sold,,,https://www.redfin.com/MD/Waldorf/2725-Red-Lion-Pl-20602/home/14399463,BRIGHT MLS,MDCH2024662,N,Y,38.596778,-76.8888098
PAST SALE,September-13-2023,Townhouse,4907-C Savoy Pl,Waldorf,MD,20602,219000,3,2.0,ST CHARLES SUB - BANNISTER,1078,,1976,,203,319,Sold,,,https://www.redfin.com/MD/Waldorf/4907-Savoy-Pl-20602/unit-C/home/28463128,BRIGHT MLS,MDCH2024058,N,Y,38.5913384,-76.9013118
PAST SALE,May-2-2023,Single Family Residential,12613 Indian Ln,Waldorf,MD,20601,365000,3,3.0,MATTAWOMAN ESTATES SUB,1560,15935,1983,,234,,Sold,,,https://www.redfin.com/MD/Waldorf/12613-Indian-Ln-20601/home/14377519,BRIGHT MLS,MDCH2021474,N,Y,38.6450651,-76.8703169
PAST SALE,July-12-2023,Single Family Residential,3419 Yarnell Ct,Waldorf,MD,20603,580000,4,3.5,BRENTWOOD SUB,3368,10571,2008,,172,66,Sold,,,https://www.redfin.com/MD/Waldorf/3419-Yarnell-Ct-20603/home/18989512,BRIGHT MLS,MDCH2023234,N,Y,38.6184188,-77.0094462
PAST SALE,October-20-2023,Single Family Residential,10874 Parchment Ct,Waldorf,MD,20603,495000,4,2.5,CONSTITUITON HILLS SUB,2441,15625,1997,,203,25,Sold,,,https://www.redfin.com/MD/Waldorf/10874-Parchment-Ct-20603/home/14381037,BRIGHT MLS,MDCH2021042,N,Y,38.6291186,-76.937096
PAST SALE,,Townhouse,3183 Northbay Pl,Waldorf,MD,20601,440000,,3.0,,1809,6142,2017,,243,,,,,https://www.redfin.com/MD/Waldorf/3183-Northbay-Pl-20601/home/109828842,,,N,Y,38.6257982,-76.8852129
PAST SALE,September-15-2023,Townhouse,38 Keepsake Pl,Waldorf,MD,20602,300000,3,2.5,ST CHARLES SUB - WAKEFIELD,1329,2347,1980,,226,63,Sold,,,https://www.redfin.com/MD/Waldorf/38-Keepsake-Pl-20602/home/14424381,BRIGHT MLS,MDCH2025508,N,Y,38.5982926,-76.8829843
PAST SALE,August-31-2023,Single Family Residential,3191 High Timber Ct,Waldorf,MD,20602,320000,3,1.5,ST CHARLES SUB - HUNTINGTON,1617,10300,1983,,198,37,Sold,,,https://www.redfin.com/MD/Waldorf/3191-High-Timber-Ct-20602/home/14388728,BRIGHT MLS,MDCH2025180,N,Y,38.6089149,-76.8946503
PAST SALE,May-26-2023,Townhouse,11740 Sunningdale Pl,Waldorf,MD,20602,385000,3,2.5,ST CHARLES SUB - GLENEAGLES,1840,1955,2013,,209,79,Sold,,,https://www.redfin.com/MD/Waldorf/11740-Sunningdale-Pl-20602/home/50274512,BRIGHT MLS,MDCH2022094,N,Y,38.577543,-76.9077524
PAST SALE,October-16-2023,Townhouse,11318-B Golden Eagle Pl,Waldorf,MD,20603,350000,3,2.5,MILLBROOK SUB,1720,94873680,1993,,203,66,Sold,,,https://www.redfin.com/MD/Waldorf/11318-Golden-Eagle-Pl-20603/unit-B/home/14398477,BRIGHT MLS,MDCH2025350,N,Y,38.628142,-76.922136
PAST SALE,August-24-2023,Single Family Residential,10000 Ethridge Dr,Waldorf,MD,20603,545000,4,3.5,CHARLES CROSSING SUB,3752,10651,2001,,145,92,Sold,,,https://www.redfin.com/MD/Waldorf/10000-Ethridge-Dr-20603/home/14421136,BRIGHT MLS,MDCH2024316,N,Y,38.6278705,-76.9641935
PAST SALE,July-7-2023,Single Family Residential,5501 Mako Ct,Waldorf,MD,20603,400000,3,2.5,ST CHARLES SUB - DORCHESTER,1912,9000,1991,,209,63,Sold,,,https://www.redfin.com/MD/Waldorf/5501-Mako-Ct-20603/home/14417492,BRIGHT MLS,MDCH2022832,N,Y,38.6123559,-76.9406523
PAST SALE,August-31-2023,Single Family Residential,8251 Bishopsgate Ln,White Plains,MD,20695,560000,4,2.5,HIGHGROVE SUB,2647,11708,1999,,212,63,Sold,,,https://www.redfin.com/MD/White-Plains/8251-Bishopsgate-Ln-20695/home/14420081,BRIGHT MLS,MDCH2024970,N,Y,38.6109541,-77.0215196
PAST SALE,August-18-2023,Single Family Residential,4703 Orleans Cir,Waldorf,MD,20601,465000,4,3.0,PINEFIELD SUB,2496,15860,1971,,186,,Sold,,,https://www.redfin.com/MD/Waldorf/4703-Orleans-Cir-20601/home/14424109,BRIGHT MLS,MDCH2024176,N,Y,38.6484601,-76.864056
PAST SALE,October-16-2023,Townhouse,3217 Westdale Ct,Waldorf,MD,20601,255000,3,1.5,ACTON VILLAGE SUB,1280,1306,1986,,199,60,Sold,,,https://www.redfin.com/MD/Waldorf/3217-Westdale-Ct-20601/home/14387471,BRIGHT MLS,MDCH2025184,N,Y,38.6399009,-76.9041654
PAST SALE,June-29-2023,Single Family Residential,4301 Sandwich Ct,Waldorf,MD,20601,472000,4,3.0,PINEFIELD SUB,2197,18542,2016,,215,,Sold,,,https://www.redfin.com/MD/Waldorf/4301-Sandwich-Ct-20601/home/14407248,BRIGHT MLS,MDCH2022954,N,Y,38.6442325,-76.8644163
PAST SALE,August-14-2023,Single Family Residential,3072 Endicott Ct,Waldorf,MD,20602,370000,3,3.0,ST CHARLES SUB - HUNTINGTON,1560,9743,1983,,237,32,Sold,,,https://www.redfin.com/MD/Waldorf/3072-Endicott-Ct-20602/home/14407514,BRIGHT MLS,MDCH2023388,N,Y,38.6114264,-76.8965286
PAST SALE,April-28-2023,Townhouse,2541 Fernwood Ct,Waldorf,MD,20601,321000,3,2.5,MEADOWS AT WHITE OAK SUB,1296,2000,1994,,248,85,Sold,,,https://www.redfin.com/MD/Waldorf/2541-Fernwood-Ct-20601/home/14416312,BRIGHT MLS,MDCH2021648,N,Y,38.6397205,-76.8789196
PAST SALE,May-31-2023,Single Family Residential,4495 Irish Peach Ct,Waldorf,MD,20602,565000,4,2.5,GROVES AT PINEY CHURCH,2938,10763,2017,,192,98,Sold,,,https://www.redfin.com/MD/Waldorf/4495-Irish-Peach-Ct-20602/home/85690115,BRIGHT MLS,MDCH2021728,N,Y,38.5890033,-76.8931961
PAST SALE,August-18-2023,Single Family Residential,4302 Rye Dr,Waldorf,MD,20602,355000,3,2.0,ST CHARLES SUB - BANNISTER,1506,7571,1976,,236,41,Sold,,,https://www.redfin.com/MD/Waldorf/4302-Rye-Dr-20602/home/14400083,BRIGHT MLS,MDCH2024324,N,Y,38.5927963,-76.8989152
PAST SALE,May-26-2023,Townhouse,3891 Pine Cone Cir,Waldorf,MD,20602,330000,3,1.5,ST CHARLES SUB - HUNTINGTON,1280,2190,1983,,258,88,Sold,,,https://www.redfin.com/MD/Waldorf/3891-Pine-Cone-Cir-20602/home/14388235,BRIGHT MLS,MDCH2022198,N,Y,38.6054792,-76.8862945
PAST SALE,September-7-2023,Single Family Residential,6703 Flying Squirrel Ct,Waldorf,MD,20603,430000,4,2.5,ST CHARLES SUB - HAMPSHIRE,1896,8866,1990,,227,51,Sold,,,https://www.redfin.com/MD/Waldorf/6703-Flying-Squirrel-Ct-20603/home/14418647,BRIGHT MLS,MDCH2024734,N,Y,38.6231083,-76.9616281
PAST SALE,April-28-2023,Single Family Residential,910 Sloan Ave,Waldorf,MD,20602,400000,3,2.5,ST CHARLES SUB - CARRINGTON,1781,10340,1967,,225,,Sold,,,https://www.redfin.com/MD/Waldorf/910-Sloan-Ave-20602/home/14384195,BRIGHT MLS,MDCH2021150,N,Y,38.6088847,-76.9139098
PAST SALE,June-16-2023,Townhouse,10874 Finsbury Aly,Waldorf,MD,20603,450000,3,2.5,ST CHARLES SUB RESTRICTIVE AREA,2424,2614,2016,,186,125,Sold,,,https://www.redfin.com/MD/Waldorf/10874-Finsbury-Aly-20603/home/108433720,BRIGHT MLS,MDCH2022442,N,Y,38.6094832,-76.9394819
PAST SALE,August-11-2023,Single Family Residential,3102 Freedom Ct S,Waldorf,MD,20603,515000,5,2.5,CONSTITUITON HILLS SUB,2618,15000,1993,,197,23,Sold,,,https://www.redfin.com/MD/Waldorf/3102-Freedom-Ct-S-20603/home/14407870,BRIGHT MLS,MDCH2024022,N,Y,38.630936,-76.9328643
PAST SALE,August-4-2023,Townhouse,3207 Manning Ct,Waldorf,MD,20602,266000,3,1.0,ST CHARLES SUB - BANNISTER,1056,1742,1977,,252,25,Sold,,,https://www.redfin.com/MD/Waldorf/3207-Manning-Ct-20602/home/14419578,BRIGHT MLS,MDCH2023162,N,Y,38.596804,-76.898675
PAST SALE,October-12-2023,Townhouse,2531 Fernwood Ct,Waldorf,MD,20601,315000,3,2.5,MEADOWS AT WHITE OAK SUB,1349,2000,1994,,234,85,Sold,,,https://www.redfin.com/MD/Waldorf/2531-Fernwood-Ct-20601/home/14417585,BRIGHT MLS,MDCH2026092,N,Y,38.6399468,-76.8787845
PAST SALE,July-31-2023,Single Family Residential,8309 Kingsbench Ct,White Plains,MD,20695,490000,4,2.5,KINGSVIEW SUB,2188,10346,2000,,224,84,Sold,,,https://www.redfin.com/MD/White-Plains/8309-Kingsbench-Ct-20695/home/14407590,BRIGHT MLS,MDCH2024388,N,Y,38.61725,-77.036759
PAST SALE,May-23-2023,Single Family Residential,14840 Countryview Pl,Waldorf,MD,20601,445000,4,2.5,Waldorf,1756,334976,2006,,253,,Sold,,,https://www.redfin.com/MD/Waldorf/14840-Countryview-Pl-20601/home/14384552,BRIGHT MLS,MDCH2021328,N,Y,38.588507,-76.795649
PAST SALE,May-25-2023,Single Family Residential,2807 Hackney Ln,Waldorf,MD,20602,450000,3,2.5,ST CHARLES SUB - WAKEFIELD,1824,7000,1994,,247,49,Sold,,,https://www.redfin.com/MD/Waldorf/2807-Hackney-Ln-20602/home/14376763,BRIGHT MLS,MDCH2021854,N,Y,38.600896,-76.8889629
PAST SALE,May-5-2023,Townhouse,3118 Gideon Ct,Waldorf,MD,20602,310000,3,1.5,ST CHARLES SUB - HUNTINGTON,1056,7480,1982,,294,29,Sold,,,https://www.redfin.com/MD/Waldorf/3118-Gideon-Ct-20602/home/14413846,BRIGHT MLS,MDCH2021548,N,Y,38.6111154,-76.893367
PAST SALE,July-17-2023,Single Family Residential,11456 James Joyce Ct,White Plains,MD,20695,605000,4,4.0,STONEHAVEN,4786,9845,2020,,126,67,Sold,,,https://www.redfin.com/MD/White-Plains/11456-James-Joyce-Ct-20695/home/174616751,BRIGHT MLS,MDCH2022830,N,Y,38.5539287,-76.9202583
PAST SALE,May-4-2023,Townhouse,11960 Cooperstown Pl,Waldorf,MD,20602,387254,4,3.5,ST CHARLES SUB - FIELDSIDE,2366,1693,2016,,164,53,Sold,,,https://www.redfin.com/MD/Waldorf/11960-Cooperstown-Pl-20602/home/102066937,BRIGHT MLS,MDCH2021472,N,Y,38.559756,-76.9064184
PAST SALE,October-2-2023,Single Family Residential,2800 Brewster Rd,Waldorf,MD,20601,335000,3,2.0,PINEFIELD SUB,1342,19348,1970,,250,,Sold,,,https://www.redfin.com/MD/Waldorf/2800-Brewster-Rd-20601/home/15155550,BRIGHT MLS,MDCH2025578,N,Y,38.6461809,-76.8670288
PAST SALE,August-8-2023,Single Family Residential,10675 Sourwood Ave,Waldorf,MD,20603,730000,4,4.5,AUTUMN HILLS SUB,6548,9260,2006,,111,77,Sold,,,https://www.redfin.com/MD/Waldorf/10675-Sourwood-Ave-20603/home/14407243,BRIGHT MLS,MDCH2023656,N,Y,38.6272994,-76.9422054
PAST SALE,August-25-2023,Single Family Residential,5410 Tilapia Ct,Waldorf,MD,20603,385000,3,2.5,ST CHARLES SUB - DORCHESTER,1640,5660,1994,,235,35,Sold,,,https://www.redfin.com/MD/Waldorf/5410-Tilapia-Ct-20603/home/14408691,BRIGHT MLS,MDCH2024790,N,Y,38.6150967,-76.9452889
PAST SALE,September-22-2023,Townhouse,2517 Robinson Pl,Waldorf,MD,20602,302000,3,2.5,ST CHARLES SUB - WAKEFIELD,1188,2240,1978,,254,67,Sold,,,https://www.redfin.com/MD/Waldorf/2517-Robinson-Pl-20602/home/14410943,BRIGHT MLS,MDCH2025838,N,Y,38.5974581,-76.8906292
PAST SALE,May-22-2023,Single Family Residential,10814 Constitution Dr,Waldorf,MD,20603,530000,4,3.5,AUTUMN HILLS SUB,4188,8879,2007,,127,55,Sold,,,https://www.redfin.com/MD/Waldorf/10814-Constitution-Dr-20603/home/14378571,BRIGHT MLS,MDCH2022170,N,Y,38.6311024,-76.9407424
PAST SALE,July-12-2023,Single Family Residential,15101 Gardner Rd,Waldorf,MD,20601,435000,3,1.0,Waldorf,1232,443005,1959,,353,,Sold,,,https://www.redfin.com/MD/Waldorf/15101-Gardner-Rd-20601/home/10580048,BRIGHT MLS,MDPG2080830,N,Y,38.681956,-76.943693
PAST SALE,August-30-2023,Townhouse,11773 Sunningdale Pl,Waldorf,MD,20602,359000,2,2.5,ST CHARLES SUB - GLENEAGLES,1432,1534,2014,,251,62,Sold,,,https://www.redfin.com/MD/Waldorf/11773-Sunningdale-Pl-20602/home/51589804,BRIGHT MLS,MDCH2024904,N,Y,38.5765394,-76.907257
PAST SALE,May-25-2023,Single Family Residential,2036 Downshire Ct,Waldorf,MD,20603,583500,4,4.5,AVALON SUB,3894,7800,2006,,150,74,Sold,,,https://www.redfin.com/MD/Waldorf/2036-Downshire-Ct-20603/home/14405528,BRIGHT MLS,MDCH2021932,N,Y,38.6281432,-76.9755349
PAST SALE,October-11-2023,Single Family Residential,214 Acadia Rd,Waldorf,MD,20602,397000,4,2.0,ST CHARLES SUB - CARRINGTON,1689,10630,1967,,235,,Sold,,,https://www.redfin.com/MD/Waldorf/214-Acadia-Rd-20602/home/14381168,BRIGHT MLS,MDCH2026234,N,Y,38.6087597,-76.9145852
PAST SALE,September-15-2023,Single Family Residential,9920 Big Oak Pl,Waldorf,MD,20601,460000,4,2.0,PICKERAL ESTATES SUB,2405,140263,1997,,191,,Sold,,,https://www.redfin.com/MD/Waldorf/9920-Big-Oak-Pl-20601/home/14389790,BRIGHT MLS,MDCH2024726,N,Y,38.6539716,-76.9663089
PAST SALE,May-24-2023,Single Family Residential,6101 Bison Ct,Waldorf,MD,20603,435000,4,2.5,ST CHARLES SUB - HAMPSHIRE,2085,7711,1989,,209,52,Sold,,,https://www.redfin.com/MD/Waldorf/6101-Bison-Ct-20603/home/14417150,BRIGHT MLS,MDCH2022102,N,Y,38.6190336,-76.9569471
PAST SALE,October-18-2023,Single Family Residential,3680 Forest View Dr,Waldorf,MD,20601,405000,4,2.0,BELLEWOOD SUB,1984,60113,1968,,204,,Sold,,,https://www.redfin.com/MD/Waldorf/3680-Forest-View-Dr-20601/home/14420385,BRIGHT MLS,MDCH2025846,N,Y,38.6111724,-76.852479
PAST SALE,May-26-2023,Townhouse,12216 Revolution Ct,Waldorf,MD,20602,420950,3,3.0,ST CHARLES SUB - FIELDSIDE,2268,2178,2018,,186,106,Sold,,,https://www.redfin.com/MD/Waldorf/12216-Revolution-Ct-20602/home/145407843,BRIGHT MLS,MDCH2022400,N,Y,38.5576514,-76.9113771
PAST SALE,September-21-2023,Single Family Residential,4868 Piney Church Rd,Waldorf,MD,20602,370000,4,1.0,Waldorf,1552,43560,1964,,238,,Sold,,,https://www.redfin.com/MD/Waldorf/4868-Piney-Church-Rd-20602/home/14417272,BRIGHT MLS,MDCH2025264,N,Y,38.578286,-76.904621
PAST SALE,August-10-2023,Single Family Residential,15156 Woodridge Ct,Waldorf,MD,20601,500000,5,3.0,WOODRIDGE ACRES SUB,2554,222592,1976,,196,,Sold,,,https://www.redfin.com/MD/Waldorf/15156-Woodridge-Ct-20601/home/14400974,BRIGHT MLS,MDCH2024330,N,Y,38.561289,-76.78401
PAST SALE,June-27-2023,Single Family Residential,9437 Super St,Waldorf,MD,20603,625000,4,3.5,NORTH POINTE,4449,8320,2015,,140,75,Sold,,,https://www.redfin.com/MD/Waldorf/9437-Super-St-20603/home/85690090,BRIGHT MLS,MDCH2022908,N,Y,38.6292234,-76.9828154
PAST SALE,July-28-2023,Single Family Residential,29 Marshall Rd,Waldorf,MD,20602,345000,3,1.0,ST CHARLES SUB - CARRINGTON,1377,13812,1969,,251,,Sold,,,https://www.redfin.com/MD/Waldorf/29-Marshall-Rd-20602/home/14396970,BRIGHT MLS,MDCH2023712,N,Y,38.6010185,-76.9266515
PAST SALE,June-23-2023,Single Family Residential,12574 Council Oak Dr,Waldorf,MD,20601,402000,4,2.0,WHITE OAK VILLAGE SUB,1789,10365,1986,,225,16,Sold,,,https://www.redfin.com/MD/Waldorf/12574-Council-Oak-Dr-20601/home/14423564,BRIGHT MLS,MDCH2022960,N,Y,38.6383627,-76.8797303
PAST SALE,June-9-2023,Townhouse,5126-A Shawe Pl Unit 3-K,Waldorf,MD,20602,225000,3,2.5,ST CHARLES SUB - BANNISTER,1350,,1977,,167,323,Sold,,,https://www.redfin.com/MD/Waldorf/5126-Shawe-Pl-20602/unit-3-K/home/185381656,BRIGHT MLS,MDCH2022286,N,Y,38.591134,-76.9031928
PAST SALE,May-17-2023,Single Family Residential,1751 Red Oak Ln,Waldorf,MD,20601,390000,3,2.5,WHITE OAK VILLAGE SUB,1728,10000,1984,,226,15,Sold,,,https://www.redfin.com/MD/Waldorf/1751-Red-Oak-Ln-20601/home/14380304,BRIGHT MLS,MDCH2021752,N,Y,38.6450925,-76.8765776
PAST SALE,May-24-2023,Single Family Residential,10155 Griffith Ln,White Plains,MD,20695,455000,4,2.5,White Plains,1552,130680,1991,,293,,Sold,,,https://www.redfin.com/MD/White-Plains/10155-Griffith-Ln-20695/home/14399961,BRIGHT MLS,MDCH2021156,N,Y,38.5898194,-76.9591526
PAST SALE,June-30-2023,Townhouse,4533 Grouse Pl,Waldorf,MD,20603,310000,3,1.5,ST CHARLES SUB - LANCASTER,1160,,1984,,267,66,Sold,,,https://www.redfin.com/MD/Waldorf/4533-Grouse-Pl-20603/home/14387629,BRIGHT MLS,MDCH2022840,N,Y,38.6278552,-76.9337647
PAST SALE,May-2-2023,Townhouse,12471 Turtle Dove Pl,Waldorf,MD,20602,365000,4,3.5,LAKEWOOD EST SUB,1678,,1992,,218,75,Sold,,,https://www.redfin.com/MD/Waldorf/12471-Turtle-Dove-Pl-20602/home/14380015,BRIGHT MLS,MDCH2021346,N,Y,38.6100096,-76.8783792
PAST SALE,August-8-2023,Townhouse,57 Meadow Ln,Waldorf,MD,20601,270000,2,1.5,ACTON VILLAGE SUB,1186,3136,1979,,228,57,Sold,,,https://www.redfin.com/MD/Waldorf/57-Meadow-Ln-20601/home/14394263,BRIGHT MLS,MDCH2024342,N,Y,38.6404504,-76.9051182
PAST SALE,October-3-2023,Townhouse,440 Thistle Pl,Waldorf,MD,20601,310000,3,1.5,TANGLEWOOD TOWNHOMES SUB,1160,2699,1990,,267,35,Sold,,,https://www.redfin.com/MD/Waldorf/440-Thistle-Pl-20601/home/14419573,BRIGHT MLS,MDCH2026114,N,Y,38.647011,-76.9009979
PAST SALE,July-14-2023,Single Family Residential,9834 Bremen Ct,Waldorf,MD,20603,545000,4,4.5,MIDDLETON WOODS,3826,8364,2015,,142,85,Sold,,,https://www.redfin.com/MD/Waldorf/9834-Bremen-Ct-20603/home/64348468,BRIGHT MLS,MDCH2022542,N,Y,38.6249416,-76.977515
PAST SALE,May-26-2023,Single Family Residential,10533 Black Pine Ln,Waldorf,MD,20603,610000,5,3.5,PINEY GROVE ESTATES,4648,10237,2013,,131,62,Sold,,,https://www.redfin.com/MD/Waldorf/10533-Black-Pine-Ln-20603/home/64348225,BRIGHT MLS,MDCH2021524,N,Y,38.6280497,-76.954117
PAST SALE,June-13-2023,Townhouse,5343 Blue Crab Ln Unit LN,Waldorf,MD,20602,335500,3,3.0,ST CHARLES SUB - FIELDSIDE,2160,1786,2014,,155,55,Sold,,,https://www.redfin.com/MD/Waldorf/5343-Blue-Crab-Ln-20602/unit-LN/home/64348516,BRIGHT MLS,MDCH2022796,N,Y,38.5605378,-76.9107253
PAST SALE,October-13-2023,Single Family Residential,4822 Cave Creek Ct,Waldorf,MD,20602,515000,4,3.5,ST CHARLES SUB - SHEFFIELD,2490,7647,2003,,207,71,Sold,,,https://www.redfin.com/MD/Waldorf/4822-Cave-Creek-Ct-20602/home/14420605,BRIGHT MLS,MDCH2025728,N,Y,38.5895718,-76.9088668
PAST SALE,April-28-2023,Single Family Residential,8664 Valley Dr,Waldorf,MD,20603,485000,4,2.5,LAUREL BRANCH SUB,2392,20164,1986,,203,17,Sold,,,https://www.redfin.com/MD/Waldorf/8664-Valley-Dr-20603/home/14399209,BRIGHT MLS,MDCH2021560,N,Y,38.6366879,-77.0063133
PAST SALE,May-8-2023,Single Family Residential,2902 Stavors Rd,Waldorf,MD,20603,400000,3,3.0,WEST WALDORF ESTATES SUB,1608,15038,1995,,249,,Sold,,,https://www.redfin.com/MD/Waldorf/2902-Stavors-Rd-20603/home/14393194,BRIGHT MLS,MDCH2021296,N,Y,38.6319521,-76.9310748
PAST SALE,August-17-2023,Townhouse,11821 Tower Hamlets Pl,Waldorf,MD,20602,350000,2,2.5,ST CHARLES SUB - GLENEAGLES,1430,1537,2013,,245,63,Sold,,,https://www.redfin.com/MD/Waldorf/11821-Tower-Hamlets-Pl-20602/home/50274615,BRIGHT MLS,MDCH2024314,N,Y,38.5776683,-76.907257
PAST SALE,,Single Family Residential,1810 Saint James Rd,Accokeek,MD,20607,1250000,,4.5,,4510,60113,2021,,277,,,,,https://www.redfin.com/MD/Accokeek/1810-Saint-James-Rd-20607/home/11146172,,,N,Y,38.6856691,-76.971192
PAST SALE,May-18-2023,Single Family Residential,2029 Rosewood Dr,Waldorf,MD,20601,435000,5,3.0,BRIARWOOD SUB,2138,15333,1977,,203,,Sold,,,https://www.redfin.com/MD/Waldorf/2029-Rosewood-Dr-20601/home/14377127,BRIGHT MLS,MDCH2021852,N,Y,38.6525486,-76.9587025
PAST SALE,June-2-2023,Single Family Residential,10562 Halbert Ct,Waldorf,MD,20603,550000,4,3.5,ASHFORD SUB,3002,10279,1997,,183,58,Sold,,,https://www.redfin.com/MD/Waldorf/10562-Halbert-Ct-20603/home/14393837,BRIGHT MLS,MDCH2021732,N,Y,38.6475074,-76.9447487
PAST SALE,June-30-2023,Single Family Residential,6118 Blue Whale Ct,Waldorf,MD,20603,405000,3,2.5,ST CHARLES SUB - HAMPSHIRE,1657,5213,1989,,244,43,Sold,,,https://www.redfin.com/MD/Waldorf/6118-Blue-Whale-Ct-20603/home/14416780,BRIGHT MLS,MDCH2022820,N,Y,38.6177785,-76.9561819
PAST SALE,August-31-2023,Single Family Residential,10412 Silvervine Ct,Waldorf,MD,20603,539900,4,2.5,MCBERRY SUB,3606,7000,2012,,150,65,Sold,,,https://www.redfin.com/MD/Waldorf/10412-Silvervine-Ct-20603/home/14419100,BRIGHT MLS,MDCH2024218,N,Y,38.6448819,-76.9510956
PAST SALE,August-9-2023,Single Family Residential,10626 Sourwood Ave,Waldorf,MD,20603,685000,5,4.5,AUTUMN HILLS SUB,5853,8360,2006,,117,77,Sold,,,https://www.redfin.com/MD/Waldorf/10626-Sourwood-Ave-20603/home/14408782,BRIGHT MLS,MDCH2023552,N,Y,38.6281025,-76.9400446
PAST SALE,May-19-2023,Townhouse,2724 Albermarle Pl,Waldorf,MD,20601,365000,4,2.5,SOMERSET SUB,1668,124,1995,,219,19,Sold,,,https://www.redfin.com/MD/Waldorf/2724-Albermarle-Pl-20601/home/14416536,BRIGHT MLS,MDCH2021956,N,Y,38.6515296,-76.960944
PAST SALE,May-12-2023,Single Family Residential,5267 Briscoe Farm Rd,Waldorf,MD,20601,710000,3,2.5,Waldorf,2120,456335,1998,,335,,Sold,,,https://www.redfin.com/MD/Waldorf/5267-Briscoe-Farm-Rd-20601/home/14416109,BRIGHT MLS,MDCH2021970,N,Y,38.5686563,-76.8123006
PAST SALE,August-1-2023,Single Family Residential,3441 Williamsburg Dr,Waldorf,MD,20601,407000,3,2.5,PINEFIELD SUB,1822,18843,1984,,223,,Sold,,,https://www.redfin.com/MD/Waldorf/3441-Williamsburg-Dr-20601/home/14417898,BRIGHT MLS,MDCH2023584,N,Y,38.6454225,-76.8478164
PAST SALE,September-27-2023,Single Family Residential,1610 Debra Dr,Waldorf,MD,20601,300000,3,2.0,PINEFIELD SUB,1544,10019,1972,,194,,Sold,,,https://www.redfin.com/MD/Waldorf/1610-Debra-Dr-20601/home/14405402,BRIGHT MLS,MDCH2024816,N,Y,38.6532568,-76.8616235
PAST SALE,September-18-2023,Single Family Residential,1005 Stone Ave,Waldorf,MD,20602,315000,3,1.0,ST CHARLES SUB - CARRINGTON,1157,9600,1966,,272,,Sold,,,https://www.redfin.com/MD/Waldorf/1005-Stone-Ave-20602/home/15153493,BRIGHT MLS,MDCH2025056,N,Y,38.6045232,-76.9145402
PAST SALE,June-6-2023,Single Family Residential,2404 Mossrock Pl,Waldorf,MD,20603,485000,4,3.5,STREAMVIEW SUB,3626,10540,1999,,134,30,Sold,,,https://www.redfin.com/MD/Waldorf/2404-Mossrock-Pl-20603/home/14387163,BRIGHT MLS,MDCH2022362,N,Y,38.6455199,-76.9378613
PAST SALE,August-10-2023,Single Family Residential,2506 Gittings Ct,Waldorf,MD,20602,341500,3,1.5,ST CHARLES SUB - BANNISTER,1085,6715,1979,,315,33,Sold,,,https://www.redfin.com/MD/Waldorf/2506-Gittings-Ct-20602/home/14416543,BRIGHT MLS,MDCH2024408,N,Y,38.5983594,-76.90603
PAST SALE,May-4-2023,Townhouse,9629 Lexington Pl,Waldorf,MD,20603,405500,3,3.5,BERRY VALLEY SUB,2240,182,2003,,181,101,Sold,,,https://www.redfin.com/MD/Waldorf/9629-Lexington-Pl-20603/home/14376374,BRIGHT MLS,MDCH2021126,N,Y,38.642765,-76.968378
PAST SALE,June-15-2023,Single Family Residential,10705 Cedarwood Dr,Waldorf,MD,20601,390000,3,2.5,FOX RUN SUB,1760,8755,1983,,222,37,Sold,,,https://www.redfin.com/MD/Waldorf/10705-Cedarwood-Dr-20601/home/14385128,BRIGHT MLS,MDCH2021690,N,Y,38.6495929,-76.9379063
PAST SALE,June-27-2023,Single Family Residential,4764 Monterey Ct,Waldorf,MD,20602,575000,4,3.0,ST CHARLES SUB - SHEFFIELD,4004,6048,2009,,144,81,Sold,,,https://www.redfin.com/MD/Waldorf/4764-Monterey-Ct-20602/home/23025708,BRIGHT MLS,MDCH2022878,N,Y,38.5828947,-76.9102401
PAST SALE,August-4-2023,Townhouse,5527 Wordsworth,White Plains,MD,20695,465000,3,4.0,STONEHAVEN,2656,1742,2019,,175,67,Sold,,,https://www.redfin.com/MD/White-Plains/5527-Wordsworth-Pl-20695/home/171307689,BRIGHT MLS,MDCH2023932,N,Y,38.5582964,-76.9227684
PAST SALE,July-28-2023,Single Family Residential,15805 Plumage Ln,Waldorf,MD,20601,590000,4,2.5,MALLARD'S POND SUB,2664,130680,1999,,221,,Sold,,,https://www.redfin.com/MD/Waldorf/15805-Plumage-Ln-20601/home/14399669,BRIGHT MLS,MDCH2023732,N,Y,38.5697796,-76.7676013
PAST SALE,June-30-2023,Single Family Residential,9505 Pep Rally Ln,Waldorf,MD,20603,675000,7,3.5,NORTH POINTE SUB,4948,8989,2008,,136,64,Sold,,,https://www.redfin.com/MD/Waldorf/9505-Pep-Rally-Ln-20603/home/18989363,BRIGHT MLS,MDCH2022946,N,Y,38.6362958,-76.9907805
PAST SALE,September-8-2023,Single Family Residential,2119 Gibbons Ct,Waldorf,MD,20602,375000,3,2.0,ST CHARLES SUB - BANNISTER,1506,9002,1978,,249,40,Sold,,,https://www.redfin.com/MD/Waldorf/2119-Gibbons-Ct-20602/home/14408521,BRIGHT MLS,MDCH2025216,N,Y,38.5964366,-76.9072008
PAST SALE,June-16-2023,Single Family Residential,3412 Saint Marys View Rd,Accokeek,MD,20607,590000,5,3.5,THE PRESERVE AT PISCATAWAY,3966,12769,2016,,149,86,Sold,,,https://www.redfin.com/MD/Accokeek/3412-Saint-Marys-View-Rd-20607/home/12481570,BRIGHT MLS,MDPG2078292,N,Y,38.6972055,-76.9477197
PAST SALE,July-24-2023,Townhouse,4058 Tahoe Pl,White Plains,MD,20695,375000,3,4.5,ASPEN WOODS SUB,1922,2550,1997,,195,50,Sold,,,https://www.redfin.com/MD/White-Plains/4058-Tahoe-Pl-20695/home/14423922,BRIGHT MLS,MDCH2022274,N,Y,38.6034893,-76.948046
PAST SALE,July-27-2023,Single Family Residential,3 Bampton,Waldorf,MD,20602,400000,4,2.5,ST CHARLES SUB - CARRINGTON,1991,11950,1974,,201,,Sold,,,https://www.redfin.com/MD/Waldorf/3-Bampton-Ct-20602/home/15153432,BRIGHT MLS,MDCH2023006,N,Y,38.5883059,-76.9186825
PAST SALE,June-23-2023,Townhouse,12239 Timberlake Pl,Waldorf,MD,20601,420000,3,2.5,ADAMS CROSSING,2016,2439,2017,,208,65,Sold,,,https://www.redfin.com/MD/Waldorf/12239-Timberlake-Pl-20601/home/109828993,BRIGHT MLS,MDCH2022330,N,Y,38.6253848,-76.8855291
PAST SALE,July-17-2023,Single Family Residential,108 Jefferson Rd,Waldorf,MD,20602,382000,3,2.0,ST CHARLES SUB - CARRINGTON,2041,12340,1969,,187,,Sold,,,https://www.redfin.com/MD/Waldorf/108-Jefferson-Rd-20602/home/15153413,BRIGHT MLS,MDCH2023110,N,Y,38.6018487,-76.9257961
PAST SALE,April-28-2023,Single Family Residential,2965 Marsh Hawk Dr,Waldorf,MD,20603,495090,4,2.5,MILLBROOK SUB,2480,16270,1992,,200,,Sold,,,https://www.redfin.com/MD/Waldorf/2965-Marsh-Hawk-Dr-20603/home/14408227,BRIGHT MLS,MDCH2021310,N,Y,38.6277767,-76.9241753
PAST SALE,September-14-2023,Single Family Residential,3516 Sugar Maple Ct,Waldorf,MD,20602,429000,4,2.5,ST CHARLES SUB - HUNTINGTON,1852,12258,1984,,232,46,Sold,,,https://www.redfin.com/MD/Waldorf/3516-Sugar-Maple-Ct-20602/home/14381152,BRIGHT MLS,MDCH2025118,N,Y,38.604202,-76.8811716
PAST SALE,May-23-2023,Single Family Residential,4072 Hamlin Ln,Waldorf,MD,20602,365000,4,2.0,ST CHARLES SUB - CARRINGTON,2050,10305,1971,,178,,Sold,,,https://www.redfin.com/MD/Waldorf/4072-Hamlin-Ln-20602/home/14420438,BRIGHT MLS,MDCH2021426,N,Y,38.6006549,-76.9204159
PAST SALE,May-22-2023,Townhouse,4304 Drake Ct,Waldorf,MD,20603,293000,3,1.5,ST CHARLES SUB - LANCASTER,1220,1875,1985,,240,115,Sold,,,https://www.redfin.com/MD/Waldorf/4304-Drake-Ct-20603/home/14385571,BRIGHT MLS,MDCH2021538,N,Y,38.6256859,-76.9299943
PAST SALE,August-23-2023,Single Family Residential,4845 Quade Cir,Waldorf,MD,20602,450000,3,3.0,PINE HILL EST SUB,2512,45302,2000,,179,,Sold,,,https://www.redfin.com/MD/Waldorf/4845-Quade-Cir-20602/home/14419505,BRIGHT MLS,MDCH2024548,N,Y,38.5779443,-76.9005364
PAST SALE,September-19-2023,Single Family Residential,11635 Marston Moor Ln,Waldorf,MD,20602,565000,4,3.5,ST CHARLES SUB - GLENEAGLES,3505,8532,2010,,161,69,Sold,,,https://www.redfin.com/MD/Waldorf/11635-Marston-Moor-Ln-20602/home/23002398,BRIGHT MLS,MDCH2024088,N,Y,38.5772605,-76.9119287
PAST SALE,October-19-2023,Single Family Residential,4180 Gateway Blvd,White Plains,MD,20695,645000,5,3.0,White Plains,3002,236531,1973,,215,,Sold,,,https://www.redfin.com/MD/White-Plains/4180-Gateway-Blvd-20695/home/14393892,BRIGHT MLS,MDCH2026052,N,Y,38.5949988,-76.9439835
PAST SALE,September-22-2023,Single Family Residential,2648 Ulster Ct,Waldorf,MD,20602,405000,4,2.5,ST CHARLES SUB - WAKEFIELD,2016,8000,1979,,201,42,Sold,,,https://www.redfin.com/MD/Waldorf/2648-Ulster-Ct-20602/home/14416243,BRIGHT MLS,MDCH2024934,N,Y,38.5965092,-76.8925656
PAST SALE,August-14-2023,Townhouse,11329-C Snow Owl Pl,Waldorf,MD,20603,355000,4,3.5,MILLBROOK SUB,1920,1742,1994,,185,65,Sold,,,https://www.redfin.com/MD/Waldorf/11329-Snow-Owl-Pl-20603/unit-C/home/14387469,BRIGHT MLS,MDCH2023938,N,Y,38.6299841,-76.9205863
PAST SALE,September-29-2023,Townhouse,2496 Homestead Ct,Waldorf,MD,20601,305000,3,1.5,HOMESTEAD-TANGLEWOOD SUB,1240,2081,1992,,246,55,Sold,,,https://www.redfin.com/MD/Waldorf/2496-Homestead-Ct-20601/home/14373759,BRIGHT MLS,MDCH2024656,N,Y,38.6434476,-76.8993205
PAST SALE,July-21-2023,Single Family Residential,2301 Knotweed Ct,Waldorf,MD,20603,550000,4,3.5,BERRY HILL MANOR SUB,3224,20513,1994,,171,18,Sold,,,https://www.redfin.com/MD/Waldorf/2301-Knotweed-Ct-20603/home/14394561,BRIGHT MLS,MDCH2023016,N,Y,38.6386428,-76.9996993
PAST SALE,April-30-2023,Townhouse,11706 Emily Dickinson Pl,White Plains,MD,20695,422390,3,4.0,ST. CHARLES TOWNS,,1612,2023,,,67,Sold,,,https://www.redfin.com/MD/White-Plains/11706-Emily-Dickinson-Pl-20695/home/181865529,BRIGHT MLS,MDCH2016786,N,Y,38.555846,-76.929732
PAST SALE,October-6-2023,Single Family Residential,541 University Dr,Waldorf,MD,20602,385000,4,1.5,ST CHARLES SUB - CARRINGTON,1689,12039,1974,,228,,Sold,,,https://www.redfin.com/MD/Waldorf/541-University-Dr-20602/home/15153747,BRIGHT MLS,MDCH2025834,N,Y,38.5899367,-76.9174218
PAST SALE,October-3-2023,Single Family Residential,4079 Hamlin Ln,Waldorf,MD,20602,275000,4,2.0,ST CHARLES SUB - CARRINGTON,1645,8436,1971,,167,,Sold,,,https://www.redfin.com/MD/Waldorf/4079-Hamlin-Ln-20602/home/14390465,BRIGHT MLS,MDCH2025698,N,Y,38.6000389,-76.9212038
PAST SALE,September-29-2023,Single Family Residential,11045 Berry Rd,Waldorf,MD,20603,349000,3,1.0,KERR ACRES SUB,888,15681,1940,,393,,Sold,,,https://www.redfin.com/MD/Waldorf/11045-Berry-Rd-20603/home/14389575,BRIGHT MLS,MDCH2025074,N,Y,38.6394004,-76.9289926
PAST SALE,August-1-2023,Single Family Residential,11527 Timberbrook Dr,Waldorf,MD,20601,405000,3,2.5,LYNNBROOK SUB,1424,21605,1984,,284,,Sold,,,https://www.redfin.com/MD/Waldorf/11527-Timberbrook-Dr-20601/home/14402607,BRIGHT MLS,MDCH2023398,N,Y,38.6454084,-76.9098574
PAST SALE,May-31-2023,Townhouse,11717 Sunningdale Pl,Waldorf,MD,20602,350000,2,2.5,ST CHARLES SUB - GLENEAGLES,1420,1980,2012,,246,63,Sold,,,https://www.redfin.com/MD/Waldorf/11717-Sunningdale-Pl-20602/home/50274591,BRIGHT MLS,MDCH2022028,N,Y,38.5779727,-76.90851
PAST SALE,July-24-2023,Single Family Residential,10607 Springknoll Ct,Waldorf,MD,20603,530000,5,3.5,ASHFORD SUB,2920,11230,1999,,182,63,Sold,,,https://www.redfin.com/MD/Waldorf/10607-Springknoll-Ct-20603/home/14405024,BRIGHT MLS,MDCH2022776,N,Y,38.640012,-76.9461442
PAST SALE,July-31-2023,Townhouse,11466 Stockport Pl,White Plains,MD,20695,415000,3,3.0,GLENEAGLES TOWNHOMES,2182,1800,2015,,190,71,Sold,,,https://www.redfin.com/MD/White-Plains/11466-Stockport-Pl-20695/home/64348872,BRIGHT MLS,MDCH2022880,N,Y,38.5647943,-76.9218341
PAST SALE,July-5-2023,Single Family Residential,3159 Krefeld Ln,Waldorf,MD,20603,560000,3,2.5,MIDDLETOWN SOUTH SUB,3272,8233,2015,,171,80,Sold,,,https://www.redfin.com/MD/Waldorf/3159-Krefeld-Ln-20603/home/64348467,BRIGHT MLS,MDCH2022324,N,Y,38.625374,-76.976705
PAST SALE,June-6-2023,Single Family Residential,2600 Meadowsweet Dr,Waldorf,MD,20601,489990,4,3.5,SPRING HAVEN WOODS SUB,2194,13647,1995,,223,66,Sold,,,https://www.redfin.com/MD/Waldorf/2600-Meadowsweet-Dr-20601/home/14379159,BRIGHT MLS,MDCH2021926,N,Y,38.6397649,-76.9233199
PAST SALE,May-30-2023,Townhouse,11699 Emily Dickinson Pl,White Plains,MD,20695,382890,2,3.0,ST. CHARLES TOWNS,1927,1584,2023,,199,67,Sold,,,https://www.redfin.com/MD/White-Plains/11699-Emily-Dickinson-Pl-20695/home/180777358,BRIGHT MLS,MDCH2016192,N,Y,38.556275,-76.929859
PAST SALE,May-3-2023,Single Family Residential,3070 Elsa Ave,Waldorf,MD,20603,560000,5,3.5,SETTLE WOODS SUB,3560,20333,2001,,157,7,Sold,,,https://www.redfin.com/MD/Waldorf/3070-Elsa-Ave-20603/home/14379921,BRIGHT MLS,MDCH2021322,N,Y,38.6237947,-77.031776
PAST SALE,October-4-2023,Townhouse,4450 Eagle Ct,Waldorf,MD,20603,310000,3,1.5,ST CHARLES SUB - LANCASTER,1254,2200,1985,,247,41,Sold,,,https://www.redfin.com/MD/Waldorf/4450-Eagle-Ct-20603/home/14382515,BRIGHT MLS,MDCH2026130,N,Y,38.6279007,-76.9310523
PAST SALE,June-22-2023,Townhouse,10605 Mount Rainier Pl,White Plains,MD,20695,429990,3,3.5,White Plains,2195,3000,,,196,273,Sold,,,https://www.redfin.com/MD/White-Plains/10605-Mount-Rainier-Pl-20695/home/184698032,BRIGHT MLS,MDCH2021048,N,Y,38.5507,-76.927
PAST SALE,September-29-2023,Single Family Residential,507 University Dr,Waldorf,MD,20602,360000,3,1.0,ST CHARLES SUB - CARRINGTON,1377,9576,1972,,261,,Sold,,,https://www.redfin.com/MD/Waldorf/507-University-Dr-20602/home/14375623,BRIGHT MLS,MDCH2026054,N,Y,38.593614,-76.9167914
PAST SALE,August-24-2023,Single Family Residential,2842 Portobello Ct,Waldorf,MD,20603,472000,3,2.5,CARTAGENA HIGHLANDS SUB,2188,13168,1999,,216,15,Sold,,,https://www.redfin.com/MD/Waldorf/2842-Portobello-Ct-20603/home/14401510,BRIGHT MLS,MDCH2024534,N,Y,38.6362265,-77.0194052
PAST SALE,October-13-2023,Townhouse,2108 Tanglewood Dr,Waldorf,MD,20601,285000,2,2.5,TANGLEWOOD TOWNHOMES SUB,1160,2613,1987,,246,35,Sold,,,https://www.redfin.com/MD/Waldorf/2108-Tanglewood-Dr-20601/home/14423768,BRIGHT MLS,MDCH2025662,N,Y,38.646312,-76.8999847
PAST SALE,August-30-2023,Single Family Residential,3806 Molly Miller Ct,Waldorf,MD,20603,379000,3,2.0,ST CHARLES SUB - DORCHESTER,1241,7241,2001,,305,45,Sold,,,https://www.redfin.com/MD/Waldorf/3806-Molly-Miller-Ct-20603/home/14404555,BRIGHT MLS,MDCH2023310,N,Y,38.6065548,-76.942453
PAST SALE,August-25-2023,Single Family Residential,3625 Forest View Dr,Waldorf,MD,20601,485000,3,3.0,BELLEWOOD SUB,2050,111078,1968,,237,,Sold,,,https://www.redfin.com/MD/Waldorf/3625-Forest-View-Dr-20601/home/14383893,BRIGHT MLS,MDCH2024466,N,Y,38.6129421,-76.8510375
PAST SALE,July-18-2023,Single Family Residential,11044 Cambria Ct,White Plains,MD,20695,500000,4,3.0,ST CHARLES SUB - HERITAGE,3020,8012,2006,,166,141,Sold,,,https://www.redfin.com/MD/White-Plains/11044-Cambria-Ct-20695/home/14392640,BRIGHT MLS,MDCH2023400,N,Y,38.5799986,-76.9223969
PAST SALE,April-28-2023,Single Family Residential,3486 Sour Cherry Ct,Waldorf,MD,20602,425000,3,2.0,ST CHARLES SUB - HUNTINGTON,1328,8400,1986,,320,44,Sold,,,https://www.redfin.com/MD/Waldorf/3486-Sour-Cherry-Ct-20602/home/14373600,BRIGHT MLS,MDCH2021028,N,Y,38.6050272,-76.8834685
PAST SALE,July-28-2023,Townhouse,4298 Drake Ct,Waldorf,MD,20603,268000,3,1.5,ST CHARLES SUB - LANCASTER,1220,1875,1986,,220,79,Sold,,,https://www.redfin.com/MD/Waldorf/4298-Drake-Ct-20603/home/14421944,BRIGHT MLS,MDCH2022544,N,Y,38.6256045,-76.9295415
PAST SALE,April-28-2023,Single Family Residential,4304 Shakespeare Cir,White Plains,MD,20695,637640,5,3.5,ST CHARLES,2939,7656,,,217,68,Sold,,,https://www.redfin.com/MD/White-Plains/4304-Shakespeare-Cir-20695/home/183370674,BRIGHT MLS,MDCH2021230,N,Y,38.5565,-76.9224
PAST SALE,September-29-2023,Townhouse,2058 Tanglewood Dr,Waldorf,MD,20601,316000,3,1.5,TANGLEWOOD TOWNHOMES SUB,1120,3328,1988,,282,35,Sold,,,https://www.redfin.com/MD/Waldorf/2058-Tanglewood-Dr-20601/home/14409105,BRIGHT MLS,MDCH2025872,N,Y,38.6448591,-76.9004013
PAST SALE,August-4-2023,Single Family Residential,3574 Threshfield St,White Plains,MD,20695,485000,4,2.5,GREENHAVEN RUN SUB,3068,9612,2011,,158,55,Sold,,,https://www.redfin.com/MD/White-Plains/3574-Threshfield-St-20695/home/23011800,BRIGHT MLS,MDCH2023760,N,Y,38.6140461,-76.9516808
PAST SALE,August-4-2023,Single Family Residential,5304 Moray Ct,Waldorf,MD,20603,458900,4,3.0,ST CHARLES SUB - DORCHESTER,2692,7295,1994,,170,59,Sold,,,https://www.redfin.com/MD/Waldorf/5304-Moray-Ct-20603/home/14407196,BRIGHT MLS,MDCH2024052,N,Y,38.6137193,-76.9434433
PAST SALE,,Townhouse,3210 Careysbrook Ct,Waldorf,MD,20601,460000,,2.5,,2960,2450,2012,,155,,,,,https://www.redfin.com/MD/Waldorf/3210-Careysbrook-Ct-20601/home/50274629,,,N,Y,38.6247034,-76.8857203
PAST SALE,October-20-2023,Townhouse,2743 Red Lion Pl,Waldorf,MD,20602,295000,3,1.5,ST CHARLES SUB - WAKEFIELD,1188,1540,1979,,248,60,Sold,,,https://www.redfin.com/MD/Waldorf/2743-Red-Lion-Pl-20602/home/14376857,BRIGHT MLS,MDCH2026084,N,Y,38.5973495,-76.8889629
PAST SALE,September-28-2023,Single Family Residential,4734 Leonardtown Rd,Waldorf,MD,20601,325000,3,1.0,FOREST PARK SUB,1032,43560,1947,,315,,Sold,,,https://www.redfin.com/MD/Waldorf/4734-Leonardtown-Rd-20601/home/14417942,BRIGHT MLS,MDCH2025322,N,Y,38.593459,-76.8685603
PAST SALE,August-10-2023,Single Family Residential,2324 Kanegis Dr,Waldorf,MD,20603,585000,6,3.5,KANEGIS SUB,4041,15008,2000,,145,63,Sold,,,https://www.redfin.com/MD/Waldorf/2324-Kanegis-Dr-20603/home/14402626,BRIGHT MLS,MDCH2024142,N,Y,38.6469632,-76.9484849
PAST SALE,May-5-2023,Single Family Residential,9881 Leighland Ct,Waldorf,MD,20603,658000,4,4.5,LEIGHLAND MEADOWS,4533,11028,2012,,145,66,Sold,,,https://www.redfin.com/MD/Waldorf/9881-Leighland-Ct-20603/home/40016925,BRIGHT MLS,MDCH2021500,N,Y,38.6497497,-76.9735097
PAST SALE,,Townhouse,4515 Grouse Pl,Waldorf,MD,20603,289000,,2.5,,1120,1800,1984,,258,,,,,https://www.redfin.com/MD/Waldorf/4515-Grouse-Pl-20603/home/14414358,,,N,Y,38.6273646,-76.9330781
PAST SALE,September-29-2023,Townhouse,4271 Queen Ct,Waldorf,MD,20602,295500,3,1.0,ST CHARLES SUB - BANNISTER,1020,1020,1976,,290,22,Sold,,,https://www.redfin.com/MD/Waldorf/4271-Queen-Ct-20602/home/14418932,BRIGHT MLS,MDCH2025850,N,Y,38.5916532,-76.8969226
PAST SALE,June-1-2023,Townhouse,11759 Palm Desert Pl,Waldorf,MD,20602,392000,3,2.5,ST CHARLES SUB - GLENEAGLES,1700,2004,2011,,231,69,Sold,,,https://www.redfin.com/MD/Waldorf/11759-Palm-Desert-Pl-20602/home/44628748,BRIGHT MLS,MDCH2022042,N,Y,38.5742954,-76.9076132
PAST SALE,July-21-2023,Single Family Residential,1113 Stone Ct,Waldorf,MD,20602,349999,3,1.5,ST CHARLES SUB - CARRINGTON,1510,11950,1968,,232,,Sold,,,https://www.redfin.com/MD/Waldorf/1113-Stone-Ct-20602/home/14422207,BRIGHT MLS,MDCH2022764,N,Y,38.6004563,-76.9170616
PAST SALE,August-30-2023,Townhouse,11464 Leland Pl,Waldorf,MD,20601,385000,4,3.5,STANFORD SUB,2148,2100,1998,,179,78,Sold,,,https://www.redfin.com/MD/Waldorf/11464-Leland-Pl-20601/home/14406577,BRIGHT MLS,MDCH2023934,N,Y,38.6404832,-76.9146415
PAST SALE,August-16-2023,Single Family Residential,4685 Duley Dr,White Plains,MD,20695,550000,5,4.0,CLEVELAND PARK EST SUB,3132,75794,1979,,176,,Sold,,,https://www.redfin.com/MD/White-Plains/4685-Duley-Dr-20695/home/14387055,BRIGHT MLS,MDCH2024792,N,Y,38.5848586,-76.9318514
PAST SALE,June-2-2023,Single Family Residential,2702 Homecoming Ln,Waldorf,MD,20603,615000,4,3.5,NORTH POINTE SUB,3416,8494,2013,,180,60,Sold,,,https://www.redfin.com/MD/Waldorf/2702-Homecoming-Ln-20603/home/64347986,BRIGHT MLS,MDCH2022258,N,Y,38.6337633,-76.9867852
PAST SALE,August-4-2023,Townhouse,2408 Ferrell Ct,Waldorf,MD,20602,270000,3,1.0,ST CHARLES SUB - BANNISTER,1056,,1977,,256,32,Sold,,,https://www.redfin.com/MD/Waldorf/2408-Ferrell-Ct-20602/home/14380623,BRIGHT MLS,MDCH2024258,N,Y,38.5991001,-76.9081688
PAST SALE,July-27-2023,Townhouse,4658 Grosbeak Pl,Waldorf,MD,20603,260000,3,1.5,ST CHARLES SUB - LANCASTER,1160,2700,1986,,224,74,Sold,,,https://www.redfin.com/MD/Waldorf/4658-Grosbeak-Pl-20603/home/14424221,BRIGHT MLS,MDCH2023458,N,Y,38.6278324,-76.9364995
PAST SALE,June-26-2023,Single Family Residential,9796 Leighland Ct,Waldorf,MD,20603,676000,5,4.5,LEIGHLAND MEADOWS,4790,7480,2013,,141,106,Sold,,,https://www.redfin.com/MD/Waldorf/9796-Leighland-Ct-20603/home/40016839,BRIGHT MLS,MDCH2022514,N,Y,38.6488484,-76.9760524
PAST SALE,October-9-2023,Single Family Residential,4127 Dunlin Ct,Waldorf,MD,20603,350000,4,2.5,ST CHARLES SUB - LANCASTER,2116,11733,1986,,165,,Sold,,,https://www.redfin.com/MD/Waldorf/4127-Dunlin-Ct-20603/home/14388701,BRIGHT MLS,MDCH2026622,N,Y,38.6246909,-76.9325041
PAST SALE,August-25-2023,Townhouse,6092 Red Squirrel Pl,Waldorf,MD,20603,296000,3,2.5,ST CHARLES SUB - HAMPSHIRE,1504,2296,1988,,197,139,Sold,,,https://www.redfin.com/MD/Waldorf/6092-Red-Squirrel-Pl-20603/home/14400314,BRIGHT MLS,MDCH2023740,N,Y,38.6206359,-76.9494639
PAST SALE,July-19-2023,Single Family Residential,12433 Sub Station Rd,Waldorf,MD,20601,500000,5,3.5,CHARLES COUNTY,2836,14357,2006,,176,,Sold,,,https://www.redfin.com/MD/Waldorf/12433-Sub-Station-Rd-20601/home/14376378,BRIGHT MLS,MDCH2022700,N,Y,38.6501262,-76.8778162
PAST SALE,August-15-2023,Townhouse,11391 Sandhurst Pl,White Plains,MD,20695,439000,3,3.0,GLENEAGLES SOUTH,2210,2380,2015,,199,73,Sold,,,https://www.redfin.com/MD/White-Plains/11391-Sandhurst-Pl-20695/home/64348905,BRIGHT MLS,MDCH2024090,N,Y,38.5657514,-76.9213839
PAST SALE,April-28-2023,Townhouse,11137 Southport Pl,White Plains,MD,20695,410000,3,3.0,GLENEAGLES AT ST CHARLES,2160,1960,2017,,190,100,Sold,,,https://www.redfin.com/MD/White-Plains/11137-Southport-Pl-20695/home/113605271,BRIGHT MLS,MDCH2020804,N,Y,38.5619528,-76.924074
PAST SALE,July-3-2023,Townhouse,3250 Green Cove Pl,Waldorf,MD,20601,399900,3,3.0,ADAMS CROSSING,1974,1998,2014,,203,65,Sold,,,https://www.redfin.com/MD/Waldorf/3250-Green-Cove-Pl-20601/home/52925283,BRIGHT MLS,MDCH2022632,N,Y,38.62352,-76.884599
PAST SALE,August-31-2023,Townhouse,4106 Hatley Pl,White Plains,MD,20695,425440,3,3.0,ST. CHARLES,2544,2047,2023,,167,67,Sold,,,https://www.redfin.com/MD/White-Plains/4106-Hatley-Pl-20695/home/183000368,BRIGHT MLS,MDCH2021360,N,Y,38.5587,-76.9219
PAST SALE,July-7-2023,Single Family Residential,11572 Lantern Ln,Waldorf,MD,20601,430000,3,2.0,LYNNBROOK SUB,1705,14984,1994,,252,,Sold,,,https://www.redfin.com/MD/Waldorf/11572-Lantern-Ln-20601/home/14416518,BRIGHT MLS,MDCH2023870,N,Y,38.644799,-76.9066154
PAST SALE,July-28-2023,Single Family Residential,5527 Mighty Casey Ct,Waldorf,MD,20602,660000,6,4.5,ST CHARLES SUB - FIELDSIDE,4812,8933,2015,,137,53,Sold,,,https://www.redfin.com/MD/Waldorf/5527-Mighty-Casey-Ct-20602/home/85690174,BRIGHT MLS,MDCH2024174,N,Y,38.5595631,-76.9041388
PAST SALE,July-12-2023,Single Family Residential,10474 Danwin Ct,Waldorf,MD,20601,515000,4,2.5,MEADOWLAND SUB,2624,17496,1994,,196,21,Sold,,,https://www.redfin.com/MD/Waldorf/10474-Danwin-Ct-20601/home/14385892,BRIGHT MLS,MDCH2023080,N,Y,38.649836,-76.9468194
PAST SALE,June-20-2023,Townhouse,3140 Heathcote Rd,Waldorf,MD,20602,240000,2,1.0,ST CHARLES SUB - HUNTINGTON,1002,1196,1984,,240,80,Sold,,,https://www.redfin.com/MD/Waldorf/3140-Heathcote-Rd-20602/home/14375389,BRIGHT MLS,MDCH2022320,N,Y,38.6092943,-76.8922737
PAST SALE,June-29-2023,Single Family Residential,12101 Pelham Ct,Waldorf,MD,20602,487000,5,4.5,ST CHARLES SUB - SHEFFIELD,3972,10188,2006,,123,86,Sold,,,https://www.redfin.com/MD/Waldorf/12101-Pelham-Ct-20602/home/14412028,BRIGHT MLS,MDCH2021440,N,Y,38.5888729,-76.9133695
PAST SALE,September-26-2023,Single Family Residential,2457 Tuckahoe Ct,Waldorf,MD,20601,479000,4,3.5,SPRING HAVEN WOODS SUB,3093,12541,1995,,155,40,Sold,,,https://www.redfin.com/MD/Waldorf/2457-Tuckahoe-Ct-20601/home/14390356,BRIGHT MLS,MDCH2025364,N,Y,38.6425115,-76.921609
PAST SALE,,Townhouse,4115 Hatley Pl,White Plains,MD,20695,478890,,,,,2309,,,,,,,,https://www.redfin.com/MD/White-Plains/4115-Hatley-Pl-20695/home/184730721,,,N,Y,38.5587,-76.9219
PAST SALE,July-25-2023,Single Family Residential,4778 Harrier Ct,Waldorf,MD,20603,407000,3,2.5,ST CHARLES SUB - LANCASTER,1592,7982,1989,,256,46,Sold,,,https://www.redfin.com/MD/Waldorf/4778-Harrier-Ct-20603/home/14374576,BRIGHT MLS,MDCH2023406,N,Y,38.6267332,-76.9384465
PAST SALE,October-23-2023,Single Family Residential,4259 Mockingbird Cir,Waldorf,MD,20603,385000,3,2.0,ST CHARLES SUB - LANCASTER,1473,7918,1986,,261,48,Sold,,,https://www.redfin.com/MD/Waldorf/4259-Mockingbird-Cir-20603/home/14408134,BRIGHT MLS,MDCH2026294,N,Y,38.6206543,-76.9384915
PAST SALE,June-30-2023,Townhouse,2759 Red Lion Pl,Waldorf,MD,20602,300000,3,1.5,ST CHARLES SUB - WAKEFIELD,1188,1540,1979,,253,65,Sold,,,https://www.redfin.com/MD/Waldorf/2759-Red-Lion-Pl-20602/home/14391666,BRIGHT MLS,MDCH2023486,N,Y,38.5976513,-76.889402
PAST SALE,August-17-2023,Single Family Residential,10571 Sourwood Ave,Waldorf,MD,20603,535000,4,3.5,AUTUMN HILLS SUB,2972,8923,2006,,180,25,Sold,,,https://www.redfin.com/MD/Waldorf/10571-Sourwood-Ave-20603/home/14378070,BRIGHT MLS,MDCH2022810,N,Y,38.6315191,-76.939797
PAST SALE,July-7-2023,Single Family Residential,2275 Progress Ct,Waldorf,MD,20601,470000,4,2.5,XENOPHON'S TEN THOUSAND SUB,2626,12000,1998,,179,,Sold,,,https://www.redfin.com/MD/Waldorf/2275-Progress-Ct-20601/home/14386316,BRIGHT MLS,MDCH2022824,N,Y,38.6493033,-76.8778387
PAST SALE,May-16-2023,Single Family Residential,2964 Jones Ct,Waldorf,MD,20602,468000,6,3.5,ST CHARLES SUB - BANNISTER,2704,14082,1979,,173,56,Sold,,,https://www.redfin.com/MD/Waldorf/2964-Jones-Ct-20602/home/14377505,BRIGHT MLS,MDCH2021764,N,Y,38.5970924,-76.904454
PAST SALE,October-20-2023,Townhouse,10577 Mount Rainier Pl,White Plains,MD,20695,415990,3,2.5,White Plains,2172,2875,2023,,192,273,Sold,,,https://www.redfin.com/MD/White-Plains/10577-Mount-Rainier-Pl-20695/home/184730376,BRIGHT MLS,MDCH2023668,N,Y,38.5507,-76.927
PAST SALE,May-2-2023,Townhouse,3011 Heathcote Rd,Waldorf,MD,20602,276000,3,1.5,ST CHARLES SUB - HUNTINGTON,1034,940,1982,,267,59,Sold,,,https://www.redfin.com/MD/Waldorf/3011-Heathcote-Rd-20602/home/14400520,BRIGHT MLS,MDCH2021454,N,Y,38.6082457,-76.8943332
PAST SALE,May-31-2023,Single Family Residential,2067 Sagramore Ln,Waldorf,MD,20601,645000,4,3.5,SCOTLAND HEIGHTS,4945,6055,2017,,130,55,Sold,,,https://www.redfin.com/MD/Waldorf/2067-Sagramore-Ln-20601/home/64348722,BRIGHT MLS,MDCH2020150,N,Y,38.6553052,-76.9706294
PAST SALE,August-14-2023,Single Family Residential,12000 Castle Pines Ln,Waldorf,MD,20602,393750,4,4.5,ST CHARLES SUB - SHEFFIELD,2947,7135,2005,,134,93,Sold,,,https://www.redfin.com/MD/Waldorf/12000-Castle-Pines-Ln-20602/home/14415327,BRIGHT MLS,MDCH2019864,N,Y,38.5876326,-76.905985
PAST SALE,October-18-2023,Townhouse,3223 Careysbrook Ct,Waldorf,MD,20601,455000,3,2.5,ADAMS CROSSING,2393,2450,2012,,190,65,Sold,,,https://www.redfin.com/MD/Waldorf/3223-Careysbrook-Ct-20601/home/50274649,BRIGHT MLS,MDCH2026094,N,Y,38.6243436,-76.8851236
PAST SALE,April-28-2023,Single Family Residential,4264 Shakespeare Cir,White Plains,MD,20695,643290,4,4.5,ST CHARLES,4037,6826,,,159,68,Sold,,,https://www.redfin.com/MD/White-Plains/4264-Shakespeare-Cir-20695/home/183370780,BRIGHT MLS,MDCH2021226,N,Y,38.5565,-76.9224
PAST SALE,September-21-2023,Single Family Residential,200 Garner Ave,Waldorf,MD,20602,392000,4,3.0,ST CHARLES SUB - CARRINGTON,1776,16020,1966,,221,,Sold,,,https://www.redfin.com/MD/Waldorf/200-Garner-Ave-20602/home/14404067,BRIGHT MLS,MDCH2025234,N,Y,38.6043554,-76.9205285
PAST SALE,September-29-2023,Townhouse,11388 Sandhurst Pl,White Plains,MD,20695,441500,3,3.0,GLENEAGLES SOUTH,2308,2378,2014,,191,71,Sold,,,https://www.redfin.com/MD/White-Plains/11388-Sandhurst-Pl-20695/home/59254632,BRIGHT MLS,MDCH2025332,N,Y,38.566145,-76.921654
PAST SALE,July-28-2023,Single Family Residential,3449-B Elderberry Pl,Waldorf,MD,20602,395000,3,2.5,ST CHARLES SUB - HUNTINGTON,1544,6640,1983,,256,86,Sold,,,https://www.redfin.com/MD/Waldorf/3449-Elderberry-Pl-20602/unit-B/home/14398111,BRIGHT MLS,MDCH2023982,N,Y,38.6088553,-76.8834685
PAST SALE,May-25-2023,Single Family Residential,4317 Shakespeare Cir,White Plains,MD,20695,602790,4,3.5,ST. CHARLES,2598,8151,,,232,68,Sold,,,https://www.redfin.com/MD/White-Plains/4317-Shakespeare-Cir-20695/home/184620313,BRIGHT MLS,MDCH2021232,N,Y,38.5565,-76.9224
PAST SALE,July-24-2023,Single Family Residential,2249 Sandalwood Dr,Waldorf,MD,20601,415000,3,2.5,BRIARWOOD SUB,1568,16900,1978,,265,,Sold,,,https://www.redfin.com/MD/Waldorf/2249-Sandalwood-Dr-20601/home/14411539,BRIGHT MLS,MDCH2023386,N,Y,38.6518606,-76.9558218
PAST SALE,August-7-2023,Single Family Residential,2527 Lisa Dr,Waldorf,MD,20601,408100,4,3.0,PINEFIELD SUB,2086,10200,1970,,196,,Sold,,,https://www.redfin.com/MD/Waldorf/2527-Lisa-Dr-20601/home/15155468,BRIGHT MLS,MDCH2023144,N,Y,38.6481095,-76.8698215
PAST SALE,October-20-2023,Townhouse,3791 Merseyside Pl,Waldorf,MD,20602,412000,3,3.5,ST CHARLES SUB - HUNTINGTON,2362,1600,2002,,174,60,Sold,,,https://www.redfin.com/MD/Waldorf/3791-Merseyside-Pl-20602/home/14391459,BRIGHT MLS,MDCH2026100,N,Y,38.6124584,-76.9000298
PAST SALE,October-20-2023,Townhouse,12002 Silver Spur Pl,Waldorf,MD,20601,315000,3,2.5,ACTON VILLAGE SUB,1296,1600,1995,,243,60,Sold,,,https://www.redfin.com/MD/Waldorf/12002-Silver-Spur-Pl-20601/home/14418088,BRIGHT MLS,MDCH2026022,N,Y,38.6414747,-76.9018985
PAST SALE,July-3-2023,Single Family Residential,5025 Royal Birkdale Ave,Waldorf,MD,20602,570500,5,3.5,ST CHARLES SUB - GLENEAGLES,3711,11640,2012,,154,69,Sold,,,https://www.redfin.com/MD/Waldorf/5025-Royal-Birkdale-Ave-20602/home/28498366,BRIGHT MLS,MDCH2022790,N,Y,38.5734818,-76.909182
PAST SALE,September-19-2023,Townhouse,725 Brandon Cir,Waldorf,MD,20602,310000,3,1.5,ST CHARLES SUB - HUNTINGTON,1056,5557,1979,,294,33,Sold,,,https://www.redfin.com/MD/Waldorf/725-Brandon-Cir-20602/home/14411984,BRIGHT MLS,MDCH2025456,N,Y,38.6063825,-76.904015
PAST SALE,May-10-2023,Single Family Residential,131 Jefferson Rd,Waldorf,MD,20602,430000,4,2.5,ST CHARLES SUB - CARRINGTON,2619,11313,1969,,164,,Sold,,,https://www.redfin.com/MD/Waldorf/131-Jefferson-Rd-20602/home/14386670,BRIGHT MLS,MDCH2021576,N,Y,38.6020769,-76.9231848
PAST SALE,May-12-2023,Townhouse,5311 Halibut Pl,Waldorf,MD,20603,341000,3,2.5,ST CHARLES SUB - DORCHESTER,1792,1760,1992,,190,70,Sold,,,https://www.redfin.com/MD/Waldorf/5311-Halibut-Pl-20603/home/14390863,BRIGHT MLS,MDCH2021972,N,Y,38.616628,-76.937423
PAST SALE,June-15-2023,Single Family Residential,3613 Lupton Ct,White Plains,MD,20695,535000,4,2.5,WORTHINGTON SUB,2628,7918,2014,,204,57,Sold,,,https://www.redfin.com/MD/White-Plains/3613-Lupton-Ct-20695/home/23012168,BRIGHT MLS,MDCH2021722,N,Y,38.6124935,-76.9654087
PAST SALE,September-5-2023,Single Family Residential,722 University Dr,Waldorf,MD,20602,381000,3,1.5,ST CHARLES SUB - CARRINGTON,1689,11651,1975,,226,,Sold,,,https://www.redfin.com/MD/Waldorf/722-University-Dr-20602/home/14384752,BRIGHT MLS,MDCH2025050,N,Y,38.591106,-76.9213389
PAST SALE,July-7-2023,Single Family Residential,2913 Crestview Ct,Waldorf,MD,20603,523000,4,2.5,LAUREL BRANCH SUB,2944,24432,1987,,178,18,Sold,,,https://www.redfin.com/MD/Waldorf/2913-Crestview-Ct-20603/home/14394049,BRIGHT MLS,MDCH2023160,N,Y,38.6329547,-77.0042886
PAST SALE,April-28-2023,Townhouse,11714 Emily Dickinson Pl,White Plains,MD,20695,437390,3,4.0,ST. CHARLES TOWNS,,1612,2023,,,67,Sold,,,https://www.redfin.com/MD/White-Plains/11714-Emily-Dickinson-Pl-20695/home/180464212,BRIGHT MLS,MDCH2020930,N,Y,38.555754,-76.929505
PAST SALE,July-17-2023,Single Family Residential,10340 Stewards Chance Ln,White Plains,MD,20695,645050,4,4.0,GREENHAVEN RUN SUB,4561,9109,2006,,141,55,Sold,,,https://www.redfin.com/MD/White-Plains/10340-Stewards-Chance-Ln-20695/home/14414136,BRIGHT MLS,MDCH2023208,N,Y,38.6117756,-76.9529861
PAST SALE,July-27-2023,Single Family Residential,4741 Hummingbird Dr,Waldorf,MD,20603,395000,3,2.5,ST CHARLES SUB - LANCASTER,1864,12972,1986,,212,59,Sold,,,https://www.redfin.com/MD/Waldorf/4741-Hummingbird-Dr-20603/home/14423147,BRIGHT MLS,MDCH2023030,N,Y,38.627908,-76.9395719
PAST SALE,June-22-2023,Townhouse,3814 Lakewood Pl,Waldorf,MD,20602,365000,3,2.5,LAKEWOOD EST SUB,1490,1517,1995,,245,74,Sold,,,https://www.redfin.com/MD/Waldorf/3814-Lakewood-Pl-20602/home/14408274,BRIGHT MLS,MDCH2022334,N,Y,38.6106623,-76.8806649
PAST SALE,August-22-2023,Townhouse,10696 Jacksonhole Pl,White Plains,MD,20695,360000,3,3.5,ASPEN WOODS SUB,2016,1306,1999,,179,79,Sold,,,https://www.redfin.com/MD/White-Plains/10696-Jacksonhole-Pl-20695/home/14392274,BRIGHT MLS,MDCH2023412,N,Y,38.5994117,-76.9464499
PAST SALE,May-26-2023,Single Family Residential,6150 Humpback Whale Ct,Waldorf,MD,20603,450000,4,2.5,ST CHARLES SUB - HAMPSHIRE,2444,7208,1989,,184,46,Sold,,,https://www.redfin.com/MD/Waldorf/6150-Humpback-Whale-Ct-20603/home/14424520,BRIGHT MLS,MDCH2021268,N,Y,38.6265343,-76.9627083
PAST SALE,May-31-2023,Single Family Residential,3672 Clairton St,Waldorf,MD,20603,575000,4,3.5,BRENTWOOD SUB,3295,7632,2012,,175,65,Sold,,,https://www.redfin.com/MD/Waldorf/3672-Clairton-St-20603/home/22680747,BRIGHT MLS,MDCH2021938,N,Y,38.6207553,-77.0050985
PAST SALE,October-13-2023,Single Family Residential,2155 Freemantle Ct,Waldorf,MD,20602,285000,2,1.0,ST CHARLES SUB - WAKEFIELD,810,6000,1983,,352,42,Sold,,,https://www.redfin.com/MD/Waldorf/2155-Freemantle-Ct-20602/home/14397853,BRIGHT MLS,MDCH2025854,N,Y,38.6007827,-76.890449
PAST SALE,May-10-2023,Single Family Residential,12100 Silver Maple Dr,Waldorf,MD,20601,433500,4,2.5,MARBELLA SUB,1940,15093,1977,,223,,Sold,,,https://www.redfin.com/MD/Waldorf/12100-Silver-Maple-Dr-20601/home/14422451,BRIGHT MLS,MDCH2021610,N,Y,38.6538723,-76.890404
PAST SALE,May-30-2023,Townhouse,6908 Caribou Ct,Waldorf,MD,20603,330000,3,2.5,ST CHARLES SUB - HAMPSHIRE,1320,5075,1988,,250,35,Sold,,,https://www.redfin.com/MD/Waldorf/6908-Caribou-Ct-20603/home/14394864,BRIGHT MLS,MDCH2021568,N,Y,38.6179978,-76.9582891
PAST SALE,August-28-2023,Single Family Residential,10029 Wamsley Ct,White Plains,MD,20695,557000,4,3.5,WORTHINGTON SUB,2934,8713,2005,,190,65,Sold,,,https://www.redfin.com/MD/White-Plains/10029-Wamsley-Ct-20695/home/14382939,BRIGHT MLS,MDCH2024562,N,Y,38.6123059,-76.9641035
PAST SALE,June-21-2023,Single Family Residential,2666 Sun Valley Dr,Waldorf,MD,20603,430000,4,2.5,SUN VALLEY EST SUB,2000,20219,1971,,215,,Sold,,,https://www.redfin.com/MD/Waldorf/2666-Sun-Valley-Dr-20603/home/14383930,BRIGHT MLS,MDCH2022894,N,Y,38.6383962,-76.9347101
PAST SALE,August-10-2023,Single Family Residential,9706 Cadwell St,Waldorf,MD,20603,490000,4,2.5,CHARLES CROSSING SUB,2084,7757,2003,,235,92,Sold,,,https://www.redfin.com/MD/Waldorf/9706-Cadwell-St-20603/home/14401317,BRIGHT MLS,MDCH2023686,N,Y,38.631755,-76.9607729
PAST SALE,May-23-2023,Single Family Residential,2980 Saint Peters Church Rd,Waldorf,MD,20601,400000,3,2.0,PINEWOOD SUB,2233,104544,1967,,179,,Sold,,,https://www.redfin.com/MD/Waldorf/2980-Saint-Peters-Church-Rd-20601/home/14405935,BRIGHT MLS,MDCH2020164,N,Y,38.629575,-76.8492872
PAST SALE,June-15-2023,Townhouse,3321 Jesmond Ct,Waldorf,MD,20602,275000,3,1.5,ST CHARLES SUB - HUNTINGTON,1085,6763,1980,,253,20,Sold,,,https://www.redfin.com/MD/Waldorf/3321-Jesmond-Ct-20602/home/14396395,BRIGHT MLS,MDCH2021746,N,Y,38.6081913,-76.9001536
PAST SALE,October-25-2023,Single Family Residential,3642 Lupton Ct,White Plains,MD,20695,550000,4,3.5,WORTHINGTON SUB,3005,8025,2011,,183,57,Sold,,,https://www.redfin.com/MD/White-Plains/3642-Lupton-Ct-20695/home/23012165,BRIGHT MLS,MDCH2024748,N,Y,38.6113136,-76.9642385
PAST SALE,June-23-2023,Single Family Residential,1501 Nicholas Rd,Waldorf,MD,20601,370000,3,2.0,PINEFIELD SUB,1628,11245,1972,,227,,Sold,,,https://www.redfin.com/MD/Waldorf/1501-Nicholas-Rd-20601/home/14392965,BRIGHT MLS,MDCH2022772,N,Y,38.6543353,-76.8622542
PAST SALE,June-30-2023,Single Family Residential,8636 Queensway Ct,White Plains,MD,20695,590000,4,4.5,KINGSVIEW SUB,3588,10763,2005,,164,84,Sold,,,https://www.redfin.com/MD/White-Plains/8636-Queensway-Ct-20695/home/14400018,BRIGHT MLS,MDCH2022858,N,Y,38.617366,-77.0305165
PAST SALE,October-20-2023,Townhouse,9837 Ushers Pl,Waldorf,MD,20601,425000,3,2.5,SCOTLAND HEIGHTS,2181,1481,2014,,195,60,Sold,,,https://www.redfin.com/MD/Waldorf/9837-Ushers-Pl-20601/home/56804177,BRIGHT MLS,MDCH2025528,N,Y,38.655013,-76.9716983
PAST SALE,June-9-2023,Townhouse,11859 Oak Manor Dr #23,Waldorf,MD,20601,185000,3,1.5,OAK MANOR TWN HSE CONDO SUB,1116,,1975,,166,197,Sold,,,https://www.redfin.com/MD/Waldorf/11859-Oak-Manor-Dr-20601/unit-23/home/14385373,BRIGHT MLS,MDCH2020662,N,Y,38.6284924,-76.9031669
PAST SALE,July-21-2023,Townhouse,11395 Tolkien Ave,White Plains,MD,20695,416000,3,2.0,GLENEAGLES AT ST CHARLES,2508,1917,2018,,166,70,Sold,,,https://www.redfin.com/MD/White-Plains/11395-Tolkien-Ave-20695/home/167592769,BRIGHT MLS,MDCH2023320,N,Y,38.5570622,-76.9195267
PAST SALE,September-19-2023,Townhouse,2310 Love Pl,Waldorf,MD,20601,380000,4,3.5,SOMERSET SUB,1740,1875,1997,,218,63,Sold,,,https://www.redfin.com/MD/Waldorf/2310-Love-Pl-20601/home/14377499,BRIGHT MLS,MDCH2024852,N,Y,38.6520353,-76.9622694
PAST SALE,August-4-2023,Single Family Residential,3149 Apple Creek Ln,Waldorf,MD,20603,520000,5,3.0,LAUREL BRANCH SUB,3084,30500,1985,,169,18,Sold,,,https://www.redfin.com/MD/Waldorf/3149-Apple-Creek-Ln-20603/home/14422720,BRIGHT MLS,MDCH2023046,N,Y,38.6307498,-76.9983044
PAST SALE,May-8-2023,Single Family Residential,3436 Linden Grove Dr,Waldorf,MD,20603,585000,4,3.5,LINDEN GROVE,3886,8865,2012,,151,66,Sold,,,https://www.redfin.com/MD/Waldorf/3436-Linden-Grove-Dr-20603/home/23009469,BRIGHT MLS,MDCH2020138,N,Y,38.6171043,-76.9987994
PAST SALE,September-20-2023,Single Family Residential,8333 Venture Dr,Waldorf,MD,20603,468000,4,2.5,EUTAW FOREST SUB,2080,25533,1985,,225,6,Sold,,,https://www.redfin.com/MD/Waldorf/8333-Venture-Dr-20603/home/14402728,BRIGHT MLS,MDCH2024386,N,Y,38.6284777,-77.026468
PAST SALE,September-8-2023,Townhouse,11207-F Barnswallow Pl,Waldorf,MD,20603,377400,3,3.0,MILLBROOK SUB,2364,4043,1990,,160,103,Sold,,,https://www.redfin.com/MD/Waldorf/11207-Barnswallow-Pl-20603/unit-F/home/14406581,BRIGHT MLS,MDCH2025558,N,Y,38.6259556,-76.9232876
PAST SALE,September-6-2023,Townhouse,4005 Bluebird Dr,Waldorf,MD,20603,310000,3,2.0,ST CHARLES SUB - LANCASTER,1336,2400,1984,,232,128,Sold,,,https://www.redfin.com/MD/Waldorf/4005-Bluebird-Dr-20603/home/14376234,BRIGHT MLS,MDCH2024502,N,Y,38.6211503,-76.9323148
PAST SALE,May-25-2023,Single Family Residential,2622 Homecoming Ln,Waldorf,MD,20603,635000,5,4.5,NORTH POINTE SUB,4146,11500,2013,,153,119,Sold,,,https://www.redfin.com/MD/Waldorf/2622-Homecoming-Ln-20603/home/50274580,BRIGHT MLS,MDCH2021498,N,Y,38.6306567,-76.9847827
PAST SALE,June-29-2023,Townhouse,3292 Westdale Ct,Waldorf,MD,20601,289000,2,2.5,ACTON VILLAGE SUB,1300,1500,1987,,222,57,Sold,,,https://www.redfin.com/MD/Waldorf/3292-Westdale-Ct-20601/home/14413056,BRIGHT MLS,MDCH2021518,N,Y,38.6389437,-76.9020449
PAST SALE,October-6-2023,Townhouse,470 Thistle Pl,Waldorf,MD,20601,310000,3,1.5,TANGLEWOOD TOWNHOMES SUB,1160,2178,1990,,267,35,Sold,,,https://www.redfin.com/MD/Waldorf/470-Thistle-Pl-20601/home/14375070,BRIGHT MLS,MDCH2025136,N,Y,38.6467475,-76.9000173
PAST SALE,May-26-2023,Single Family Residential,2626 Oakley Dr,Waldorf,MD,20602,400000,4,2.5,ST CHARLES SUB - WAKEFIELD,1900,13830,1979,,211,19,Sold,,,https://www.redfin.com/MD/Waldorf/2626-Oakley-Dr-20602/home/14398602,BRIGHT MLS,MDCH2022316,N,Y,38.5957428,-76.8922054
PAST SALE,September-26-2023,Townhouse,1590 Pin Oak Dr,Waldorf,MD,20601,310000,3,1.5,WHITE OAK VILLAGE SUB,1120,1800,1984,,277,70,Sold,,,https://www.redfin.com/MD/Waldorf/1590-Pin-Oak-Dr-20601/home/14395759,BRIGHT MLS,MDCH2025356,N,Y,38.6442379,-76.8738554
PAST SALE,September-8-2023,Single Family Residential,2763 Tyburn Oaks Ct,Waldorf,MD,20601,460000,4,3.5,TYBURN OAKS SUB,2367,8700,2000,,194,28,Sold,,,https://www.redfin.com/MD/Waldorf/2763-Tyburn-Oaks-Ct-20601/home/14423841,BRIGHT MLS,MDCH2025396,N,Y,38.6501127,-76.9051745
PAST SALE,July-24-2023,Townhouse,6152 Sea Lion Pl,Waldorf,MD,20603,352000,4,3.5,ST CHARLES SUB - HAMPSHIRE,1859,,1989,,189,100,Sold,,,https://www.redfin.com/MD/Waldorf/6152-Sea-Lion-Pl-20603/home/14417340,BRIGHT MLS,MDCH2023554,N,Y,38.6198842,-76.9473596
PAST SALE,October-13-2023,Single Family Residential,1808 Oak Dr,Waldorf,MD,20601,400000,3,3.0,WHITE OAK VILLAGE SUB,1728,14505,1980,,231,16,Sold,,,https://www.redfin.com/MD/Waldorf/1808-Oak-Dr-20601/home/14424835,BRIGHT MLS,MDCH2025386,N,Y,38.6460756,-76.8799105
PAST SALE,August-17-2023,Single Family Residential,2419 Pinefield Rd,Waldorf,MD,20601,419999,4,2.0,PINEFIELD SUB,1822,11693,1977,,231,,Sold,,,https://www.redfin.com/MD/Waldorf/2419-Pinefield-Rd-20601/home/14417868,BRIGHT MLS,MDCH2024708,N,Y,38.6471622,-76.8572541
PAST SALE,October-3-2023,Single Family Residential,4033 Aydon Pl,White Plains,MD,20695,642590,5,4.5,ST. CHARLES,3813,7667,,,169,67,Sold,,,https://www.redfin.com/MD/White-Plains/4033-Aydon-Pl-20695/home/184730725,BRIGHT MLS,MDCH2025134,N,Y,38.5614284,-76.9318162
PAST SALE,May-3-2023,Single Family Residential,4249 Mockingbird Cir,Waldorf,MD,20603,385000,3,2.0,ST CHARLES SUB - LANCASTER,1457,5500,1987,,264,56,Sold,,,https://www.redfin.com/MD/Waldorf/4249-Mockingbird-Cir-20603/home/14377891,BRIGHT MLS,MDCH2021266,N,Y,38.6209099,-76.9375462
PAST SALE,July-17-2023,Single Family Residential,5606 Daniel Cir,Waldorf,MD,20601,475000,4,3.0,PINEFIELD SUB,2122,12134,1975,,224,,Sold,,,https://www.redfin.com/MD/Waldorf/5606-Daniel-Cir-20601/home/14377494,BRIGHT MLS,MDCH2023114,N,Y,38.6504577,-76.8589659
PAST SALE,July-14-2023,Single Family Residential,931 Sloan Ave,Waldorf,MD,20602,350000,3,1.5,ST CHARLES SUB - CARRINGTON,1689,11460,1967,,207,,Sold,,,https://www.redfin.com/MD/Waldorf/931-Sloan-Ave-20602/home/14376431,BRIGHT MLS,MDCH2023636,N,Y,38.6067993,-76.9139999
PAST SALE,May-25-2023,Single Family Residential,4318 Shakespeare Cir,White Plains,MD,20695,644590,4,3.5,ST CHARLES,3532,7667,,,183,68,Sold,,,https://www.redfin.com/MD/White-Plains/4318-Shakespeare-Cir-20695/home/183787187,BRIGHT MLS,MDCH2021412,N,Y,38.5565,-76.9224
PAST SALE,May-31-2023,Single Family Residential,2272 Westwood Dr,Waldorf,MD,20601,481000,6,3.0,WESTWOOD EST SUB,2400,34147,1972,,200,,Sold,,,https://www.redfin.com/MD/Waldorf/2272-Westwood-Dr-20601/home/14386720,BRIGHT MLS,MDCH2021736,N,Y,38.6515762,-76.9395945
PAST SALE,October-20-2023,Townhouse,4166 Brodie Pl,White Plains,MD,20695,424890,3,2.5,ST CHARLES,2544,2047,2023,,167,68,Sold,,,https://www.redfin.com/MD/White-Plains/4166-Brodie-Pl-20695/home/184730653,BRIGHT MLS,MDCH2026788,N,Y,38.56277476,-76.93041271
PAST SALE,August-18-2023,Single Family Residential,1742 Temi Dr,Waldorf,MD,20601,420000,3,3.0,PINEFIELD SUB,1792,10080,1975,,234,,Sold,,,https://www.redfin.com/MD/Waldorf/1742-Temi-Dr-20601/home/14421746,BRIGHT MLS,MDCH2023384,N,Y,38.6559089,-76.859101
PAST SALE,July-19-2023,Single Family Residential,2111 Dennis Rd,Waldorf,MD,20601,450000,4,3.0,PINEFIELD SUB,2350,12953,1973,,191,,Sold,,,https://www.redfin.com/MD/Waldorf/2111-Dennis-Rd-20601/home/15155520,BRIGHT MLS,MDCH2022698,N,Y,38.6525946,-76.8674793
PAST SALE,October-6-2023,Townhouse,2647 Rooks Head Pl,Waldorf,MD,20602,280000,3,1.5,ST CHARLES SUB - WAKEFIELD,1188,1650,1981,,236,62,Sold,,,https://www.redfin.com/MD/Waldorf/2647-Rooks-Head-Pl-20602/home/14418619,BRIGHT MLS,MDCH2025786,N,Y,38.5960805,-76.8915411
PAST SALE,August-25-2023,Single Family Residential,9861 Frankfurt Dr,Waldorf,MD,20603,628000,5,4.5,MIDDLETOWN SOUTH,4598,8729,2010,,137,82,Sold,,,https://www.redfin.com/MD/Waldorf/9861-Frankfurt-Dr-20603/home/23008750,BRIGHT MLS,MDCH2024326,N,Y,38.6258178,-76.9717095
PAST SALE,April-28-2023,Single Family Residential,2408 Pimpernel Dr,Waldorf,MD,20603,600000,4,3.5,BERRY HILL MANOR SUB,4666,27264,1991,,129,18,Sold,,,https://www.redfin.com/MD/Waldorf/2408-Pimpernel-Dr-20603/home/14420139,BRIGHT MLS,MDCH2020692,N,Y,38.6428623,-77.0016171
PAST SALE,July-31-2023,Single Family Residential,4103 Brewster Way,Waldorf,MD,20601,405000,4,2.0,PINEFIELD SUB,1582,13858,1971,,256,,Sold,,,https://www.redfin.com/MD/Waldorf/4103-Brewster-Way-20601/home/14379379,BRIGHT MLS,MDCH2024256,N,Y,38.6455351,-76.8638307
PAST SALE,July-31-2023,Single Family Residential,4001 Oakley Dr,Waldorf,MD,20602,400000,4,2.0,ST CHARLES SUB - BANNISTER,1656,9498,1977,,242,41,Sold,,,https://www.redfin.com/MD/Waldorf/4001-Oakley-Dr-20602/home/14413750,BRIGHT MLS,MDCH2024206,N,Y,38.594028,-76.8941418
PAST SALE,July-12-2023,Single Family Residential,1275 Bannister Cir,Waldorf,MD,20602,360000,3,2.0,ST CHARLES SUB - BANNISTER,1560,10513,1976,,231,39,Sold,,,https://www.redfin.com/MD/Waldorf/1275-Bannister-Cir-20602/home/14414956,BRIGHT MLS,MDCH2023176,N,Y,38.5921802,-76.904499
PAST SALE,July-14-2023,Single Family Residential,16606 Bealle Hill Rd,Waldorf,MD,20601,684900,3,2.5,CEDARLAWN,3104,87120,1920,,221,,Sold,,,https://www.redfin.com/MD/Waldorf/16606-Bealle-Hill-Rd-20601/home/10576582,BRIGHT MLS,MDPG2075944,N,Y,38.6612559,-76.9931043
PAST SALE,September-29-2023,Single Family Residential,5614 Wahoo Ct,Waldorf,MD,20603,457500,4,3.0,ST CHARLES SUB - DORCHESTER,2024,7368,1992,,226,57,Sold,,,https://www.redfin.com/MD/Waldorf/5614-Wahoo-Ct-20603/home/14398841,BRIGHT MLS,MDCH2026108,N,Y,38.6157049,-76.9442536
PAST SALE,June-13-2023,Townhouse,1628 Pin Oak Dr,Waldorf,MD,20601,208000,3,1.5,WHITE OAK VILLAGE SUB,1120,1800,1983,,186,70,Sold,,,https://www.redfin.com/MD/Waldorf/1628-Pin-Oak-Dr-20601/home/14413311,BRIGHT MLS,MDCH2021776,N,Y,38.6429484,-76.8745759
PAST SALE,June-29-2023,Townhouse,5327 Rockingham Pl E #75,White Plains,MD,20695,439000,3,3.0,GLENEAGLES TOWNHOMES,2210,2800,2015,,199,80,Sold,,,https://www.redfin.com/MD/White-Plains/5327-Rockingham-Pl-20695/unit-75/home/68161132,BRIGHT MLS,MDCH2022956,N,Y,38.5654506,-76.9226445
PAST SALE,,Single Family Residential,9370 Frances St Unit F,Waldorf,MD,20603,364000,,2.0,,1642,20908,1964,,222,,,,,https://www.redfin.com/MD/Waldorf/9370-Frances-St-20603/unit-F/home/14423267,,,N,Y,38.6359665,-76.9863898
PAST SALE,April-28-2023,Single Family Residential,2739 Pinewood Dr,Waldorf,MD,20601,450000,4,3.0,PINEFIELD SUB,2086,15789,1978,,216,,Sold,,,https://www.redfin.com/MD/Waldorf/2739-Pinewood-Dr-20601/home/14378454,BRIGHT MLS,MDCH2020976,N,Y,38.6523644,-76.8550243
PAST SALE,July-21-2023,Single Family Residential,911 Truro Ln,Waldorf,MD,20601,335000,3,2.0,PINEFIELD SUB,1560,12947,1976,,215,,Sold,,,https://www.redfin.com/MD/Waldorf/911-Truro-Ln-20601/home/14420384,BRIGHT MLS,MDCH2023376,N,Y,38.6540179,-76.8718484
PAST SALE,June-26-2023,Single Family Residential,2022 Alehouse Ct,Waldorf,MD,20602,380000,3,2.0,ST CHARLES SUB - WAKEFIELD,1294,10336,1979,,294,47,Sold,,,https://www.redfin.com/MD/Waldorf/2022-Alehouse-Ct-20602/home/14380733,BRIGHT MLS,MDCH2023028,N,Y,38.6045161,-76.8938716
PAST SALE,July-21-2023,Townhouse,4820 Olympia Pl,Waldorf,MD,20602,370000,3,2.5,ST CHARLES SUB - SHEFFIELD,1732,2234,2009,,214,90,Sold,,,https://www.redfin.com/MD/Waldorf/4820-Olympia-Pl-20602/home/22999114,BRIGHT MLS,MDCH2023348,N,Y,38.581785,-76.9112983
PAST SALE,,Townhouse,11531 Charlotte Bronte Ln,White Plains,MD,20695,450000,,,,2400,2004,2022,,188,,,,,https://www.redfin.com/MD/White-Plains/11531-Charlotte-Bronte-Ln-20695/home/178435267,,,N,Y,38.557266,-76.928162
PAST SALE,June-6-2023,Townhouse,3133 Heathcote Rd,Waldorf,MD,20602,253000,3,1.5,ST CHARLES SUB - HUNTINGTON,1002,871,1984,,252,79,Sold,,,https://www.redfin.com/MD/Waldorf/3133-Heathcote-Rd-20602/home/14404664,BRIGHT MLS,MDCH2022068,N,Y,38.609655,-76.8921941
PAST SALE,June-20-2023,Townhouse,3317 Westdale Ct,Waldorf,MD,20601,350000,4,3.5,ACTON VILLAGE SUB,1932,1800,1990,,181,57,Sold,,,https://www.redfin.com/MD/Waldorf/3317-Westdale-Ct-20601/home/14398263,BRIGHT MLS,MDCH2022906,N,Y,38.6393044,-76.9003225
PAST SALE,August-24-2023,Single Family Residential,4554 Coachmans Path Ct,Waldorf,MD,20601,660000,5,3.5,COACHMAN'S PATH,2960,44867,2017,,223,40,Sold,,,https://www.redfin.com/MD/Waldorf/4554-Coachmans-Path-Ct-20601/home/23002433,BRIGHT MLS,MDCH2024300,N,Y,38.5797261,-76.8170209
PAST SALE,August-23-2023,Townhouse,3222 Westdale Ct,Waldorf,MD,20601,295200,2,2.5,ACTON VILLAGE SUB,1312,1500,1986,,225,57,Sold,,,https://www.redfin.com/MD/Waldorf/3222-Westdale-Ct-20601/home/14408867,BRIGHT MLS,MDCH2024850,N,Y,38.6398355,-76.9046679
PAST SALE,June-8-2023,Single Family Residential,3472 Linden Grove Dr,Waldorf,MD,20603,585000,4,3.5,LINDEN GROVE,4000,8570,2011,,146,50,Sold,,,https://www.redfin.com/MD/Waldorf/3472-Linden-Grove-Dr-20603/home/23009456,BRIGHT MLS,MDCH2021858,N,Y,38.61524,-76.9983494
PAST SALE,May-26-2023,Townhouse,11267 Tolkien Ave,White Plains,MD,20695,475000,3,3.0,GLENEAGLES,2772,3093,2019,,171,67,Sold,,,https://www.redfin.com/MD/White-Plains/11267-Tolkien-Ave-20695/home/167592712,BRIGHT MLS,MDCH2021718,N,Y,38.5581868,-76.9198418
PAST SALE,October-4-2023,Townhouse,10895 Saint Patricks Park Aly,Waldorf,MD,20603,415000,3,2.5,WESTCHESTER SQUARE,1956,2396,2017,,212,125,Sold,,,https://www.redfin.com/MD/Waldorf/10895-Saint-Patricks-Park-Aly-20603/home/109828894,BRIGHT MLS,MDCH2025192,N,Y,38.6091621,-76.9405623
PAST SALE,May-23-2023,Single Family Residential,9619 Pep Rally Ln,Waldorf,MD,20603,576500,4,3.5,NORTH POINTE SUB,4119,8276,2016,,140,60,Sold,,,https://www.redfin.com/MD/Waldorf/9619-Pep-Rally-Ln-20603/home/109828921,BRIGHT MLS,MDCH2021092,N,Y,38.6318465,-76.9894401
PAST SALE,May-31-2023,Single Family Residential,1702 Saint James Rd,Accokeek,MD,20607,1150000,5,5.5,ST JAMES-PLAT 1>,7723,87120,2020,,149,117,Sold,,,https://www.redfin.com/MD/Accokeek/1702-Saint-James-Rd-20607/home/11146132,BRIGHT MLS,MDPG2072858,N,Y,38.688641,-76.9739823
PAST SALE,July-26-2023,Single Family Residential,4928 Gallant Green Rd,Waldorf,MD,20601,417000,3,2.0,Waldorf,1680,46609,1961,,248,,Sold,,,https://www.redfin.com/MD/Waldorf/4928-Gallant-Green-Rd-20601/home/14410089,BRIGHT MLS,MDCH2020154,N,Y,38.5769428,-76.7958403
PAST SALE,May-3-2023,Single Family Residential,5017 Nicholas Rd,Waldorf,MD,20601,460000,4,3.0,PINEFIELD SUB,2048,10080,1973,,225,,Sold,,,https://www.redfin.com/MD/Waldorf/5017-Nicholas-Rd-20601/home/15155560,BRIGHT MLS,MDCH2021592,N,Y,38.6493282,-76.8603623
PAST SALE,October-16-2023,Single Family Residential,4051 Parker Ct,Waldorf,MD,20602,360000,3,1.5,ST CHARLES SUB - BANNISTER,1560,11516,1976,,231,43,Sold,,,https://www.redfin.com/MD/Waldorf/4051-Parker-Ct-20602/home/14380936,BRIGHT MLS,MDCH2023942,N,Y,38.5927673,-76.8965286
PAST SALE,May-1-2023,Single Family Residential,2717 Pinewood Dr,Waldorf,MD,20601,300000,3,2.0,PINEFIELD SUB,1544,10120,1975,,194,,Sold,,,https://www.redfin.com/MD/Waldorf/2717-Pinewood-Dr-20601/home/14421262,BRIGHT MLS,MDCH2020326,N,Y,38.6522038,-76.8587406
PAST SALE,October-13-2023,Townhouse,11516 Scotch Hills Pl,Waldorf,MD,20602,412000,3,3.0,ST CHARLES SUB - SHEFFIELD,2068,2042,2007,,199,125,Sold,,,https://www.redfin.com/MD/Waldorf/11516-Scotch-Hills-Pl-20602/home/15152782,BRIGHT MLS,MDCH2025460,N,Y,38.5876239,-76.914105
PAST SALE,July-28-2023,Single Family Residential,2952 Eutaw Forest Dr,Waldorf,MD,20603,499999,4,2.5,EUTAW FOREST SUB,2442,34493,1985,,205,6,Sold,,,https://www.redfin.com/MD/Waldorf/2952-Eutaw-Forest-Dr-20603/home/14413231,BRIGHT MLS,MDCH2021668,N,Y,38.6281465,-77.0299767
PAST SALE,September-19-2023,Single Family Residential,12734 Pearson Dr,Waldorf,MD,20602,435000,4,3.0,CHARLES CO GARDENS SUB,2218,16988,1965,,196,,Sold,,,https://www.redfin.com/MD/Waldorf/12734-Pearson-Dr-20602/home/14404317,BRIGHT MLS,MDCH2024902,N,Y,38.588744,-76.868172
PAST SALE,June-29-2023,Single Family Residential,11770 Sir Walter Scott Ct,White Plains,MD,20695,637240,5,4.5,ST. CHARLES,3528,7579,2023,,181,68,Sold,,,https://www.redfin.com/MD/White-Plains/11770-Sir-Walter-Scott-Ct-20695/home/184731697,BRIGHT MLS,MDCH2022402,N,Y,38.5542664,-76.9294703
